activity_id,student_id,course_code,semester,assignment_submissions,quiz_attempts,forum_posts,lms_login_count,learning_hours_weekly
LMS_STU_10001_CS101,STU_10001,CS101,1,1,2,0,14,3.09
LMS_STU_10001_DS201,STU_10001,DS201,4,1,1,1,13,3.57
LMS_STU_10001_MA102,STU_10001,MA102,3,4,2,1,22,3.63
LMS_STU_10001_SE301,STU_10001,SE301,4,2,3,1,12,2.09
LMS_STU_10002_CS101,STU_10002,CS101,4,5,4,9,31,13.62
LMS_STU_10002_DS201,STU_10002,DS201,3,4,8,3,64,14.35
LMS_STU_10002_MA102,STU_10002,MA102,1,4,5,4,72,13.69
LMS_STU_10002_SE301,STU_10002,SE301,4,5,7,6,42,12.59
LMS_STU_10003_CS101,STU_10003,CS101,4,5,6,5,51,6.14
LMS_STU_10003_DS201,STU_10003,DS201,3,5,5,3,39,5.12
LMS_STU_10003_MA102,STU_10003,MA102,2,5,7,5,73,7.69
LMS_STU_10003_SE301,STU_10003,SE301,2,5,4,4,63,5.57
LMS_STU_10004_CS101,STU_10004,CS101,1,5,4,7,66,10.93
LMS_STU_10004_DS201,STU_10004,DS201,2,5,6,2,32,14.51
LMS_STU_10004_MA102,STU_10004,MA102,2,4,8,3,34,8.81
LMS_STU_10004_SE301,STU_10004,SE301,4,4,6,3,61,10.07
LMS_STU_10005_CS101,STU_10005,CS101,4,4,4,4,56,11.51
LMS_STU_10005_DS201,STU_10005,DS201,1,5,7,10,51,11.51
LMS_STU_10005_MA102,STU_10005,MA102,4,4,6,1,73,10.81
LMS_STU_10005_SE301,STU_10005,SE301,3,4,5,4,50,6.68
LMS_STU_10006_CS101,STU_10006,CS101,1,4,1,2,12,1.73
LMS_STU_10006_DS201,STU_10006,DS201,1,4,1,1,15,3.79
LMS_STU_10006_MA102,STU_10006,MA102,2,4,1,0,23,2.78
LMS_STU_10006_SE301,STU_10006,SE301,3,3,2,1,16,3.51
LMS_STU_10007_CS101,STU_10007,CS101,4,4,4,4,41,9.32
LMS_STU_10007_DS201,STU_10007,DS201,4,5,7,4,65,12.81
LMS_STU_10007_MA102,STU_10007,MA102,2,4,8,2,73,14.22
LMS_STU_10007_SE301,STU_10007,SE301,1,5,5,9,49,11.98
LMS_STU_10008_CS101,STU_10008,CS101,1,5,8,8,51,14.59
LMS_STU_10008_DS201,STU_10008,DS201,4,5,5,2,65,6.22
LMS_STU_10008_MA102,STU_10008,MA102,1,4,8,8,47,9.63
LMS_STU_10008_SE301,STU_10008,SE301,1,4,4,2,40,14.65
LMS_STU_10009_CS101,STU_10009,CS101,3,5,6,7,30,7.17
LMS_STU_10009_DS201,STU_10009,DS201,2,4,4,3,34,9.89
LMS_STU_10009_MA102,STU_10009,MA102,1,5,4,5,41,12.03
LMS_STU_10009_SE301,STU_10009,SE301,2,5,6,9,64,10.51
LMS_STU_10010_CS101,STU_10010,CS101,1,5,8,3,31,9.15
LMS_STU_10010_DS201,STU_10010,DS201,1,5,4,7,52,6.3
LMS_STU_10010_MA102,STU_10010,MA102,4,4,7,2,65,13.88
LMS_STU_10010_SE301,STU_10010,SE301,1,4,8,6,44,5.97
LMS_STU_10011_CS101,STU_10011,CS101,1,1,1,1,15,3.39
LMS_STU_10011_DS201,STU_10011,DS201,1,2,2,2,15,1.89
LMS_STU_10011_MA102,STU_10011,MA102,1,1,1,2,24,3.89
LMS_STU_10011_SE301,STU_10011,SE301,2,1,3,2,12,3.58
LMS_STU_10012_CS101,STU_10012,CS101,3,4,4,5,54,11.16
LMS_STU_10012_DS201,STU_10012,DS201,1,4,7,1,59,9.95
LMS_STU_10012_MA102,STU_10012,MA102,4,4,4,5,53,5.49
LMS_STU_10012_SE301,STU_10012,SE301,1,5,5,6,44,7.41
LMS_STU_10013_CS101,STU_10013,CS101,2,5,4,2,55,12.1
LMS_STU_10013_DS201,STU_10013,DS201,4,4,6,2,32,8.12
LMS_STU_10013_MA102,STU_10013,MA102,3,5,4,8,45,5.35
LMS_STU_10013_SE301,STU_10013,SE301,3,4,6,2,43,7.21
LMS_STU_10014_CS101,STU_10014,CS101,2,4,8,7,58,7.03
LMS_STU_10014_DS201,STU_10014,DS201,2,5,4,8,49,5.93
LMS_STU_10014_MA102,STU_10014,MA102,2,5,8,7,56,8.37
LMS_STU_10014_SE301,STU_10014,SE301,2,4,5,7,44,11.61
LMS_STU_10015_CS101,STU_10015,CS101,3,5,6,4,44,11.05
LMS_STU_10015_DS201,STU_10015,DS201,3,4,4,1,80,10.53
LMS_STU_10015_MA102,STU_10015,MA102,1,5,5,7,61,8.61
LMS_STU_10015_SE301,STU_10015,SE301,1,5,7,9,45,11.48
LMS_STU_10016_CS101,STU_10016,CS101,3,4,2,0,10,2.06
LMS_STU_10016_DS201,STU_10016,DS201,3,3,2,2,19,2.47
LMS_STU_10016_MA102,STU_10016,MA102,3,2,1,0,13,3.41
LMS_STU_10016_SE301,STU_10016,SE301,1,2,1,0,10,1.74
LMS_STU_10017_CS101,STU_10017,CS101,3,4,8,9,65,14.31
LMS_STU_10017_DS201,STU_10017,DS201,1,5,4,10,37,13.52
LMS_STU_10017_MA102,STU_10017,MA102,3,4,7,6,37,14.19
LMS_STU_10017_SE301,STU_10017,SE301,2,5,7,8,70,8.54
LMS_STU_10018_CS101,STU_10018,CS101,1,5,7,2,55,11.48
LMS_STU_10018_DS201,STU_10018,DS201,2,5,5,10,73,9.31
LMS_STU_10018_MA102,STU_10018,MA102,4,5,5,1,39,13.88
LMS_STU_10018_SE301,STU_10018,SE301,3,5,4,1,44,8.83
LMS_STU_10019_CS101,STU_10019,CS101,3,4,6,8,54,12.52
LMS_STU_10019_DS201,STU_10019,DS201,1,5,6,3,76,14.64
LMS_STU_10019_MA102,STU_10019,MA102,4,4,8,8,48,8.37
LMS_STU_10019_SE301,STU_10019,SE301,1,5,6,10,53,8.55
LMS_STU_10020_CS101,STU_10020,CS101,1,4,5,10,31,14.8
LMS_STU_10020_DS201,STU_10020,DS201,3,5,7,4,50,9.25
LMS_STU_10020_MA102,STU_10020,MA102,3,4,7,3,67,7.54
LMS_STU_10020_SE301,STU_10020,SE301,4,4,4,10,31,10.65
LMS_STU_10021_CS101,STU_10021,CS101,2,3,2,0,13,2.16
LMS_STU_10021_DS201,STU_10021,DS201,4,3,2,0,14,3.59
LMS_STU_10021_MA102,STU_10021,MA102,4,1,2,1,13,2.73
LMS_STU_10021_SE301,STU_10021,SE301,4,1,1,0,21,1.92
LMS_STU_10022_CS101,STU_10022,CS101,3,4,4,4,46,12.43
LMS_STU_10022_DS201,STU_10022,DS201,4,5,5,3,64,5.28
LMS_STU_10022_MA102,STU_10022,MA102,3,5,4,8,53,7.66
LMS_STU_10022_SE301,STU_10022,SE301,1,4,7,4,58,11.14
LMS_STU_10023_CS101,STU_10023,CS101,3,5,8,3,65,6.14
LMS_STU_10023_DS201,STU_10023,DS201,2,4,5,10,77,9.06
LMS_STU_10023_MA102,STU_10023,MA102,1,4,8,3,67,9.23
LMS_STU_10023_SE301,STU_10023,SE301,3,5,4,3,33,12.81
LMS_STU_10024_CS101,STU_10024,CS101,4,5,7,5,76,9.09
LMS_STU_10024_DS201,STU_10024,DS201,4,5,6,8,65,13.17
LMS_STU_10024_MA102,STU_10024,MA102,4,4,6,1,65,7.61
LMS_STU_10024_SE301,STU_10024,SE301,3,4,4,5,45,12.94
LMS_STU_10025_CS101,STU_10025,CS101,2,5,7,1,67,10.79
LMS_STU_10025_DS201,STU_10025,DS201,2,5,4,1,39,10.21
LMS_STU_10025_MA102,STU_10025,MA102,3,4,6,4,63,11.76
LMS_STU_10025_SE301,STU_10025,SE301,2,5,6,3,30,7.46
LMS_STU_10026_CS101,STU_10026,CS101,4,3,3,0,13,3.65
LMS_STU_10026_DS201,STU_10026,DS201,1,3,1,2,16,3.52
LMS_STU_10026_MA102,STU_10026,MA102,1,3,1,0,23,2.72
LMS_STU_10026_SE301,STU_10026,SE301,1,2,1,0,19,1.55
LMS_STU_10027_CS101,STU_10027,CS101,4,5,7,7,67,6.42
LMS_STU_10027_DS201,STU_10027,DS201,1,4,4,6,30,13.45
LMS_STU_10027_MA102,STU_10027,MA102,1,5,4,10,52,14.78
LMS_STU_10027_SE301,STU_10027,SE301,3,5,6,5,31,13.5
LMS_STU_10028_CS101,STU_10028,CS101,1,5,5,9,59,12.98
LMS_STU_10028_DS201,STU_10028,DS201,4,4,8,5,45,6.16
LMS_STU_10028_MA102,STU_10028,MA102,3,5,7,8,57,11.08
LMS_STU_10028_SE301,STU_10028,SE301,4,4,8,7,41,12.37
LMS_STU_10029_CS101,STU_10029,CS101,2,4,7,4,40,14.63
LMS_STU_10029_DS201,STU_10029,DS201,2,5,4,4,73,13.62
LMS_STU_10029_MA102,STU_10029,MA102,1,4,6,7,55,12.65
LMS_STU_10029_SE301,STU_10029,SE301,1,5,4,4,49,6.91
LMS_STU_10030_CS101,STU_10030,CS101,4,5,8,4,39,14.49
LMS_STU_10030_DS201,STU_10030,DS201,4,5,8,2,71,11.33
LMS_STU_10030_MA102,STU_10030,MA102,4,4,6,2,67,6.03
LMS_STU_10030_SE301,STU_10030,SE301,1,4,6,3,45,9.28
LMS_STU_10031_CS101,STU_10031,CS101,2,4,2,2,16,2.66
LMS_STU_10031_DS201,STU_10031,DS201,1,1,1,0,18,1.98
LMS_STU_10031_MA102,STU_10031,MA102,1,2,2,2,25,3.29
LMS_STU_10031_SE301,STU_10031,SE301,4,2,2,0,12,1.77
LMS_STU_10032_CS101,STU_10032,CS101,3,5,7,3,31,9.45
LMS_STU_10032_DS201,STU_10032,DS201,3,5,8,8,80,12.5
LMS_STU_10032_MA102,STU_10032,MA102,3,5,4,5,50,14.32
LMS_STU_10032_SE301,STU_10032,SE301,4,5,7,4,34,11.52
LMS_STU_10033_CS101,STU_10033,CS101,4,5,8,3,55,9.02
LMS_STU_10033_DS201,STU_10033,DS201,4,4,4,9,71,10.23
LMS_STU_10033_MA102,STU_10033,MA102,3,4,8,4,32,6.25
LMS_STU_10033_SE301,STU_10033,SE301,3,5,8,2,55,8.74
LMS_STU_10034_CS101,STU_10034,CS101,4,4,8,9,33,13.9
LMS_STU_10034_DS201,STU_10034,DS201,3,4,8,10,32,12.51
LMS_STU_10034_MA102,STU_10034,MA102,2,5,6,7,75,6.85
LMS_STU_10034_SE301,STU_10034,SE301,2,5,4,8,43,7.62
LMS_STU_10035_CS101,STU_10035,CS101,4,4,8,8,43,12.64
LMS_STU_10035_DS201,STU_10035,DS201,4,4,4,5,66,6.95
LMS_STU_10035_MA102,STU_10035,MA102,1,4,5,8,38,12.63
LMS_STU_10035_SE301,STU_10035,SE301,2,4,6,6,30,11.5
LMS_STU_10036_CS101,STU_10036,CS101,1,2,2,2,13,3.14
LMS_STU_10036_DS201,STU_10036,DS201,4,3,2,1,18,2.95
LMS_STU_10036_MA102,STU_10036,MA102,4,2,3,2,23,2.89
LMS_STU_10036_SE301,STU_10036,SE301,1,2,1,2,25,3.12
LMS_STU_10037_CS101,STU_10037,CS101,2,5,8,2,65,5.75
LMS_STU_10037_DS201,STU_10037,DS201,3,4,8,3,53,11.88
LMS_STU_10037_MA102,STU_10037,MA102,2,4,5,2,42,8.98
LMS_STU_10037_SE301,STU_10037,SE301,1,5,4,4,45,10.04
LMS_STU_10038_CS101,STU_10038,CS101,1,5,8,8,55,5.13
LMS_STU_10038_DS201,STU_10038,DS201,4,5,8,1,60,6.6
LMS_STU_10038_MA102,STU_10038,MA102,3,4,4,6,74,5.3
LMS_STU_10038_SE301,STU_10038,SE301,1,5,7,9,34,6.74
LMS_STU_10039_CS101,STU_10039,CS101,2,5,8,4,68,11.48
LMS_STU_10039_DS201,STU_10039,DS201,3,4,4,9,39,14.66
LMS_STU_10039_MA102,STU_10039,MA102,2,5,8,2,47,9.26
LMS_STU_10039_SE301,STU_10039,SE301,3,4,8,6,45,13.28
LMS_STU_10040_CS101,STU_10040,CS101,4,4,5,3,32,9.39
LMS_STU_10040_DS201,STU_10040,DS201,3,5,4,2,51,9.32
LMS_STU_10040_MA102,STU_10040,MA102,2,4,4,7,61,10.53
LMS_STU_10040_SE301,STU_10040,SE301,1,5,7,8,32,14.95
LMS_STU_10041_CS101,STU_10041,CS101,3,1,1,2,10,2.14
LMS_STU_10041_DS201,STU_10041,DS201,4,1,1,0,16,3.39
LMS_STU_10041_MA102,STU_10041,MA102,2,3,3,1,19,2.76
LMS_STU_10041_SE301,STU_10041,SE301,4,2,1,1,23,3.26
LMS_STU_10042_CS101,STU_10042,CS101,4,4,5,8,59,14.69
LMS_STU_10042_DS201,STU_10042,DS201,1,5,5,10,71,11.87
LMS_STU_10042_MA102,STU_10042,MA102,1,4,7,9,66,13.6
LMS_STU_10042_SE301,STU_10042,SE301,1,5,6,8,48,5.74
LMS_STU_10043_CS101,STU_10043,CS101,4,5,5,7,55,14.31
LMS_STU_10043_DS201,STU_10043,DS201,2,4,7,6,56,12.81
LMS_STU_10043_MA102,STU_10043,MA102,3,5,5,6,60,9.53
LMS_STU_10043_SE301,STU_10043,SE301,4,5,8,3,74,11.09
LMS_STU_10044_CS101,STU_10044,CS101,3,4,7,2,64,14.73
LMS_STU_10044_DS201,STU_10044,DS201,2,5,6,5,64,13.76
LMS_STU_10044_MA102,STU_10044,MA102,2,4,8,7,32,7.82
LMS_STU_10044_SE301,STU_10044,SE301,3,5,6,1,41,8.51
LMS_STU_10045_CS101,STU_10045,CS101,4,5,4,3,37,14.86
LMS_STU_10045_DS201,STU_10045,DS201,2,5,8,9,64,14.13
LMS_STU_10045_MA102,STU_10045,MA102,4,4,4,4,58,12.21
LMS_STU_10045_SE301,STU_10045,SE301,2,4,8,5,30,7.23
LMS_STU_10046_CS101,STU_10046,CS101,1,3,1,1,18,1.73
LMS_STU_10046_DS201,STU_10046,DS201,2,4,3,2,10,2.78
LMS_STU_10046_MA102,STU_10046,MA102,4,3,2,0,10,2.81
LMS_STU_10046_SE301,STU_10046,SE301,1,4,1,1,16,3.06
LMS_STU_10047_CS101,STU_10047,CS101,2,4,5,3,69,8.04
LMS_STU_10047_DS201,STU_10047,DS201,2,5,6,10,48,6.82
LMS_STU_10047_MA102,STU_10047,MA102,1,4,7,6,58,8.64
LMS_STU_10047_SE301,STU_10047,SE301,3,5,6,9,54,7.12
LMS_STU_10048_CS101,STU_10048,CS101,2,4,4,8,72,12.48
LMS_STU_10048_DS201,STU_10048,DS201,1,5,7,1,51,14.91
LMS_STU_10048_MA102,STU_10048,MA102,4,4,8,5,37,5.51
LMS_STU_10048_SE301,STU_10048,SE301,4,4,4,7,54,13.28
LMS_STU_10049_CS101,STU_10049,CS101,4,4,6,4,35,9.41
LMS_STU_10049_DS201,STU_10049,DS201,4,4,5,5,48,11.94
LMS_STU_10049_MA102,STU_10049,MA102,4,5,8,2,62,5.85
LMS_STU_10049_SE301,STU_10049,SE301,2,4,7,10,58,8.28
LMS_STU_10050_CS101,STU_10050,CS101,3,5,6,7,80,5.17
LMS_STU_10050_DS201,STU_10050,DS201,2,5,5,7,31,8.73
LMS_STU_10050_MA102,STU_10050,MA102,2,4,6,10,75,10.89
LMS_STU_10050_SE301,STU_10050,SE301,4,5,7,1,64,12.04
LMS_STU_10051_CS101,STU_10051,CS101,1,4,2,2,11,2.22
LMS_STU_10051_DS201,STU_10051,DS201,3,1,1,1,17,3.84
LMS_STU_10051_MA102,STU_10051,MA102,4,3,2,0,14,3.5
LMS_STU_10051_SE301,STU_10051,SE301,4,1,3,0,24,3.03
LMS_STU_10052_CS101,STU_10052,CS101,2,4,8,4,31,11.01
LMS_STU_10052_DS201,STU_10052,DS201,3,5,5,2,73,6.63
LMS_STU_10052_MA102,STU_10052,MA102,2,5,6,6,58,11.07
LMS_STU_10052_SE301,STU_10052,SE301,1,4,7,3,51,9.01
LMS_STU_10053_CS101,STU_10053,CS101,4,4,5,1,54,11.41
LMS_STU_10053_DS201,STU_10053,DS201,4,5,7,9,42,9.42
LMS_STU_10053_MA102,STU_10053,MA102,1,5,4,1,48,5.99
LMS_STU_10053_SE301,STU_10053,SE301,4,5,7,8,54,14.97
LMS_STU_10054_CS101,STU_10054,CS101,3,4,5,3,47,13.7
LMS_STU_10054_DS201,STU_10054,DS201,4,5,5,8,35,10.89
LMS_STU_10054_MA102,STU_10054,MA102,4,5,6,8,67,14.82
LMS_STU_10054_SE301,STU_10054,SE301,2,4,8,5,51,7.64
LMS_STU_10055_CS101,STU_10055,CS101,1,4,8,10,74,7.78
LMS_STU_10055_DS201,STU_10055,DS201,3,4,8,9,38,8.77
LMS_STU_10055_MA102,STU_10055,MA102,4,5,8,5,37,7.36
LMS_STU_10055_SE301,STU_10055,SE301,4,5,7,5,79,10.46
LMS_STU_10056_CS101,STU_10056,CS101,4,4,3,0,25,2.8
LMS_STU_10056_DS201,STU_10056,DS201,2,1,2,0,17,2.31
LMS_STU_10056_MA102,STU_10056,MA102,1,3,3,0,19,3.47
LMS_STU_10056_SE301,STU_10056,SE301,3,4,2,0,24,1.63
LMS_STU_10057_CS101,STU_10057,CS101,2,5,6,5,51,12.26
LMS_STU_10057_DS201,STU_10057,DS201,4,5,4,1,68,8.34
LMS_STU_10057_MA102,STU_10057,MA102,4,4,8,8,47,14.05
LMS_STU_10057_SE301,STU_10057,SE301,4,5,4,10,45,11.11
LMS_STU_10058_CS101,STU_10058,CS101,3,5,4,4,58,10.46
LMS_STU_10058_DS201,STU_10058,DS201,1,4,6,7,63,14.5
LMS_STU_10058_MA102,STU_10058,MA102,1,4,8,6,64,9.95
LMS_STU_10058_SE301,STU_10058,SE301,4,4,7,6,31,6.06
LMS_STU_10059_CS101,STU_10059,CS101,2,4,6,7,58,13.38
LMS_STU_10059_DS201,STU_10059,DS201,4,5,7,4,35,12.63
LMS_STU_10059_MA102,STU_10059,MA102,4,5,4,9,55,6.81
LMS_STU_10059_SE301,STU_10059,SE301,4,5,8,7,34,9.04
LMS_STU_10060_CS101,STU_10060,CS101,2,4,8,7,43,12.91
LMS_STU_10060_DS201,STU_10060,DS201,1,4,4,4,39,12.44
LMS_STU_10060_MA102,STU_10060,MA102,4,4,6,10,63,9.21
LMS_STU_10060_SE301,STU_10060,SE301,1,5,7,7,53,13.09
LMS_STU_10061_CS101,STU_10061,CS101,3,4,2,0,20,2.06
LMS_STU_10061_DS201,STU_10061,DS201,3,3,1,1,20,2.22
LMS_STU_10061_MA102,STU_10061,MA102,2,1,3,1,22,1.93
LMS_STU_10061_SE301,STU_10061,SE301,1,1,3,0,17,3.74
LMS_STU_10062_CS101,STU_10062,CS101,2,4,4,10,40,13.23
LMS_STU_10062_DS201,STU_10062,DS201,3,4,7,6,31,7.89
LMS_STU_10062_MA102,STU_10062,MA102,3,5,8,7,69,9.19
LMS_STU_10062_SE301,STU_10062,SE301,1,4,4,10,40,13.77
LMS_STU_10063_CS101,STU_10063,CS101,2,4,6,3,49,5.15
LMS_STU_10063_DS201,STU_10063,DS201,3,4,6,8,50,10.14
LMS_STU_10063_MA102,STU_10063,MA102,3,4,7,7,63,9.17
LMS_STU_10063_SE301,STU_10063,SE301,1,4,7,8,76,14.55
LMS_STU_10064_CS101,STU_10064,CS101,2,4,5,4,51,9.36
LMS_STU_10064_DS201,STU_10064,DS201,3,4,4,2,65,7.68
LMS_STU_10064_MA102,STU_10064,MA102,3,5,7,7,35,9.14
LMS_STU_10064_SE301,STU_10064,SE301,2,5,4,7,48,5.65
LMS_STU_10065_CS101,STU_10065,CS101,2,4,8,5,34,11.36
LMS_STU_10065_DS201,STU_10065,DS201,4,4,5,7,53,13.26
LMS_STU_10065_MA102,STU_10065,MA102,2,5,7,6,74,13.93
LMS_STU_10065_SE301,STU_10065,SE301,3,5,7,2,38,13.18
LMS_STU_10066_CS101,STU_10066,CS101,1,2,3,1,23,2.64
LMS_STU_10066_DS201,STU_10066,DS201,2,4,2,1,11,1.69
LMS_STU_10066_MA102,STU_10066,MA102,2,1,2,2,16,3.57
LMS_STU_10066_SE301,STU_10066,SE301,2,3,3,1,15,2.36
LMS_STU_10067_CS101,STU_10067,CS101,4,4,8,7,77,11.47
LMS_STU_10067_DS201,STU_10067,DS201,4,4,5,9,48,14.69
LMS_STU_10067_MA102,STU_10067,MA102,4,5,4,4,77,12.65
LMS_STU_10067_SE301,STU_10067,SE301,1,5,6,10,35,10.03
LMS_STU_10068_CS101,STU_10068,CS101,3,4,6,9,38,11.7
LMS_STU_10068_DS201,STU_10068,DS201,1,5,6,5,56,12.12
LMS_STU_10068_MA102,STU_10068,MA102,1,4,4,7,69,5.23
LMS_STU_10068_SE301,STU_10068,SE301,4,4,4,10,80,12.22
LMS_STU_10069_CS101,STU_10069,CS101,4,4,7,3,51,7.38
LMS_STU_10069_DS201,STU_10069,DS201,1,4,4,6,64,7.73
LMS_STU_10069_MA102,STU_10069,MA102,3,4,8,5,47,13.92
LMS_STU_10069_SE301,STU_10069,SE301,2,4,6,5,73,5.17
LMS_STU_10070_CS101,STU_10070,CS101,2,4,4,10,52,14.34
LMS_STU_10070_DS201,STU_10070,DS201,1,5,8,8,45,5.15
LMS_STU_10070_MA102,STU_10070,MA102,3,4,8,1,32,7.4
LMS_STU_10070_SE301,STU_10070,SE301,3,4,5,10,40,13.8
LMS_STU_10071_CS101,STU_10071,CS101,2,1,2,2,21,3.42
LMS_STU_10071_DS201,STU_10071,DS201,3,3,3,1,14,3.72
LMS_STU_10071_MA102,STU_10071,MA102,3,4,2,1,21,3.33
LMS_STU_10071_SE301,STU_10071,SE301,4,2,1,2,17,3.01
LMS_STU_10072_CS101,STU_10072,CS101,3,4,4,1,67,11.82
LMS_STU_10072_DS201,STU_10072,DS201,1,5,7,9,58,10.31
LMS_STU_10072_MA102,STU_10072,MA102,2,4,8,6,60,6.8
LMS_STU_10072_SE301,STU_10072,SE301,2,5,8,4,30,11.82
LMS_STU_10073_CS101,STU_10073,CS101,1,5,6,10,79,11.8
LMS_STU_10073_DS201,STU_10073,DS201,3,5,4,8,78,7.92
LMS_STU_10073_MA102,STU_10073,MA102,4,4,6,7,70,9.68
LMS_STU_10073_SE301,STU_10073,SE301,2,4,7,2,64,13.07
LMS_STU_10074_CS101,STU_10074,CS101,4,5,8,8,51,5.53
LMS_STU_10074_DS201,STU_10074,DS201,1,4,4,8,51,13.86
LMS_STU_10074_MA102,STU_10074,MA102,2,4,6,7,80,13.94
LMS_STU_10074_SE301,STU_10074,SE301,1,5,6,4,67,5.21
LMS_STU_10075_CS101,STU_10075,CS101,4,5,8,5,60,14.96
LMS_STU_10075_DS201,STU_10075,DS201,2,4,4,3,49,11.29
LMS_STU_10075_MA102,STU_10075,MA102,3,5,4,8,45,11.35
LMS_STU_10075_SE301,STU_10075,SE301,4,4,8,10,77,11.73
LMS_STU_10076_CS101,STU_10076,CS101,1,1,1,0,16,3.39
LMS_STU_10076_DS201,STU_10076,DS201,4,2,3,2,12,3.34
LMS_STU_10076_MA102,STU_10076,MA102,3,2,2,0,22,2.54
LMS_STU_10076_SE301,STU_10076,SE301,4,3,2,0,10,2.72
LMS_STU_10077_CS101,STU_10077,CS101,2,5,5,8,51,9.2
LMS_STU_10077_DS201,STU_10077,DS201,2,4,8,4,36,14.54
LMS_STU_10077_MA102,STU_10077,MA102,2,4,4,2,77,8.86
LMS_STU_10077_SE301,STU_10077,SE301,2,4,4,6,40,14.89
LMS_STU_10078_CS101,STU_10078,CS101,1,4,7,5,34,13.07
LMS_STU_10078_DS201,STU_10078,DS201,4,5,6,4,32,10.5
LMS_STU_10078_MA102,STU_10078,MA102,1,5,5,9,72,7.35
LMS_STU_10078_SE301,STU_10078,SE301,4,5,5,4,38,13.51
LMS_STU_10079_CS101,STU_10079,CS101,3,5,6,5,60,6.16
LMS_STU_10079_DS201,STU_10079,DS201,4,4,7,1,57,9.54
LMS_STU_10079_MA102,STU_10079,MA102,2,5,7,9,64,13.86
LMS_STU_10079_SE301,STU_10079,SE301,2,4,6,2,64,6.18
LMS_STU_10080_CS101,STU_10080,CS101,1,5,5,10,31,10.04
LMS_STU_10080_DS201,STU_10080,DS201,3,5,8,9,76,5.46
LMS_STU_10080_MA102,STU_10080,MA102,1,4,7,1,77,8.45
LMS_STU_10080_SE301,STU_10080,SE301,4,5,7,7,77,8.31
LMS_STU_10081_CS101,STU_10081,CS101,3,4,2,1,10,3.72
LMS_STU_10081_DS201,STU_10081,DS201,2,4,3,1,20,3.08
LMS_STU_10081_MA102,STU_10081,MA102,3,4,3,0,10,3.55
LMS_STU_10081_SE301,STU_10081,SE301,2,4,3,1,22,2.29
LMS_STU_10082_CS101,STU_10082,CS101,2,4,8,1,48,8.16
LMS_STU_10082_DS201,STU_10082,DS201,2,4,6,4,31,7.64
LMS_STU_10082_MA102,STU_10082,MA102,2,4,7,1,30,5.23
LMS_STU_10082_SE301,STU_10082,SE301,4,5,6,6,46,9.47
LMS_STU_10083_CS101,STU_10083,CS101,2,5,6,2,57,7.11
LMS_STU_10083_DS201,STU_10083,DS201,2,5,4,2,60,13.54
LMS_STU_10083_MA102,STU_10083,MA102,2,4,4,4,52,10.07
LMS_STU_10083_SE301,STU_10083,SE301,1,5,5,7,44,11.85
LMS_STU_10084_CS101,STU_10084,CS101,1,4,6,9,70,14.89
LMS_STU_10084_DS201,STU_10084,DS201,1,5,4,2,40,12.72
LMS_STU_10084_MA102,STU_10084,MA102,1,5,6,4,33,8.98
LMS_STU_10084_SE301,STU_10084,SE301,3,5,7,3,35,6.0
LMS_STU_10085_CS101,STU_10085,CS101,4,4,7,9,36,5.01
LMS_STU_10085_DS201,STU_10085,DS201,1,5,7,7,44,14.13
LMS_STU_10085_MA102,STU_10085,MA102,2,4,6,3,56,9.84
LMS_STU_10085_SE301,STU_10085,SE301,4,4,4,1,58,12.65
LMS_STU_10086_CS101,STU_10086,CS101,4,4,3,2,23,2.19
LMS_STU_10086_DS201,STU_10086,DS201,3,1,2,1,17,2.37
LMS_STU_10086_MA102,STU_10086,MA102,3,4,3,2,20,1.98
LMS_STU_10086_SE301,STU_10086,SE301,4,3,1,1,15,2.29
LMS_STU_10087_CS101,STU_10087,CS101,4,5,8,10,66,11.4
LMS_STU_10087_DS201,STU_10087,DS201,4,5,5,10,53,5.88
LMS_STU_10087_MA102,STU_10087,MA102,4,4,5,3,72,11.51
LMS_STU_10087_SE301,STU_10087,SE301,4,4,4,5,73,12.24
LMS_STU_10088_CS101,STU_10088,CS101,3,4,7,2,52,11.44
LMS_STU_10088_DS201,STU_10088,DS201,1,5,5,3,44,5.58
LMS_STU_10088_MA102,STU_10088,MA102,3,5,7,3,51,12.18
LMS_STU_10088_SE301,STU_10088,SE301,4,4,4,6,70,14.65
LMS_STU_10089_CS101,STU_10089,CS101,3,4,5,9,79,7.91
LMS_STU_10089_DS201,STU_10089,DS201,4,4,8,1,57,6.85
LMS_STU_10089_MA102,STU_10089,MA102,1,5,7,7,33,11.62
LMS_STU_10089_SE301,STU_10089,SE301,2,4,8,9,33,8.51
LMS_STU_10090_CS101,STU_10090,CS101,1,4,6,4,47,13.16
LMS_STU_10090_DS201,STU_10090,DS201,2,5,5,6,57,10.27
LMS_STU_10090_MA102,STU_10090,MA102,4,5,8,4,48,9.87
LMS_STU_10090_SE301,STU_10090,SE301,3,5,4,7,59,8.88
LMS_STU_10091_CS101,STU_10091,CS101,1,4,3,1,17,1.55
LMS_STU_10091_DS201,STU_10091,DS201,4,3,2,1,14,3.01
LMS_STU_10091_MA102,STU_10091,MA102,2,2,2,2,17,3.32
LMS_STU_10091_SE301,STU_10091,SE301,4,1,3,2,15,2.96
LMS_STU_10092_CS101,STU_10092,CS101,3,4,7,3,65,12.1
LMS_STU_10092_DS201,STU_10092,DS201,1,5,6,5,63,12.9
LMS_STU_10092_MA102,STU_10092,MA102,4,4,7,8,43,7.23
LMS_STU_10092_SE301,STU_10092,SE301,2,5,8,2,38,11.7
LMS_STU_10093_CS101,STU_10093,CS101,4,5,7,4,47,5.07
LMS_STU_10093_DS201,STU_10093,DS201,1,5,6,5,59,9.25
LMS_STU_10093_MA102,STU_10093,MA102,2,4,6,7,69,9.01
LMS_STU_10093_SE301,STU_10093,SE301,3,4,7,10,41,5.67
LMS_STU_10094_CS101,STU_10094,CS101,3,4,7,2,45,8.72
LMS_STU_10094_DS201,STU_10094,DS201,2,5,6,5,71,9.54
LMS_STU_10094_MA102,STU_10094,MA102,3,4,4,6,58,7.6
LMS_STU_10094_SE301,STU_10094,SE301,3,4,7,7,56,8.12
LMS_STU_10095_CS101,STU_10095,CS101,4,5,4,4,64,11.66
LMS_STU_10095_DS201,STU_10095,DS201,1,4,7,7,32,9.95
LMS_STU_10095_MA102,STU_10095,MA102,2,4,6,10,48,10.41
LMS_STU_10095_SE301,STU_10095,SE301,2,5,6,3,48,13.26
LMS_STU_10096_CS101,STU_10096,CS101,1,4,1,2,16,3.7
LMS_STU_10096_DS201,STU_10096,DS201,2,3,1,1,23,3.25
LMS_STU_10096_MA102,STU_10096,MA102,3,3,2,0,18,1.75
LMS_STU_10096_SE301,STU_10096,SE301,1,1,3,0,19,3.18
LMS_STU_10097_CS101,STU_10097,CS101,4,4,8,2,70,6.69
LMS_STU_10097_DS201,STU_10097,DS201,2,5,8,5,48,10.6
LMS_STU_10097_MA102,STU_10097,MA102,1,4,5,8,60,5.73
LMS_STU_10097_SE301,STU_10097,SE301,4,5,4,6,54,11.47
LMS_STU_10098_CS101,STU_10098,CS101,3,4,8,1,67,5.96
LMS_STU_10098_DS201,STU_10098,DS201,4,5,6,8,66,14.1
LMS_STU_10098_MA102,STU_10098,MA102,3,4,8,1,72,6.92
LMS_STU_10098_SE301,STU_10098,SE301,2,4,8,1,55,7.61
LMS_STU_10099_CS101,STU_10099,CS101,1,5,6,9,77,7.95
LMS_STU_10099_DS201,STU_10099,DS201,2,4,7,7,46,8.22
LMS_STU_10099_MA102,STU_10099,MA102,4,5,8,8,38,10.25
LMS_STU_10099_SE301,STU_10099,SE301,2,4,8,7,50,9.2
LMS_STU_10100_CS101,STU_10100,CS101,4,4,4,9,30,8.65
LMS_STU_10100_DS201,STU_10100,DS201,1,4,8,9,62,5.14
LMS_STU_10100_MA102,STU_10100,MA102,2,4,4,6,42,9.56
LMS_STU_10100_SE301,STU_10100,SE301,2,5,8,8,70,6.6
LMS_STU_10101_CS101,STU_10101,CS101,2,1,1,0,24,1.68
LMS_STU_10101_DS201,STU_10101,DS201,1,4,3,2,15,3.85
LMS_STU_10101_MA102,STU_10101,MA102,2,4,2,2,22,1.92
LMS_STU_10101_SE301,STU_10101,SE301,3,3,1,1,12,3.94
LMS_STU_10102_CS101,STU_10102,CS101,1,5,4,3,59,12.34
LMS_STU_10102_DS201,STU_10102,DS201,2,5,5,9,56,7.17
LMS_STU_10102_MA102,STU_10102,MA102,2,5,8,3,75,13.82
LMS_STU_10102_SE301,STU_10102,SE301,2,5,6,10,50,8.51
LMS_STU_10103_CS101,STU_10103,CS101,1,4,8,3,79,12.74
LMS_STU_10103_DS201,STU_10103,DS201,2,4,6,6,63,10.04
LMS_STU_10103_MA102,STU_10103,MA102,4,4,8,4,46,9.0
LMS_STU_10103_SE301,STU_10103,SE301,2,4,7,2,72,11.0
LMS_STU_10104_CS101,STU_10104,CS101,3,5,8,8,53,7.08
LMS_STU_10104_DS201,STU_10104,DS201,2,5,4,5,76,10.85
LMS_STU_10104_MA102,STU_10104,MA102,1,5,4,7,59,10.66
LMS_STU_10104_SE301,STU_10104,SE301,2,4,5,8,68,12.81
LMS_STU_10105_CS101,STU_10105,CS101,1,5,6,5,64,5.81
LMS_STU_10105_DS201,STU_10105,DS201,1,4,7,3,62,7.8
LMS_STU_10105_MA102,STU_10105,MA102,3,5,6,10,46,5.43
LMS_STU_10105_SE301,STU_10105,SE301,1,4,7,3,65,14.11
LMS_STU_10106_CS101,STU_10106,CS101,4,3,3,2,10,3.95
LMS_STU_10106_DS201,STU_10106,DS201,4,2,1,0,10,2.39
LMS_STU_10106_MA102,STU_10106,MA102,1,1,3,1,19,3.66
LMS_STU_10106_SE301,STU_10106,SE301,3,4,2,2,14,3.14
LMS_STU_10107_CS101,STU_10107,CS101,2,5,6,6,70,9.22
LMS_STU_10107_DS201,STU_10107,DS201,1,5,7,10,76,5.13
LMS_STU_10107_MA102,STU_10107,MA102,1,5,8,2,38,12.8
LMS_STU_10107_SE301,STU_10107,SE301,4,4,6,3,48,11.21
LMS_STU_10108_CS101,STU_10108,CS101,3,5,4,1,38,14.73
LMS_STU_10108_DS201,STU_10108,DS201,3,4,8,1,55,13.96
LMS_STU_10108_MA102,STU_10108,MA102,4,4,6,5,79,9.25
LMS_STU_10108_SE301,STU_10108,SE301,3,5,7,3,48,10.33
LMS_STU_10109_CS101,STU_10109,CS101,4,5,7,7,45,14.53
LMS_STU_10109_DS201,STU_10109,DS201,1,4,6,8,38,11.69
LMS_STU_10109_MA102,STU_10109,MA102,1,4,4,1,75,11.91
LMS_STU_10109_SE301,STU_10109,SE301,4,4,6,8,49,11.28
LMS_STU_10110_CS101,STU_10110,CS101,1,4,6,3,32,11.78
LMS_STU_10110_DS201,STU_10110,DS201,2,4,4,6,79,13.68
LMS_STU_10110_MA102,STU_10110,MA102,4,5,7,4,43,14.84
LMS_STU_10110_SE301,STU_10110,SE301,4,4,8,8,54,8.44
LMS_STU_10111_CS101,STU_10111,CS101,4,3,3,1,21,1.85
LMS_STU_10111_DS201,STU_10111,DS201,4,3,2,2,21,1.56
LMS_STU_10111_MA102,STU_10111,MA102,4,4,2,2,25,2.81
LMS_STU_10111_SE301,STU_10111,SE301,4,3,3,1,13,2.06
LMS_STU_10112_CS101,STU_10112,CS101,1,4,5,6,52,7.61
LMS_STU_10112_DS201,STU_10112,DS201,3,5,5,4,48,9.45
LMS_STU_10112_MA102,STU_10112,MA102,3,4,8,5,70,11.27
LMS_STU_10112_SE301,STU_10112,SE301,3,5,7,1,48,13.18
LMS_STU_10113_CS101,STU_10113,CS101,3,5,4,6,72,12.45
LMS_STU_10113_DS201,STU_10113,DS201,2,4,7,1,57,11.03
LMS_STU_10113_MA102,STU_10113,MA102,3,4,4,9,36,10.91
LMS_STU_10113_SE301,STU_10113,SE301,1,4,8,8,53,11.55
LMS_STU_10114_CS101,STU_10114,CS101,3,5,8,5,40,6.78
LMS_STU_10114_DS201,STU_10114,DS201,1,4,5,3,48,5.77
LMS_STU_10114_MA102,STU_10114,MA102,4,5,4,2,63,5.06
LMS_STU_10114_SE301,STU_10114,SE301,1,5,7,8,48,14.41
LMS_STU_10115_CS101,STU_10115,CS101,2,5,4,5,64,11.24
LMS_STU_10115_DS201,STU_10115,DS201,1,5,8,3,58,5.99
LMS_STU_10115_MA102,STU_10115,MA102,3,4,7,10,79,7.71
LMS_STU_10115_SE301,STU_10115,SE301,3,4,6,8,54,11.97
LMS_STU_10116_CS101,STU_10116,CS101,2,4,1,1,12,3.25
LMS_STU_10116_DS201,STU_10116,DS201,4,4,2,1,20,2.81
LMS_STU_10116_MA102,STU_10116,MA102,1,3,1,0,23,3.09
LMS_STU_10116_SE301,STU_10116,SE301,2,1,3,1,11,3.1
LMS_STU_10117_CS101,STU_10117,CS101,1,5,5,2,38,14.93
LMS_STU_10117_DS201,STU_10117,DS201,1,5,6,8,49,5.62
LMS_STU_10117_MA102,STU_10117,MA102,3,5,8,6,64,12.63
LMS_STU_10117_SE301,STU_10117,SE301,4,5,8,6,53,10.65
LMS_STU_10118_CS101,STU_10118,CS101,1,4,7,9,35,7.27
LMS_STU_10118_DS201,STU_10118,DS201,4,4,7,4,36,12.81
LMS_STU_10118_MA102,STU_10118,MA102,2,5,8,5,36,6.71
LMS_STU_10118_SE301,STU_10118,SE301,2,5,6,10,75,6.72
LMS_STU_10119_CS101,STU_10119,CS101,2,5,8,1,77,6.81
LMS_STU_10119_DS201,STU_10119,DS201,3,5,7,2,36,12.66
LMS_STU_10119_MA102,STU_10119,MA102,2,5,6,4,51,6.03
LMS_STU_10119_SE301,STU_10119,SE301,3,4,8,7,42,6.34
LMS_STU_10120_CS101,STU_10120,CS101,1,4,5,2,59,7.56
LMS_STU_10120_DS201,STU_10120,DS201,1,4,8,2,32,14.62
LMS_STU_10120_MA102,STU_10120,MA102,1,5,7,4,48,7.74
LMS_STU_10120_SE301,STU_10120,SE301,2,5,7,1,41,11.5
LMS_STU_10121_CS101,STU_10121,CS101,4,2,1,2,21,2.5
LMS_STU_10121_DS201,STU_10121,DS201,1,4,3,0,25,1.59
LMS_STU_10121_MA102,STU_10121,MA102,2,3,1,0,21,3.3
LMS_STU_10121_SE301,STU_10121,SE301,1,3,3,2,17,3.87
LMS_STU_10122_CS101,STU_10122,CS101,1,5,5,4,72,8.81
LMS_STU_10122_DS201,STU_10122,DS201,3,4,6,5,64,8.64
LMS_STU_10122_MA102,STU_10122,MA102,4,4,5,4,51,7.87
LMS_STU_10122_SE301,STU_10122,SE301,4,4,5,5,32,13.92
LMS_STU_10123_CS101,STU_10123,CS101,3,4,4,7,34,14.61
LMS_STU_10123_DS201,STU_10123,DS201,2,4,4,5,53,11.56
LMS_STU_10123_MA102,STU_10123,MA102,2,5,6,3,42,7.68
LMS_STU_10123_SE301,STU_10123,SE301,4,4,6,7,65,12.95
LMS_STU_10124_CS101,STU_10124,CS101,2,4,6,6,52,9.02
LMS_STU_10124_DS201,STU_10124,DS201,3,4,8,3,65,7.61
LMS_STU_10124_MA102,STU_10124,MA102,2,5,6,9,80,8.9
LMS_STU_10124_SE301,STU_10124,SE301,1,4,6,6,61,12.11
LMS_STU_10125_CS101,STU_10125,CS101,2,4,8,1,59,11.24
LMS_STU_10125_DS201,STU_10125,DS201,2,5,7,1,66,11.74
LMS_STU_10125_MA102,STU_10125,MA102,1,5,6,8,53,5.26
LMS_STU_10125_SE301,STU_10125,SE301,4,5,4,6,56,11.79
LMS_STU_10126_CS101,STU_10126,CS101,4,3,2,2,11,3.11
LMS_STU_10126_DS201,STU_10126,DS201,3,4,3,1,14,1.91
LMS_STU_10126_MA102,STU_10126,MA102,2,3,1,0,18,2.1
LMS_STU_10126_SE301,STU_10126,SE301,1,4,1,2,12,2.94
LMS_STU_10127_CS101,STU_10127,CS101,1,5,8,8,36,12.39
LMS_STU_10127_DS201,STU_10127,DS201,2,5,5,6,67,5.79
LMS_STU_10127_MA102,STU_10127,MA102,1,5,5,1,39,10.48
LMS_STU_10127_SE301,STU_10127,SE301,1,4,5,4,40,10.54
LMS_STU_10128_CS101,STU_10128,CS101,1,5,4,3,70,7.88
LMS_STU_10128_DS201,STU_10128,DS201,3,5,5,3,46,12.38
LMS_STU_10128_MA102,STU_10128,MA102,2,4,6,4,31,6.49
LMS_STU_10128_SE301,STU_10128,SE301,2,4,4,1,36,6.91
LMS_STU_10129_CS101,STU_10129,CS101,4,4,8,3,46,11.62
LMS_STU_10129_DS201,STU_10129,DS201,3,4,8,8,66,5.96
LMS_STU_10129_MA102,STU_10129,MA102,2,5,5,3,68,8.23
LMS_STU_10129_SE301,STU_10129,SE301,4,4,7,7,41,10.88
LMS_STU_10130_CS101,STU_10130,CS101,3,5,7,7,48,5.56
LMS_STU_10130_DS201,STU_10130,DS201,4,5,8,6,43,8.76
LMS_STU_10130_MA102,STU_10130,MA102,3,4,8,4,30,11.42
LMS_STU_10130_SE301,STU_10130,SE301,1,4,7,4,45,8.77
LMS_STU_10131_CS101,STU_10131,CS101,2,4,1,0,20,2.56
LMS_STU_10131_DS201,STU_10131,DS201,2,4,1,1,16,2.57
LMS_STU_10131_MA102,STU_10131,MA102,2,3,2,2,25,3.27
LMS_STU_10131_SE301,STU_10131,SE301,4,2,3,2,15,3.23
LMS_STU_10132_CS101,STU_10132,CS101,2,4,4,5,57,6.66
LMS_STU_10132_DS201,STU_10132,DS201,2,4,5,3,63,13.54
LMS_STU_10132_MA102,STU_10132,MA102,2,4,5,9,50,6.77
LMS_STU_10132_SE301,STU_10132,SE301,2,4,6,10,31,8.85
LMS_STU_10133_CS101,STU_10133,CS101,4,4,8,5,32,13.77
LMS_STU_10133_DS201,STU_10133,DS201,1,5,6,2,40,8.11
LMS_STU_10133_MA102,STU_10133,MA102,2,4,8,3,46,13.11
LMS_STU_10133_SE301,STU_10133,SE301,4,5,4,9,72,13.24
LMS_STU_10134_CS101,STU_10134,CS101,2,4,6,1,47,9.15
LMS_STU_10134_DS201,STU_10134,DS201,2,4,5,8,47,6.13
LMS_STU_10134_MA102,STU_10134,MA102,2,5,8,4,43,12.16
LMS_STU_10134_SE301,STU_10134,SE301,4,5,8,2,76,14.06
LMS_STU_10135_CS101,STU_10135,CS101,1,5,5,1,67,11.39
LMS_STU_10135_DS201,STU_10135,DS201,3,5,8,8,53,10.7
LMS_STU_10135_MA102,STU_10135,MA102,1,4,6,8,38,7.25
LMS_STU_10135_SE301,STU_10135,SE301,2,4,4,8,30,10.6
LMS_STU_10136_CS101,STU_10136,CS101,1,4,3,1,19,2.48
LMS_STU_10136_DS201,STU_10136,DS201,4,3,2,2,21,1.92
LMS_STU_10136_MA102,STU_10136,MA102,1,3,3,0,21,3.89
LMS_STU_10136_SE301,STU_10136,SE301,4,3,1,2,22,2.93
LMS_STU_10137_CS101,STU_10137,CS101,2,5,4,3,51,13.19
LMS_STU_10137_DS201,STU_10137,DS201,3,5,4,2,77,11.68
LMS_STU_10137_MA102,STU_10137,MA102,3,5,7,3,71,8.03
LMS_STU_10137_SE301,STU_10137,SE301,1,4,7,7,58,9.21
LMS_STU_10138_CS101,STU_10138,CS101,1,5,4,6,66,9.02
LMS_STU_10138_DS201,STU_10138,DS201,4,4,5,4,57,13.21
LMS_STU_10138_MA102,STU_10138,MA102,2,5,6,4,75,6.56
LMS_STU_10138_SE301,STU_10138,SE301,4,5,6,4,38,14.78
LMS_STU_10139_CS101,STU_10139,CS101,1,5,5,5,33,11.95
LMS_STU_10139_DS201,STU_10139,DS201,2,5,4,6,39,13.9
LMS_STU_10139_MA102,STU_10139,MA102,3,4,4,1,68,5.65
LMS_STU_10139_SE301,STU_10139,SE301,4,4,4,10,77,8.65
LMS_STU_10140_CS101,STU_10140,CS101,1,4,5,6,40,12.38
LMS_STU_10140_DS201,STU_10140,DS201,4,5,8,8,48,9.38
LMS_STU_10140_MA102,STU_10140,MA102,4,4,7,8,71,11.26
LMS_STU_10140_SE301,STU_10140,SE301,4,5,6,3,62,9.14
LMS_STU_10141_CS101,STU_10141,CS101,2,1,2,2,10,2.65
LMS_STU_10141_DS201,STU_10141,DS201,1,1,3,0,11,1.77
LMS_STU_10141_MA102,STU_10141,MA102,3,3,3,0,21,2.48
LMS_STU_10141_SE301,STU_10141,SE301,3,2,1,0,25,2.27
LMS_STU_10142_CS101,STU_10142,CS101,1,4,6,5,67,5.7
LMS_STU_10142_DS201,STU_10142,DS201,1,4,7,3,74,6.92
LMS_STU_10142_MA102,STU_10142,MA102,1,5,8,3,31,7.83
LMS_STU_10142_SE301,STU_10142,SE301,2,4,7,5,33,13.88
LMS_STU_10143_CS101,STU_10143,CS101,1,4,4,1,59,5.4
LMS_STU_10143_DS201,STU_10143,DS201,3,4,4,1,52,8.7
LMS_STU_10143_MA102,STU_10143,MA102,1,4,4,6,76,10.22
LMS_STU_10143_SE301,STU_10143,SE301,4,5,4,7,56,5.15
LMS_STU_10144_CS101,STU_10144,CS101,4,5,6,2,47,6.16
LMS_STU_10144_DS201,STU_10144,DS201,2,5,4,6,55,5.21
LMS_STU_10144_MA102,STU_10144,MA102,3,4,6,3,59,9.74
LMS_STU_10144_SE301,STU_10144,SE301,2,4,6,4,64,8.88
LMS_STU_10145_CS101,STU_10145,CS101,1,5,4,2,35,14.07
LMS_STU_10145_DS201,STU_10145,DS201,4,4,7,2,46,7.08
LMS_STU_10145_MA102,STU_10145,MA102,3,4,6,2,32,8.93
LMS_STU_10145_SE301,STU_10145,SE301,4,5,4,5,74,13.73
LMS_STU_10146_CS101,STU_10146,CS101,2,3,2,0,13,3.62
LMS_STU_10146_DS201,STU_10146,DS201,1,4,1,1,12,1.97
LMS_STU_10146_MA102,STU_10146,MA102,1,4,1,1,11,2.86
LMS_STU_10146_SE301,STU_10146,SE301,3,3,3,2,15,2.25
LMS_STU_10147_CS101,STU_10147,CS101,1,5,4,10,57,11.74
LMS_STU_10147_DS201,STU_10147,DS201,2,5,5,4,56,5.39
LMS_STU_10147_MA102,STU_10147,MA102,1,4,4,10,36,14.44
LMS_STU_10147_SE301,STU_10147,SE301,3,4,4,10,69,11.83
LMS_STU_10148_CS101,STU_10148,CS101,1,4,8,8,75,6.11
LMS_STU_10148_DS201,STU_10148,DS201,2,4,8,9,58,13.58
LMS_STU_10148_MA102,STU_10148,MA102,3,4,6,10,46,11.23
LMS_STU_10148_SE301,STU_10148,SE301,3,5,5,5,75,8.31
LMS_STU_10149_CS101,STU_10149,CS101,1,4,7,7,46,11.45
LMS_STU_10149_DS201,STU_10149,DS201,4,4,8,7,70,10.95
LMS_STU_10149_MA102,STU_10149,MA102,4,5,6,9,34,13.79
LMS_STU_10149_SE301,STU_10149,SE301,1,5,4,3,66,11.41
LMS_STU_10150_CS101,STU_10150,CS101,2,5,5,5,42,5.19
LMS_STU_10150_DS201,STU_10150,DS201,4,5,7,8,69,10.17
LMS_STU_10150_MA102,STU_10150,MA102,4,5,7,9,34,5.12
LMS_STU_10150_SE301,STU_10150,SE301,1,4,6,1,62,11.1
LMS_STU_10151_CS101,STU_10151,CS101,2,3,1,2,17,1.98
LMS_STU_10151_DS201,STU_10151,DS201,1,3,2,2,15,1.64
LMS_STU_10151_MA102,STU_10151,MA102,2,2,2,1,12,3.57
LMS_STU_10151_SE301,STU_10151,SE301,4,2,1,0,24,3.57
LMS_STU_10152_CS101,STU_10152,CS101,2,5,4,3,54,11.44
LMS_STU_10152_DS201,STU_10152,DS201,4,4,8,7,67,9.23
LMS_STU_10152_MA102,STU_10152,MA102,1,4,4,9,47,5.02
LMS_STU_10152_SE301,STU_10152,SE301,2,4,8,3,72,11.55
LMS_STU_10153_CS101,STU_10153,CS101,4,5,7,4,78,9.12
LMS_STU_10153_DS201,STU_10153,DS201,4,4,5,4,67,10.96
LMS_STU_10153_MA102,STU_10153,MA102,3,4,7,7,74,9.04
LMS_STU_10153_SE301,STU_10153,SE301,4,5,4,6,52,5.2
LMS_STU_10154_CS101,STU_10154,CS101,1,4,6,1,73,11.08
LMS_STU_10154_DS201,STU_10154,DS201,2,4,7,10,41,8.61
LMS_STU_10154_MA102,STU_10154,MA102,1,5,6,7,48,8.12
LMS_STU_10154_SE301,STU_10154,SE301,1,5,4,3,46,7.11
LMS_STU_10155_CS101,STU_10155,CS101,1,5,4,6,30,11.99
LMS_STU_10155_DS201,STU_10155,DS201,1,5,7,2,67,6.18
LMS_STU_10155_MA102,STU_10155,MA102,1,5,8,9,43,9.13
LMS_STU_10155_SE301,STU_10155,SE301,3,4,5,3,35,9.5
LMS_STU_10156_CS101,STU_10156,CS101,3,1,1,1,23,2.6
LMS_STU_10156_DS201,STU_10156,DS201,3,1,3,2,11,2.2
LMS_STU_10156_MA102,STU_10156,MA102,4,3,3,0,13,2.33
LMS_STU_10156_SE301,STU_10156,SE301,4,3,3,2,14,3.73
LMS_STU_10157_CS101,STU_10157,CS101,3,4,8,4,65,8.94
LMS_STU_10157_DS201,STU_10157,DS201,2,4,5,7,61,7.91
LMS_STU_10157_MA102,STU_10157,MA102,4,5,6,7,60,14.52
LMS_STU_10157_SE301,STU_10157,SE301,2,5,4,6,45,7.59
LMS_STU_10158_CS101,STU_10158,CS101,4,5,5,10,38,9.96
LMS_STU_10158_DS201,STU_10158,DS201,1,4,4,8,64,5.45
LMS_STU_10158_MA102,STU_10158,MA102,1,4,7,9,35,13.56
LMS_STU_10158_SE301,STU_10158,SE301,1,4,5,3,30,10.03
LMS_STU_10159_CS101,STU_10159,CS101,2,5,4,7,30,10.97
LMS_STU_10159_DS201,STU_10159,DS201,1,5,6,8,75,10.2
LMS_STU_10159_MA102,STU_10159,MA102,3,4,7,7,35,10.63
LMS_STU_10159_SE301,STU_10159,SE301,4,5,6,5,47,13.96
LMS_STU_10160_CS101,STU_10160,CS101,1,5,5,10,48,12.45
LMS_STU_10160_DS201,STU_10160,DS201,4,4,7,3,38,11.89
LMS_STU_10160_MA102,STU_10160,MA102,4,5,5,7,36,5.19
LMS_STU_10160_SE301,STU_10160,SE301,3,4,5,7,31,12.46
LMS_STU_10161_CS101,STU_10161,CS101,2,3,2,1,20,2.96
LMS_STU_10161_DS201,STU_10161,DS201,1,3,2,2,22,3.76
LMS_STU_10161_MA102,STU_10161,MA102,2,2,3,2,24,3.95
LMS_STU_10161_SE301,STU_10161,SE301,3,2,3,0,11,1.94
LMS_STU_10162_CS101,STU_10162,CS101,3,5,7,2,80,11.39
LMS_STU_10162_DS201,STU_10162,DS201,3,5,5,4,72,11.76
LMS_STU_10162_MA102,STU_10162,MA102,4,4,7,1,69,14.69
LMS_STU_10162_SE301,STU_10162,SE301,1,5,7,6,44,12.78
LMS_STU_10163_CS101,STU_10163,CS101,4,5,7,7,78,7.16
LMS_STU_10163_DS201,STU_10163,DS201,2,5,5,10,31,5.13
LMS_STU_10163_MA102,STU_10163,MA102,3,4,7,9,80,8.42
LMS_STU_10163_SE301,STU_10163,SE301,2,5,7,2,50,5.69
LMS_STU_10164_CS101,STU_10164,CS101,2,4,7,8,55,12.35
LMS_STU_10164_DS201,STU_10164,DS201,4,4,4,1,54,14.45
LMS_STU_10164_MA102,STU_10164,MA102,4,5,8,10,58,10.02
LMS_STU_10164_SE301,STU_10164,SE301,2,5,5,6,56,8.61
LMS_STU_10165_CS101,STU_10165,CS101,2,4,8,6,46,12.02
LMS_STU_10165_DS201,STU_10165,DS201,1,5,6,6,31,11.89
LMS_STU_10165_MA102,STU_10165,MA102,4,4,8,4,77,7.54
LMS_STU_10165_SE301,STU_10165,SE301,4,4,8,2,46,7.94
LMS_STU_10166_CS101,STU_10166,CS101,4,1,1,2,22,3.48
LMS_STU_10166_DS201,STU_10166,DS201,2,2,3,2,17,3.66
LMS_STU_10166_MA102,STU_10166,MA102,3,2,1,1,10,2.67
LMS_STU_10166_SE301,STU_10166,SE301,1,1,2,2,25,2.79
LMS_STU_10167_CS101,STU_10167,CS101,1,4,6,1,62,12.11
LMS_STU_10167_DS201,STU_10167,DS201,2,4,6,6,34,6.79
LMS_STU_10167_MA102,STU_10167,MA102,2,5,6,5,78,5.87
LMS_STU_10167_SE301,STU_10167,SE301,2,4,7,9,63,6.08
LMS_STU_10168_CS101,STU_10168,CS101,4,5,5,6,31,9.58
LMS_STU_10168_DS201,STU_10168,DS201,3,4,8,3,32,13.21
LMS_STU_10168_MA102,STU_10168,MA102,3,4,4,8,62,9.28
LMS_STU_10168_SE301,STU_10168,SE301,4,5,6,1,32,12.77
LMS_STU_10169_CS101,STU_10169,CS101,2,5,7,7,75,5.6
LMS_STU_10169_DS201,STU_10169,DS201,2,5,7,4,43,14.97
LMS_STU_10169_MA102,STU_10169,MA102,1,5,5,5,60,7.81
LMS_STU_10169_SE301,STU_10169,SE301,3,4,7,4,39,11.16
LMS_STU_10170_CS101,STU_10170,CS101,4,5,4,5,62,13.81
LMS_STU_10170_DS201,STU_10170,DS201,2,5,5,7,49,10.46
LMS_STU_10170_MA102,STU_10170,MA102,1,5,8,3,74,9.5
LMS_STU_10170_SE301,STU_10170,SE301,3,5,7,4,33,12.62
LMS_STU_10171_CS101,STU_10171,CS101,1,3,2,0,12,2.73
LMS_STU_10171_DS201,STU_10171,DS201,3,1,3,1,19,1.56
LMS_STU_10171_MA102,STU_10171,MA102,1,1,3,2,14,2.32
LMS_STU_10171_SE301,STU_10171,SE301,2,3,3,2,23,3.57
LMS_STU_10172_CS101,STU_10172,CS101,4,4,8,8,60,9.79
LMS_STU_10172_DS201,STU_10172,DS201,3,5,4,3,44,7.98
LMS_STU_10172_MA102,STU_10172,MA102,4,4,6,6,37,13.86
LMS_STU_10172_SE301,STU_10172,SE301,4,5,4,3,64,11.47
LMS_STU_10173_CS101,STU_10173,CS101,2,5,6,7,51,6.81
LMS_STU_10173_DS201,STU_10173,DS201,2,5,7,6,54,6.79
LMS_STU_10173_MA102,STU_10173,MA102,3,5,6,5,30,7.34
LMS_STU_10173_SE301,STU_10173,SE301,3,4,8,8,53,11.2
LMS_STU_10174_CS101,STU_10174,CS101,3,4,7,5,70,14.39
LMS_STU_10174_DS201,STU_10174,DS201,2,4,8,5,58,5.34
LMS_STU_10174_MA102,STU_10174,MA102,3,5,7,7,52,10.04
LMS_STU_10174_SE301,STU_10174,SE301,2,4,4,9,76,11.55
LMS_STU_10175_CS101,STU_10175,CS101,4,4,7,1,47,13.58
LMS_STU_10175_DS201,STU_10175,DS201,3,4,8,8,34,13.51
LMS_STU_10175_MA102,STU_10175,MA102,3,4,6,5,44,5.25
LMS_STU_10175_SE301,STU_10175,SE301,4,4,8,6,49,7.7
LMS_STU_10176_CS101,STU_10176,CS101,2,3,1,0,18,3.55
LMS_STU_10176_DS201,STU_10176,DS201,1,3,3,1,22,3.26
LMS_STU_10176_MA102,STU_10176,MA102,1,4,2,0,18,3.85
LMS_STU_10176_SE301,STU_10176,SE301,2,4,1,1,24,3.51
LMS_STU_10177_CS101,STU_10177,CS101,1,4,6,8,65,9.56
LMS_STU_10177_DS201,STU_10177,DS201,4,4,6,7,37,13.39
LMS_STU_10177_MA102,STU_10177,MA102,4,4,4,8,43,8.78
LMS_STU_10177_SE301,STU_10177,SE301,4,4,5,9,76,9.95
LMS_STU_10178_CS101,STU_10178,CS101,1,5,4,4,34,10.69
LMS_STU_10178_DS201,STU_10178,DS201,1,5,7,7,79,12.18
LMS_STU_10178_MA102,STU_10178,MA102,4,4,6,7,69,12.24
LMS_STU_10178_SE301,STU_10178,SE301,4,5,7,3,77,5.76
LMS_STU_10179_CS101,STU_10179,CS101,2,4,6,8,66,14.74
LMS_STU_10179_DS201,STU_10179,DS201,2,4,6,8,55,11.52
LMS_STU_10179_MA102,STU_10179,MA102,4,5,4,8,36,8.92
LMS_STU_10179_SE301,STU_10179,SE301,4,4,6,9,72,10.71
LMS_STU_10180_CS101,STU_10180,CS101,4,4,6,8,64,8.71
LMS_STU_10180_DS201,STU_10180,DS201,2,4,6,3,68,10.03
LMS_STU_10180_MA102,STU_10180,MA102,1,4,6,2,44,12.77
LMS_STU_10180_SE301,STU_10180,SE301,2,5,6,5,38,14.96
LMS_STU_10181_CS101,STU_10181,CS101,4,1,1,1,20,2.79
LMS_STU_10181_DS201,STU_10181,DS201,2,2,1,2,13,3.57
LMS_STU_10181_MA102,STU_10181,MA102,3,1,2,0,10,2.63
LMS_STU_10181_SE301,STU_10181,SE301,1,4,2,1,23,3.94
LMS_STU_10182_CS101,STU_10182,CS101,2,4,5,2,80,13.48
LMS_STU_10182_DS201,STU_10182,DS201,3,5,5,9,42,6.93
LMS_STU_10182_MA102,STU_10182,MA102,3,4,6,6,30,13.55
LMS_STU_10182_SE301,STU_10182,SE301,3,4,5,3,76,5.89
LMS_STU_10183_CS101,STU_10183,CS101,1,4,6,5,74,9.03
LMS_STU_10183_DS201,STU_10183,DS201,3,4,6,10,67,11.69
LMS_STU_10183_MA102,STU_10183,MA102,3,5,7,1,44,5.95
LMS_STU_10183_SE301,STU_10183,SE301,4,4,6,7,64,11.58
LMS_STU_10184_CS101,STU_10184,CS101,2,5,8,4,41,5.41
LMS_STU_10184_DS201,STU_10184,DS201,3,4,6,5,53,8.88
LMS_STU_10184_MA102,STU_10184,MA102,2,5,7,10,62,10.16
LMS_STU_10184_SE301,STU_10184,SE301,2,5,8,7,45,9.19
LMS_STU_10185_CS101,STU_10185,CS101,3,5,6,10,62,13.76
LMS_STU_10185_DS201,STU_10185,DS201,1,5,5,3,80,9.13
LMS_STU_10185_MA102,STU_10185,MA102,4,4,8,3,70,5.27
LMS_STU_10185_SE301,STU_10185,SE301,1,5,5,10,48,6.47
LMS_STU_10186_CS101,STU_10186,CS101,2,1,1,2,15,2.17
LMS_STU_10186_DS201,STU_10186,DS201,3,2,3,2,20,1.63
LMS_STU_10186_MA102,STU_10186,MA102,4,2,1,2,16,2.76
LMS_STU_10186_SE301,STU_10186,SE301,2,1,1,0,10,2.04
LMS_STU_10187_CS101,STU_10187,CS101,2,4,8,10,32,6.05
LMS_STU_10187_DS201,STU_10187,DS201,1,5,8,6,49,9.9
LMS_STU_10187_MA102,STU_10187,MA102,4,4,7,9,78,5.61
LMS_STU_10187_SE301,STU_10187,SE301,4,4,5,1,49,12.27
LMS_STU_10188_CS101,STU_10188,CS101,1,4,6,5,56,10.21
LMS_STU_10188_DS201,STU_10188,DS201,1,4,4,5,43,14.18
LMS_STU_10188_MA102,STU_10188,MA102,4,4,6,8,46,6.96
LMS_STU_10188_SE301,STU_10188,SE301,1,4,4,6,47,10.74
LMS_STU_10189_CS101,STU_10189,CS101,2,4,7,10,77,14.69
LMS_STU_10189_DS201,STU_10189,DS201,4,4,8,2,45,8.79
LMS_STU_10189_MA102,STU_10189,MA102,1,5,7,6,74,10.69
LMS_STU_10189_SE301,STU_10189,SE301,1,5,8,5,64,11.34
LMS_STU_10190_CS101,STU_10190,CS101,4,4,8,1,34,9.21
LMS_STU_10190_DS201,STU_10190,DS201,1,4,4,6,72,7.17
LMS_STU_10190_MA102,STU_10190,MA102,4,4,8,7,48,7.1
LMS_STU_10190_SE301,STU_10190,SE301,3,5,5,5,68,9.93
LMS_STU_10191_CS101,STU_10191,CS101,2,1,1,2,23,1.58
LMS_STU_10191_DS201,STU_10191,DS201,1,3,1,1,16,3.51
LMS_STU_10191_MA102,STU_10191,MA102,1,3,1,0,21,3.91
LMS_STU_10191_SE301,STU_10191,SE301,2,3,3,2,10,3.66
LMS_STU_10192_CS101,STU_10192,CS101,3,5,4,5,56,7.76
LMS_STU_10192_DS201,STU_10192,DS201,3,5,6,2,73,9.05
LMS_STU_10192_MA102,STU_10192,MA102,2,4,6,1,51,13.92
LMS_STU_10192_SE301,STU_10192,SE301,4,5,4,2,70,10.66
LMS_STU_10193_CS101,STU_10193,CS101,3,4,8,2,70,5.01
LMS_STU_10193_DS201,STU_10193,DS201,1,5,7,8,58,11.87
LMS_STU_10193_MA102,STU_10193,MA102,3,4,4,9,51,11.76
LMS_STU_10193_SE301,STU_10193,SE301,4,4,6,4,68,7.6
LMS_STU_10194_CS101,STU_10194,CS101,1,4,8,9,67,14.87
LMS_STU_10194_DS201,STU_10194,DS201,3,5,7,9,80,7.0
LMS_STU_10194_MA102,STU_10194,MA102,1,4,7,1,43,9.52
LMS_STU_10194_SE301,STU_10194,SE301,2,4,5,1,53,14.67
LMS_STU_10195_CS101,STU_10195,CS101,4,5,8,6,43,11.92
LMS_STU_10195_DS201,STU_10195,DS201,4,5,8,8,65,5.78
LMS_STU_10195_MA102,STU_10195,MA102,2,5,4,10,52,11.91
LMS_STU_10195_SE301,STU_10195,SE301,1,5,4,6,33,12.44
LMS_STU_10196_CS101,STU_10196,CS101,1,2,3,2,22,1.69
LMS_STU_10196_DS201,STU_10196,DS201,1,1,1,1,21,2.26
LMS_STU_10196_MA102,STU_10196,MA102,1,2,3,0,18,2.77
LMS_STU_10196_SE301,STU_10196,SE301,1,1,3,2,19,3.2
LMS_STU_10197_CS101,STU_10197,CS101,2,5,6,4,74,10.72
LMS_STU_10197_DS201,STU_10197,DS201,2,5,6,7,35,7.72
LMS_STU_10197_MA102,STU_10197,MA102,1,4,8,9,58,5.61
LMS_STU_10197_SE301,STU_10197,SE301,1,4,5,2,51,6.46
LMS_STU_10198_CS101,STU_10198,CS101,3,4,7,7,37,6.11
LMS_STU_10198_DS201,STU_10198,DS201,3,4,5,5,78,12.03
LMS_STU_10198_MA102,STU_10198,MA102,4,5,5,7,34,6.32
LMS_STU_10198_SE301,STU_10198,SE301,4,5,8,5,63,5.88
LMS_STU_10199_CS101,STU_10199,CS101,1,4,4,2,40,12.1
LMS_STU_10199_DS201,STU_10199,DS201,2,4,4,7,59,10.8
LMS_STU_10199_MA102,STU_10199,MA102,4,5,6,7,71,9.65
LMS_STU_10199_SE301,STU_10199,SE301,2,4,5,9,76,11.47
LMS_STU_10200_CS101,STU_10200,CS101,2,5,8,5,36,7.93
LMS_STU_10200_DS201,STU_10200,DS201,3,5,7,3,41,13.02
LMS_STU_10200_MA102,STU_10200,MA102,1,5,6,10,71,5.56
LMS_STU_10200_SE301,STU_10200,SE301,2,4,6,10,53,5.07
LMS_STU_10201_CS101,STU_10201,CS101,3,2,3,2,12,2.59
LMS_STU_10201_DS201,STU_10201,DS201,2,4,1,1,24,2.73
LMS_STU_10201_MA102,STU_10201,MA102,1,1,3,2,25,1.96
LMS_STU_10201_SE301,STU_10201,SE301,3,1,1,1,12,3.79
LMS_STU_10202_CS101,STU_10202,CS101,3,5,8,9,77,13.37
LMS_STU_10202_DS201,STU_10202,DS201,1,5,6,6,35,10.52
LMS_STU_10202_MA102,STU_10202,MA102,3,5,5,10,57,7.56
LMS_STU_10202_SE301,STU_10202,SE301,3,4,5,2,60,6.98
LMS_STU_10203_CS101,STU_10203,CS101,3,4,6,9,60,14.26
LMS_STU_10203_DS201,STU_10203,DS201,2,4,5,1,39,11.17
LMS_STU_10203_MA102,STU_10203,MA102,4,4,7,6,79,6.06
LMS_STU_10203_SE301,STU_10203,SE301,2,5,5,1,49,11.25
LMS_STU_10204_CS101,STU_10204,CS101,4,4,5,2,48,8.63
LMS_STU_10204_DS201,STU_10204,DS201,4,4,6,4,33,7.19
LMS_STU_10204_MA102,STU_10204,MA102,2,5,4,4,31,5.15
LMS_STU_10204_SE301,STU_10204,SE301,1,4,4,5,57,8.02
LMS_STU_10205_CS101,STU_10205,CS101,3,4,4,5,45,9.65
LMS_STU_10205_DS201,STU_10205,DS201,4,4,6,6,72,14.08
LMS_STU_10205_MA102,STU_10205,MA102,2,4,7,8,31,14.42
LMS_STU_10205_SE301,STU_10205,SE301,2,5,4,5,66,9.66
LMS_STU_10206_CS101,STU_10206,CS101,4,4,3,0,21,2.51
LMS_STU_10206_DS201,STU_10206,DS201,4,3,1,0,16,2.37
LMS_STU_10206_MA102,STU_10206,MA102,4,4,2,2,22,2.63
LMS_STU_10206_SE301,STU_10206,SE301,4,4,1,0,23,2.77
LMS_STU_10207_CS101,STU_10207,CS101,1,5,4,2,69,13.64
LMS_STU_10207_DS201,STU_10207,DS201,4,5,4,6,70,6.84
LMS_STU_10207_MA102,STU_10207,MA102,1,4,4,3,80,13.32
LMS_STU_10207_SE301,STU_10207,SE301,1,5,5,3,74,8.69
LMS_STU_10208_CS101,STU_10208,CS101,2,4,5,4,78,10.52
LMS_STU_10208_DS201,STU_10208,DS201,3,4,5,2,56,13.95
LMS_STU_10208_MA102,STU_10208,MA102,1,5,7,10,72,9.72
LMS_STU_10208_SE301,STU_10208,SE301,3,5,8,8,32,9.88
LMS_STU_10209_CS101,STU_10209,CS101,1,5,4,2,37,8.7
LMS_STU_10209_DS201,STU_10209,DS201,4,4,5,10,33,14.14
LMS_STU_10209_MA102,STU_10209,MA102,4,4,6,6,63,9.01
LMS_STU_10209_SE301,STU_10209,SE301,2,5,6,3,43,9.03
LMS_STU_10210_CS101,STU_10210,CS101,2,5,6,9,64,12.21
LMS_STU_10210_DS201,STU_10210,DS201,3,5,8,4,58,5.69
LMS_STU_10210_MA102,STU_10210,MA102,3,5,8,8,52,13.64
LMS_STU_10210_SE301,STU_10210,SE301,1,5,7,2,34,13.89
LMS_STU_10211_CS101,STU_10211,CS101,4,3,3,1,18,1.62
LMS_STU_10211_DS201,STU_10211,DS201,2,4,2,2,18,1.92
LMS_STU_10211_MA102,STU_10211,MA102,3,2,2,2,16,2.52
LMS_STU_10211_SE301,STU_10211,SE301,4,1,2,1,22,3.46
LMS_STU_10212_CS101,STU_10212,CS101,4,4,4,9,63,5.76
LMS_STU_10212_DS201,STU_10212,DS201,1,4,7,8,71,7.2
LMS_STU_10212_MA102,STU_10212,MA102,4,5,6,10,56,9.38
LMS_STU_10212_SE301,STU_10212,SE301,3,5,5,8,45,11.92
LMS_STU_10213_CS101,STU_10213,CS101,2,4,8,9,36,8.18
LMS_STU_10213_DS201,STU_10213,DS201,4,5,6,2,43,12.91
LMS_STU_10213_MA102,STU_10213,MA102,3,5,6,8,68,9.57
LMS_STU_10213_SE301,STU_10213,SE301,1,5,8,1,60,13.93
LMS_STU_10214_CS101,STU_10214,CS101,1,5,6,6,43,5.27
LMS_STU_10214_DS201,STU_10214,DS201,1,4,7,4,36,12.76
LMS_STU_10214_MA102,STU_10214,MA102,3,4,5,8,41,14.62
LMS_STU_10214_SE301,STU_10214,SE301,2,4,5,10,70,10.54
LMS_STU_10215_CS101,STU_10215,CS101,4,5,5,5,33,8.67
LMS_STU_10215_DS201,STU_10215,DS201,3,4,6,2,61,9.69
LMS_STU_10215_MA102,STU_10215,MA102,3,5,6,3,71,9.04
LMS_STU_10215_SE301,STU_10215,SE301,2,5,5,8,49,6.54
LMS_STU_10216_CS101,STU_10216,CS101,2,2,1,0,14,1.63
LMS_STU_10216_DS201,STU_10216,DS201,1,1,2,1,22,1.6
LMS_STU_10216_MA102,STU_10216,MA102,2,4,2,0,11,3.88
LMS_STU_10216_SE301,STU_10216,SE301,1,3,3,1,23,1.62
LMS_STU_10217_CS101,STU_10217,CS101,4,5,5,8,40,8.74
LMS_STU_10217_DS201,STU_10217,DS201,1,4,5,2,77,10.73
LMS_STU_10217_MA102,STU_10217,MA102,4,4,5,1,53,12.32
LMS_STU_10217_SE301,STU_10217,SE301,4,5,4,7,66,8.88
LMS_STU_10218_CS101,STU_10218,CS101,1,5,8,9,46,7.73
LMS_STU_10218_DS201,STU_10218,DS201,3,4,5,7,46,10.8
LMS_STU_10218_MA102,STU_10218,MA102,3,4,4,1,32,12.95
LMS_STU_10218_SE301,STU_10218,SE301,2,4,8,10,54,9.92
LMS_STU_10219_CS101,STU_10219,CS101,1,5,4,7,39,7.45
LMS_STU_10219_DS201,STU_10219,DS201,2,4,6,2,74,14.63
LMS_STU_10219_MA102,STU_10219,MA102,4,5,4,10,54,9.73
LMS_STU_10219_SE301,STU_10219,SE301,2,5,4,6,63,9.3
LMS_STU_10220_CS101,STU_10220,CS101,2,4,6,4,47,13.99
LMS_STU_10220_DS201,STU_10220,DS201,2,4,7,1,48,7.17
LMS_STU_10220_MA102,STU_10220,MA102,1,5,7,3,40,6.43
LMS_STU_10220_SE301,STU_10220,SE301,4,5,8,10,51,14.13
LMS_STU_10221_CS101,STU_10221,CS101,2,4,2,1,15,2.85
LMS_STU_10221_DS201,STU_10221,DS201,4,1,1,1,22,3.96
LMS_STU_10221_MA102,STU_10221,MA102,4,4,1,2,11,1.8
LMS_STU_10221_SE301,STU_10221,SE301,1,2,1,2,21,1.93
LMS_STU_10222_CS101,STU_10222,CS101,2,4,8,4,53,14.24
LMS_STU_10222_DS201,STU_10222,DS201,2,4,5,8,61,8.35
LMS_STU_10222_MA102,STU_10222,MA102,3,5,8,1,55,11.53
LMS_STU_10222_SE301,STU_10222,SE301,2,5,6,9,73,11.09
LMS_STU_10223_CS101,STU_10223,CS101,3,5,4,5,37,14.26
LMS_STU_10223_DS201,STU_10223,DS201,2,5,4,7,76,12.44
LMS_STU_10223_MA102,STU_10223,MA102,3,5,5,8,67,7.48
LMS_STU_10223_SE301,STU_10223,SE301,4,4,5,2,49,11.7
LMS_STU_10224_CS101,STU_10224,CS101,1,5,8,1,49,9.74
LMS_STU_10224_DS201,STU_10224,DS201,4,4,4,3,69,13.57
LMS_STU_10224_MA102,STU_10224,MA102,3,5,6,2,67,12.48
LMS_STU_10224_SE301,STU_10224,SE301,3,4,7,8,32,6.67
LMS_STU_10225_CS101,STU_10225,CS101,4,5,4,6,30,7.06
LMS_STU_10225_DS201,STU_10225,DS201,4,4,5,8,41,14.8
LMS_STU_10225_MA102,STU_10225,MA102,3,5,6,6,55,5.1
LMS_STU_10225_SE301,STU_10225,SE301,3,4,4,10,67,5.31
LMS_STU_10226_CS101,STU_10226,CS101,4,3,2,2,17,1.94
LMS_STU_10226_DS201,STU_10226,DS201,2,4,2,2,12,3.4
LMS_STU_10226_MA102,STU_10226,MA102,1,4,3,1,13,1.95
LMS_STU_10226_SE301,STU_10226,SE301,2,4,1,2,12,2.51
LMS_STU_10227_CS101,STU_10227,CS101,3,4,5,3,68,6.42
LMS_STU_10227_DS201,STU_10227,DS201,3,4,8,5,34,10.52
LMS_STU_10227_MA102,STU_10227,MA102,3,5,7,2,61,9.05
LMS_STU_10227_SE301,STU_10227,SE301,4,4,5,5,53,13.41
LMS_STU_10228_CS101,STU_10228,CS101,2,5,7,1,61,10.85
LMS_STU_10228_DS201,STU_10228,DS201,2,4,6,1,62,7.01
LMS_STU_10228_MA102,STU_10228,MA102,2,5,8,4,55,13.5
LMS_STU_10228_SE301,STU_10228,SE301,1,5,8,3,54,9.15
LMS_STU_10229_CS101,STU_10229,CS101,4,5,8,1,64,14.45
LMS_STU_10229_DS201,STU_10229,DS201,4,5,7,6,45,5.51
LMS_STU_10229_MA102,STU_10229,MA102,1,4,5,8,53,5.14
LMS_STU_10229_SE301,STU_10229,SE301,2,5,4,5,60,13.74
LMS_STU_10230_CS101,STU_10230,CS101,2,4,5,4,58,13.02
LMS_STU_10230_DS201,STU_10230,DS201,3,4,4,4,60,7.89
LMS_STU_10230_MA102,STU_10230,MA102,2,5,8,4,67,6.75
LMS_STU_10230_SE301,STU_10230,SE301,2,5,8,10,47,13.74
LMS_STU_10231_CS101,STU_10231,CS101,3,3,1,1,23,3.35
LMS_STU_10231_DS201,STU_10231,DS201,2,2,3,2,17,3.85
LMS_STU_10231_MA102,STU_10231,MA102,2,2,2,0,25,1.93
LMS_STU_10231_SE301,STU_10231,SE301,1,3,3,2,13,3.08
LMS_STU_10232_CS101,STU_10232,CS101,4,4,8,1,67,12.99
LMS_STU_10232_DS201,STU_10232,DS201,1,4,6,1,69,7.08
LMS_STU_10232_MA102,STU_10232,MA102,4,4,7,3,47,12.78
LMS_STU_10232_SE301,STU_10232,SE301,3,4,5,8,53,11.02
LMS_STU_10233_CS101,STU_10233,CS101,2,5,7,4,38,11.9
LMS_STU_10233_DS201,STU_10233,DS201,4,4,5,3,36,13.0
LMS_STU_10233_MA102,STU_10233,MA102,3,4,5,6,33,12.77
LMS_STU_10233_SE301,STU_10233,SE301,4,4,5,10,58,7.54
LMS_STU_10234_CS101,STU_10234,CS101,1,4,7,6,74,14.89
LMS_STU_10234_DS201,STU_10234,DS201,1,5,4,9,55,6.73
LMS_STU_10234_MA102,STU_10234,MA102,3,5,4,4,42,10.81
LMS_STU_10234_SE301,STU_10234,SE301,4,4,6,8,50,13.44
LMS_STU_10235_CS101,STU_10235,CS101,4,5,6,8,34,14.76
LMS_STU_10235_DS201,STU_10235,DS201,1,4,5,3,72,5.04
LMS_STU_10235_MA102,STU_10235,MA102,2,4,8,2,67,12.1
LMS_STU_10235_SE301,STU_10235,SE301,3,5,6,6,33,12.75
LMS_STU_10236_CS101,STU_10236,CS101,2,4,3,2,20,3.99
LMS_STU_10236_DS201,STU_10236,DS201,1,4,2,2,23,3.12
LMS_STU_10236_MA102,STU_10236,MA102,3,3,3,2,12,3.85
LMS_STU_10236_SE301,STU_10236,SE301,4,4,3,1,22,1.65
LMS_STU_10237_CS101,STU_10237,CS101,2,4,5,7,47,14.83
LMS_STU_10237_DS201,STU_10237,DS201,3,4,6,4,58,11.67
LMS_STU_10237_MA102,STU_10237,MA102,3,4,6,3,48,11.07
LMS_STU_10237_SE301,STU_10237,SE301,4,4,7,4,37,9.97
LMS_STU_10238_CS101,STU_10238,CS101,4,5,6,3,41,6.45
LMS_STU_10238_DS201,STU_10238,DS201,2,5,5,2,75,12.94
LMS_STU_10238_MA102,STU_10238,MA102,4,4,8,2,72,12.33
LMS_STU_10238_SE301,STU_10238,SE301,1,4,6,8,43,6.04
LMS_STU_10239_CS101,STU_10239,CS101,3,4,4,3,67,14.28
LMS_STU_10239_DS201,STU_10239,DS201,2,5,4,9,77,7.06
LMS_STU_10239_MA102,STU_10239,MA102,2,5,4,1,49,8.14
LMS_STU_10239_SE301,STU_10239,SE301,3,4,5,6,71,9.26
LMS_STU_10240_CS101,STU_10240,CS101,2,5,5,2,74,9.39
LMS_STU_10240_DS201,STU_10240,DS201,1,4,7,4,42,12.6
LMS_STU_10240_MA102,STU_10240,MA102,3,5,4,6,46,13.65
LMS_STU_10240_SE301,STU_10240,SE301,2,4,8,3,50,8.03
LMS_STU_10241_CS101,STU_10241,CS101,4,4,3,2,14,3.22
LMS_STU_10241_DS201,STU_10241,DS201,2,1,2,2,14,2.92
LMS_STU_10241_MA102,STU_10241,MA102,3,3,3,2,11,1.93
LMS_STU_10241_SE301,STU_10241,SE301,3,3,2,0,23,2.93
LMS_STU_10242_CS101,STU_10242,CS101,1,4,7,3,53,14.41
LMS_STU_10242_DS201,STU_10242,DS201,2,4,6,6,45,12.3
LMS_STU_10242_MA102,STU_10242,MA102,3,4,5,4,63,14.66
LMS_STU_10242_SE301,STU_10242,SE301,1,4,7,8,74,7.91
LMS_STU_10243_CS101,STU_10243,CS101,4,4,7,2,57,13.26
LMS_STU_10243_DS201,STU_10243,DS201,3,5,5,4,58,11.82
LMS_STU_10243_MA102,STU_10243,MA102,4,4,7,8,35,6.27
LMS_STU_10243_SE301,STU_10243,SE301,3,5,4,7,68,12.53
LMS_STU_10244_CS101,STU_10244,CS101,3,4,4,3,36,9.53
LMS_STU_10244_DS201,STU_10244,DS201,3,4,7,10,79,9.51
LMS_STU_10244_MA102,STU_10244,MA102,4,5,5,1,47,5.89
LMS_STU_10244_SE301,STU_10244,SE301,4,4,8,4,34,11.16
LMS_STU_10245_CS101,STU_10245,CS101,1,5,7,9,70,9.52
LMS_STU_10245_DS201,STU_10245,DS201,4,5,7,5,30,13.89
LMS_STU_10245_MA102,STU_10245,MA102,1,4,6,6,45,13.77
LMS_STU_10245_SE301,STU_10245,SE301,4,5,6,1,46,8.91
LMS_STU_10246_CS101,STU_10246,CS101,1,4,1,1,17,2.85
LMS_STU_10246_DS201,STU_10246,DS201,3,1,1,2,24,1.81
LMS_STU_10246_MA102,STU_10246,MA102,4,4,2,1,21,2.6
LMS_STU_10246_SE301,STU_10246,SE301,1,3,1,1,14,2.39
LMS_STU_10247_CS101,STU_10247,CS101,1,5,7,4,56,11.77
LMS_STU_10247_DS201,STU_10247,DS201,1,4,8,6,71,8.22
LMS_STU_10247_MA102,STU_10247,MA102,2,4,4,4,39,11.18
LMS_STU_10247_SE301,STU_10247,SE301,4,5,8,4,49,7.03
LMS_STU_10248_CS101,STU_10248,CS101,3,5,8,10,36,13.71
LMS_STU_10248_DS201,STU_10248,DS201,4,5,7,4,62,8.62
LMS_STU_10248_MA102,STU_10248,MA102,4,4,5,6,75,11.47
LMS_STU_10248_SE301,STU_10248,SE301,3,4,7,7,42,9.21
LMS_STU_10249_CS101,STU_10249,CS101,2,5,4,2,59,13.12
LMS_STU_10249_DS201,STU_10249,DS201,4,5,5,6,68,12.57
LMS_STU_10249_MA102,STU_10249,MA102,3,4,8,5,53,13.07
LMS_STU_10249_SE301,STU_10249,SE301,4,5,8,3,68,7.64
LMS_STU_10250_CS101,STU_10250,CS101,4,4,4,10,66,12.31
LMS_STU_10250_DS201,STU_10250,DS201,2,5,6,5,37,9.47
LMS_STU_10250_MA102,STU_10250,MA102,2,5,5,2,49,13.97
LMS_STU_10250_SE301,STU_10250,SE301,1,5,5,2,52,7.52
LMS_STU_10251_CS101,STU_10251,CS101,1,4,2,1,14,2.28
LMS_STU_10251_DS201,STU_10251,DS201,2,3,2,1,11,2.27
LMS_STU_10251_MA102,STU_10251,MA102,3,2,3,2,25,3.09
LMS_STU_10251_SE301,STU_10251,SE301,4,1,1,1,18,3.8
LMS_STU_10252_CS101,STU_10252,CS101,4,5,5,1,58,12.89
LMS_STU_10252_DS201,STU_10252,DS201,4,5,6,2,72,11.45
LMS_STU_10252_MA102,STU_10252,MA102,1,5,6,2,69,13.51
LMS_STU_10252_SE301,STU_10252,SE301,1,5,5,4,47,14.51
LMS_STU_10253_CS101,STU_10253,CS101,4,4,6,1,47,6.18
LMS_STU_10253_DS201,STU_10253,DS201,1,5,4,9,39,10.64
LMS_STU_10253_MA102,STU_10253,MA102,2,4,8,3,50,5.88
LMS_STU_10253_SE301,STU_10253,SE301,2,4,4,3,67,11.88
LMS_STU_10254_CS101,STU_10254,CS101,1,4,4,5,58,7.57
LMS_STU_10254_DS201,STU_10254,DS201,4,4,8,10,33,12.08
LMS_STU_10254_MA102,STU_10254,MA102,3,5,5,4,60,10.04
LMS_STU_10254_SE301,STU_10254,SE301,1,5,8,8,52,9.8
LMS_STU_10255_CS101,STU_10255,CS101,3,5,7,9,48,7.84
LMS_STU_10255_DS201,STU_10255,DS201,4,4,5,4,45,12.77
LMS_STU_10255_MA102,STU_10255,MA102,3,5,6,2,66,14.19
LMS_STU_10255_SE301,STU_10255,SE301,2,5,8,4,80,5.53
LMS_STU_10256_CS101,STU_10256,CS101,2,3,1,0,11,1.79
LMS_STU_10256_DS201,STU_10256,DS201,1,4,3,1,18,3.51
LMS_STU_10256_MA102,STU_10256,MA102,1,2,2,2,17,3.69
LMS_STU_10256_SE301,STU_10256,SE301,3,1,2,2,25,3.35
LMS_STU_10257_CS101,STU_10257,CS101,2,4,6,4,78,12.09
LMS_STU_10257_DS201,STU_10257,DS201,1,5,4,9,76,13.18
LMS_STU_10257_MA102,STU_10257,MA102,1,4,4,7,72,5.17
LMS_STU_10257_SE301,STU_10257,SE301,4,4,8,3,44,5.67
LMS_STU_10258_CS101,STU_10258,CS101,4,5,8,2,73,5.85
LMS_STU_10258_DS201,STU_10258,DS201,1,4,5,4,64,10.57
LMS_STU_10258_MA102,STU_10258,MA102,4,5,4,3,72,12.93
LMS_STU_10258_SE301,STU_10258,SE301,4,5,5,6,57,8.1
LMS_STU_10259_CS101,STU_10259,CS101,1,4,8,4,52,7.92
LMS_STU_10259_DS201,STU_10259,DS201,4,4,8,7,45,10.92
LMS_STU_10259_MA102,STU_10259,MA102,4,4,6,1,72,6.57
LMS_STU_10259_SE301,STU_10259,SE301,3,4,4,4,34,9.75
LMS_STU_10260_CS101,STU_10260,CS101,3,4,6,6,30,11.07
LMS_STU_10260_DS201,STU_10260,DS201,1,4,8,6,79,9.79
LMS_STU_10260_MA102,STU_10260,MA102,4,4,8,6,45,10.76
LMS_STU_10260_SE301,STU_10260,SE301,1,4,7,8,44,7.2
LMS_STU_10261_CS101,STU_10261,CS101,2,4,2,1,16,3.87
LMS_STU_10261_DS201,STU_10261,DS201,3,1,1,2,19,2.94
LMS_STU_10261_MA102,STU_10261,MA102,4,2,1,2,21,2.87
LMS_STU_10261_SE301,STU_10261,SE301,3,2,1,0,10,3.2
LMS_STU_10262_CS101,STU_10262,CS101,1,5,6,5,79,8.08
LMS_STU_10262_DS201,STU_10262,DS201,3,5,8,3,30,9.47
LMS_STU_10262_MA102,STU_10262,MA102,1,5,4,9,59,5.14
LMS_STU_10262_SE301,STU_10262,SE301,2,4,5,2,76,11.52
LMS_STU_10263_CS101,STU_10263,CS101,4,5,8,10,33,6.34
LMS_STU_10263_DS201,STU_10263,DS201,3,4,8,2,31,14.61
LMS_STU_10263_MA102,STU_10263,MA102,2,4,4,5,36,12.23
LMS_STU_10263_SE301,STU_10263,SE301,2,5,5,9,78,5.68
LMS_STU_10264_CS101,STU_10264,CS101,2,5,5,10,51,13.18
LMS_STU_10264_DS201,STU_10264,DS201,4,5,6,2,39,9.31
LMS_STU_10264_MA102,STU_10264,MA102,4,4,4,8,78,11.07
LMS_STU_10264_SE301,STU_10264,SE301,2,4,4,3,40,8.49
LMS_STU_10265_CS101,STU_10265,CS101,4,5,7,7,64,11.23
LMS_STU_10265_DS201,STU_10265,DS201,2,4,5,8,48,9.18
LMS_STU_10265_MA102,STU_10265,MA102,1,4,5,5,53,10.77
LMS_STU_10265_SE301,STU_10265,SE301,3,4,8,6,55,14.37
LMS_STU_10266_CS101,STU_10266,CS101,4,2,1,2,15,2.99
LMS_STU_10266_DS201,STU_10266,DS201,3,1,3,2,19,3.69
LMS_STU_10266_MA102,STU_10266,MA102,1,3,2,1,16,3.4
LMS_STU_10266_SE301,STU_10266,SE301,4,2,2,2,15,2.37
LMS_STU_10267_CS101,STU_10267,CS101,4,5,8,6,64,9.28
LMS_STU_10267_DS201,STU_10267,DS201,3,5,7,7,67,8.58
LMS_STU_10267_MA102,STU_10267,MA102,3,5,7,1,50,6.18
LMS_STU_10267_SE301,STU_10267,SE301,4,5,4,7,59,10.99
LMS_STU_10268_CS101,STU_10268,CS101,4,5,6,2,36,8.74
LMS_STU_10268_DS201,STU_10268,DS201,1,5,8,3,51,9.13
LMS_STU_10268_MA102,STU_10268,MA102,4,4,6,3,57,7.62
LMS_STU_10268_SE301,STU_10268,SE301,4,5,4,9,33,12.85
LMS_STU_10269_CS101,STU_10269,CS101,3,5,7,1,74,14.52
LMS_STU_10269_DS201,STU_10269,DS201,4,4,8,3,62,8.71
LMS_STU_10269_MA102,STU_10269,MA102,3,4,7,3,78,9.65
LMS_STU_10269_SE301,STU_10269,SE301,1,4,4,10,40,6.81
LMS_STU_10270_CS101,STU_10270,CS101,2,4,5,4,65,5.13
LMS_STU_10270_DS201,STU_10270,DS201,3,5,7,3,61,8.78
LMS_STU_10270_MA102,STU_10270,MA102,3,4,6,9,59,7.64
LMS_STU_10270_SE301,STU_10270,SE301,4,4,6,2,38,11.73
LMS_STU_10271_CS101,STU_10271,CS101,3,3,2,2,17,3.33
LMS_STU_10271_DS201,STU_10271,DS201,3,2,3,0,20,2.75
LMS_STU_10271_MA102,STU_10271,MA102,3,1,2,2,21,2.06
LMS_STU_10271_SE301,STU_10271,SE301,3,3,1,0,25,3.13
LMS_STU_10272_CS101,STU_10272,CS101,3,4,5,1,66,11.93
LMS_STU_10272_DS201,STU_10272,DS201,1,4,7,5,78,10.75
LMS_STU_10272_MA102,STU_10272,MA102,2,4,4,2,48,13.94
LMS_STU_10272_SE301,STU_10272,SE301,4,4,5,7,31,10.65
LMS_STU_10273_CS101,STU_10273,CS101,1,4,6,1,48,11.73
LMS_STU_10273_DS201,STU_10273,DS201,3,5,4,10,71,9.52
LMS_STU_10273_MA102,STU_10273,MA102,3,4,4,6,69,9.91
LMS_STU_10273_SE301,STU_10273,SE301,2,5,6,6,68,12.35
LMS_STU_10274_CS101,STU_10274,CS101,2,4,4,5,40,5.17
LMS_STU_10274_DS201,STU_10274,DS201,3,4,8,3,64,11.27
LMS_STU_10274_MA102,STU_10274,MA102,4,5,6,10,32,13.33
LMS_STU_10274_SE301,STU_10274,SE301,4,4,6,6,32,12.06
LMS_STU_10275_CS101,STU_10275,CS101,3,4,6,2,68,5.48
LMS_STU_10275_DS201,STU_10275,DS201,2,5,6,8,78,9.66
LMS_STU_10275_MA102,STU_10275,MA102,1,5,8,7,72,14.03
LMS_STU_10275_SE301,STU_10275,SE301,4,4,7,10,47,6.13
LMS_STU_10276_CS101,STU_10276,CS101,3,1,1,2,18,3.47
LMS_STU_10276_DS201,STU_10276,DS201,2,4,3,1,21,2.97
LMS_STU_10276_MA102,STU_10276,MA102,3,2,2,1,11,3.23
LMS_STU_10276_SE301,STU_10276,SE301,2,2,2,2,13,3.55
LMS_STU_10277_CS101,STU_10277,CS101,4,5,8,1,57,13.86
LMS_STU_10277_DS201,STU_10277,DS201,2,5,7,2,31,5.11
LMS_STU_10277_MA102,STU_10277,MA102,2,5,4,3,31,14.23
LMS_STU_10277_SE301,STU_10277,SE301,3,5,8,7,67,6.1
LMS_STU_10278_CS101,STU_10278,CS101,4,4,6,10,46,13.81
LMS_STU_10278_DS201,STU_10278,DS201,3,5,5,4,60,8.59
LMS_STU_10278_MA102,STU_10278,MA102,3,4,5,9,77,9.74
LMS_STU_10278_SE301,STU_10278,SE301,4,4,4,9,63,5.89
LMS_STU_10279_CS101,STU_10279,CS101,1,4,5,4,80,9.73
LMS_STU_10279_DS201,STU_10279,DS201,3,4,5,4,36,7.66
LMS_STU_10279_MA102,STU_10279,MA102,2,5,4,8,30,11.69
LMS_STU_10279_SE301,STU_10279,SE301,1,4,7,9,61,12.72
LMS_STU_10280_CS101,STU_10280,CS101,4,4,5,9,61,12.59
LMS_STU_10280_DS201,STU_10280,DS201,1,4,5,3,41,12.36
LMS_STU_10280_MA102,STU_10280,MA102,2,4,4,5,48,10.19
LMS_STU_10280_SE301,STU_10280,SE301,2,5,4,10,61,10.15
LMS_STU_10281_CS101,STU_10281,CS101,1,4,2,2,21,2.69
LMS_STU_10281_DS201,STU_10281,DS201,1,3,1,2,20,3.98
LMS_STU_10281_MA102,STU_10281,MA102,1,1,3,2,15,2.78
LMS_STU_10281_SE301,STU_10281,SE301,2,2,2,0,25,1.61
LMS_STU_10282_CS101,STU_10282,CS101,1,4,4,4,61,9.92
LMS_STU_10282_DS201,STU_10282,DS201,3,4,6,1,44,14.87
LMS_STU_10282_MA102,STU_10282,MA102,1,5,7,10,40,8.32
LMS_STU_10282_SE301,STU_10282,SE301,1,5,5,4,45,14.22
LMS_STU_10283_CS101,STU_10283,CS101,1,4,7,9,40,12.6
LMS_STU_10283_DS201,STU_10283,DS201,1,4,6,3,69,14.56
LMS_STU_10283_MA102,STU_10283,MA102,4,5,8,6,48,9.04
LMS_STU_10283_SE301,STU_10283,SE301,1,4,7,8,30,11.34
LMS_STU_10284_CS101,STU_10284,CS101,4,4,4,9,38,14.45
LMS_STU_10284_DS201,STU_10284,DS201,2,5,4,8,79,11.56
LMS_STU_10284_MA102,STU_10284,MA102,4,5,6,4,54,6.52
LMS_STU_10284_SE301,STU_10284,SE301,2,4,5,6,32,11.33
LMS_STU_10285_CS101,STU_10285,CS101,1,4,5,5,46,14.24
LMS_STU_10285_DS201,STU_10285,DS201,4,5,4,10,38,13.2
LMS_STU_10285_MA102,STU_10285,MA102,1,5,8,10,67,7.57
LMS_STU_10285_SE301,STU_10285,SE301,3,5,8,8,39,8.52
LMS_STU_10286_CS101,STU_10286,CS101,4,2,3,0,19,2.72
LMS_STU_10286_DS201,STU_10286,DS201,3,2,3,0,24,3.59
LMS_STU_10286_MA102,STU_10286,MA102,4,2,3,1,10,3.85
LMS_STU_10286_SE301,STU_10286,SE301,4,3,1,1,19,2.15
LMS_STU_10287_CS101,STU_10287,CS101,4,5,7,5,63,5.68
LMS_STU_10287_DS201,STU_10287,DS201,3,5,5,6,38,12.03
LMS_STU_10287_MA102,STU_10287,MA102,4,5,7,6,31,13.85
LMS_STU_10287_SE301,STU_10287,SE301,2,4,6,4,35,9.76
LMS_STU_10288_CS101,STU_10288,CS101,3,4,4,4,68,5.98
LMS_STU_10288_DS201,STU_10288,DS201,4,5,6,5,63,7.19
LMS_STU_10288_MA102,STU_10288,MA102,2,5,7,8,38,12.48
LMS_STU_10288_SE301,STU_10288,SE301,4,4,6,5,39,6.63
LMS_STU_10289_CS101,STU_10289,CS101,1,4,6,1,75,7.04
LMS_STU_10289_DS201,STU_10289,DS201,2,5,4,3,48,9.75
LMS_STU_10289_MA102,STU_10289,MA102,2,4,7,3,32,9.45
LMS_STU_10289_SE301,STU_10289,SE301,1,5,6,4,60,5.49
LMS_STU_10290_CS101,STU_10290,CS101,1,5,5,3,45,10.96
LMS_STU_10290_DS201,STU_10290,DS201,4,5,5,4,53,6.59
LMS_STU_10290_MA102,STU_10290,MA102,1,5,8,4,70,9.6
LMS_STU_10290_SE301,STU_10290,SE301,3,4,7,4,40,14.47
LMS_STU_10291_CS101,STU_10291,CS101,3,3,1,2,11,2.89
LMS_STU_10291_DS201,STU_10291,DS201,3,1,3,0,13,3.5
LMS_STU_10291_MA102,STU_10291,MA102,3,2,3,0,25,3.54
LMS_STU_10291_SE301,STU_10291,SE301,2,3,1,2,10,2.53
LMS_STU_10292_CS101,STU_10292,CS101,2,4,8,6,51,6.88
LMS_STU_10292_DS201,STU_10292,DS201,3,4,5,5,66,11.77
LMS_STU_10292_MA102,STU_10292,MA102,1,5,5,1,47,5.5
LMS_STU_10292_SE301,STU_10292,SE301,2,4,6,3,47,12.75
LMS_STU_10293_CS101,STU_10293,CS101,1,4,8,2,73,12.4
LMS_STU_10293_DS201,STU_10293,DS201,4,4,4,7,42,7.22
LMS_STU_10293_MA102,STU_10293,MA102,3,4,4,9,71,12.96
LMS_STU_10293_SE301,STU_10293,SE301,4,4,6,5,60,10.03
LMS_STU_10294_CS101,STU_10294,CS101,1,5,4,3,35,14.11
LMS_STU_10294_DS201,STU_10294,DS201,2,5,7,10,64,14.42
LMS_STU_10294_MA102,STU_10294,MA102,4,4,4,3,49,13.51
LMS_STU_10294_SE301,STU_10294,SE301,2,5,5,5,48,11.51
LMS_STU_10295_CS101,STU_10295,CS101,3,4,4,8,54,10.71
LMS_STU_10295_DS201,STU_10295,DS201,1,5,5,9,43,5.85
LMS_STU_10295_MA102,STU_10295,MA102,4,5,8,10,52,6.07
LMS_STU_10295_SE301,STU_10295,SE301,4,5,4,2,64,5.48
LMS_STU_10296_CS101,STU_10296,CS101,3,3,2,0,14,2.67
LMS_STU_10296_DS201,STU_10296,DS201,4,1,1,2,14,2.06
LMS_STU_10296_MA102,STU_10296,MA102,4,2,2,1,21,1.73
LMS_STU_10296_SE301,STU_10296,SE301,1,1,1,1,23,3.38
LMS_STU_10297_CS101,STU_10297,CS101,3,5,6,4,67,12.79
LMS_STU_10297_DS201,STU_10297,DS201,4,4,8,5,58,14.72
LMS_STU_10297_MA102,STU_10297,MA102,1,5,6,9,34,13.66
LMS_STU_10297_SE301,STU_10297,SE301,2,4,5,2,41,10.92
LMS_STU_10298_CS101,STU_10298,CS101,1,4,5,7,42,14.82
LMS_STU_10298_DS201,STU_10298,DS201,4,4,6,2,35,6.39
LMS_STU_10298_MA102,STU_10298,MA102,1,4,4,1,39,8.81
LMS_STU_10298_SE301,STU_10298,SE301,2,5,4,6,32,8.84
LMS_STU_10299_CS101,STU_10299,CS101,4,5,8,3,73,8.5
LMS_STU_10299_DS201,STU_10299,DS201,2,4,6,5,55,8.37
LMS_STU_10299_MA102,STU_10299,MA102,3,5,7,4,34,9.32
LMS_STU_10299_SE301,STU_10299,SE301,1,5,6,6,68,14.52
LMS_STU_10300_CS101,STU_10300,CS101,1,4,7,6,44,8.55
LMS_STU_10300_DS201,STU_10300,DS201,3,4,5,8,40,14.88
LMS_STU_10300_MA102,STU_10300,MA102,3,5,7,8,54,12.45
LMS_STU_10300_SE301,STU_10300,SE301,2,4,7,8,54,5.74
LMS_STU_10301_CS101,STU_10301,CS101,3,4,3,0,18,3.51
LMS_STU_10301_DS201,STU_10301,DS201,3,2,1,1,15,3.23
LMS_STU_10301_MA102,STU_10301,MA102,3,4,2,0,21,2.22
LMS_STU_10301_SE301,STU_10301,SE301,4,1,2,1,17,2.71
LMS_STU_10302_CS101,STU_10302,CS101,4,4,5,5,78,13.04
LMS_STU_10302_DS201,STU_10302,DS201,4,4,4,2,57,5.46
LMS_STU_10302_MA102,STU_10302,MA102,3,5,6,4,66,11.03
LMS_STU_10302_SE301,STU_10302,SE301,2,4,4,6,47,13.12
LMS_STU_10303_CS101,STU_10303,CS101,3,4,4,6,31,11.77
LMS_STU_10303_DS201,STU_10303,DS201,3,4,7,10,80,5.61
LMS_STU_10303_MA102,STU_10303,MA102,4,4,8,9,45,8.38
LMS_STU_10303_SE301,STU_10303,SE301,3,5,8,4,57,7.61
LMS_STU_10304_CS101,STU_10304,CS101,3,5,6,10,58,10.74
LMS_STU_10304_DS201,STU_10304,DS201,4,5,5,6,76,7.92
LMS_STU_10304_MA102,STU_10304,MA102,2,4,6,4,54,10.3
LMS_STU_10304_SE301,STU_10304,SE301,4,5,7,9,46,10.85
LMS_STU_10305_CS101,STU_10305,CS101,4,5,4,8,63,13.62
LMS_STU_10305_DS201,STU_10305,DS201,4,5,5,6,44,5.57
LMS_STU_10305_MA102,STU_10305,MA102,1,5,8,1,64,13.59
LMS_STU_10305_SE301,STU_10305,SE301,4,5,6,2,36,13.46
LMS_STU_10306_CS101,STU_10306,CS101,2,2,2,1,25,1.68
LMS_STU_10306_DS201,STU_10306,DS201,2,4,2,0,16,2.6
LMS_STU_10306_MA102,STU_10306,MA102,1,1,1,2,14,3.32
LMS_STU_10306_SE301,STU_10306,SE301,3,4,1,1,12,3.5
LMS_STU_10307_CS101,STU_10307,CS101,4,5,7,1,53,7.04
LMS_STU_10307_DS201,STU_10307,DS201,2,4,8,4,54,5.76
LMS_STU_10307_MA102,STU_10307,MA102,1,4,6,5,56,7.74
LMS_STU_10307_SE301,STU_10307,SE301,1,5,5,10,72,7.89
LMS_STU_10308_CS101,STU_10308,CS101,1,4,7,8,50,10.31
LMS_STU_10308_DS201,STU_10308,DS201,1,5,8,4,39,12.09
LMS_STU_10308_MA102,STU_10308,MA102,3,4,4,2,59,5.78
LMS_STU_10308_SE301,STU_10308,SE301,2,4,5,8,31,11.19
LMS_STU_10309_CS101,STU_10309,CS101,1,5,7,8,67,5.57
LMS_STU_10309_DS201,STU_10309,DS201,4,5,5,8,43,14.71
LMS_STU_10309_MA102,STU_10309,MA102,1,5,8,3,58,8.45
LMS_STU_10309_SE301,STU_10309,SE301,2,5,6,7,33,5.84
LMS_STU_10310_CS101,STU_10310,CS101,1,5,8,8,60,7.92
LMS_STU_10310_DS201,STU_10310,DS201,1,5,4,2,62,7.15
LMS_STU_10310_MA102,STU_10310,MA102,3,5,7,2,64,5.09
LMS_STU_10310_SE301,STU_10310,SE301,1,4,8,6,80,7.44
LMS_STU_10311_CS101,STU_10311,CS101,4,1,1,1,11,3.57
LMS_STU_10311_DS201,STU_10311,DS201,1,1,1,0,14,3.31
LMS_STU_10311_MA102,STU_10311,MA102,2,4,3,0,11,2.3
LMS_STU_10311_SE301,STU_10311,SE301,1,1,1,2,12,3.33
LMS_STU_10312_CS101,STU_10312,CS101,2,5,8,2,30,12.83
LMS_STU_10312_DS201,STU_10312,DS201,4,5,8,9,60,13.43
LMS_STU_10312_MA102,STU_10312,MA102,1,4,6,10,49,5.79
LMS_STU_10312_SE301,STU_10312,SE301,4,4,5,9,39,12.44
LMS_STU_10313_CS101,STU_10313,CS101,3,4,8,7,46,12.73
LMS_STU_10313_DS201,STU_10313,DS201,3,5,4,7,58,6.46
LMS_STU_10313_MA102,STU_10313,MA102,1,5,4,3,50,7.53
LMS_STU_10313_SE301,STU_10313,SE301,3,5,6,6,32,14.72
LMS_STU_10314_CS101,STU_10314,CS101,3,4,4,9,72,14.64
LMS_STU_10314_DS201,STU_10314,DS201,2,5,6,9,33,8.31
LMS_STU_10314_MA102,STU_10314,MA102,4,5,8,6,30,14.83
LMS_STU_10314_SE301,STU_10314,SE301,2,5,5,5,71,12.67
LMS_STU_10315_CS101,STU_10315,CS101,4,4,5,6,41,7.27
LMS_STU_10315_DS201,STU_10315,DS201,4,5,6,9,58,9.98
LMS_STU_10315_MA102,STU_10315,MA102,1,4,5,1,39,5.17
LMS_STU_10315_SE301,STU_10315,SE301,1,4,8,3,30,7.35
LMS_STU_10316_CS101,STU_10316,CS101,4,4,2,2,24,2.2
LMS_STU_10316_DS201,STU_10316,DS201,2,2,3,2,25,2.89
LMS_STU_10316_MA102,STU_10316,MA102,4,2,3,0,11,3.8
LMS_STU_10316_SE301,STU_10316,SE301,3,4,1,0,22,2.54
LMS_STU_10317_CS101,STU_10317,CS101,4,5,5,10,54,5.32
LMS_STU_10317_DS201,STU_10317,DS201,2,5,6,10,68,5.7
LMS_STU_10317_MA102,STU_10317,MA102,1,5,7,2,56,7.98
LMS_STU_10317_SE301,STU_10317,SE301,3,5,6,9,46,12.33
LMS_STU_10318_CS101,STU_10318,CS101,4,5,7,8,75,14.47
LMS_STU_10318_DS201,STU_10318,DS201,2,5,4,6,42,7.55
LMS_STU_10318_MA102,STU_10318,MA102,4,4,5,9,59,12.7
LMS_STU_10318_SE301,STU_10318,SE301,2,4,7,7,57,14.61
LMS_STU_10319_CS101,STU_10319,CS101,3,5,5,8,49,12.68
LMS_STU_10319_DS201,STU_10319,DS201,3,5,6,6,70,7.75
LMS_STU_10319_MA102,STU_10319,MA102,1,4,4,1,39,11.43
LMS_STU_10319_SE301,STU_10319,SE301,3,4,7,7,50,12.57
LMS_STU_10320_CS101,STU_10320,CS101,3,5,5,9,65,6.72
LMS_STU_10320_DS201,STU_10320,DS201,2,4,5,5,80,14.56
LMS_STU_10320_MA102,STU_10320,MA102,2,4,6,7,56,10.15
LMS_STU_10320_SE301,STU_10320,SE301,2,4,8,10,76,12.65
LMS_STU_10321_CS101,STU_10321,CS101,3,4,3,1,19,3.01
LMS_STU_10321_DS201,STU_10321,DS201,2,1,1,2,10,1.78
LMS_STU_10321_MA102,STU_10321,MA102,2,4,3,1,12,3.48
LMS_STU_10321_SE301,STU_10321,SE301,1,3,3,1,25,3.93
LMS_STU_10322_CS101,STU_10322,CS101,1,5,4,2,35,8.56
LMS_STU_10322_DS201,STU_10322,DS201,1,5,5,4,34,8.54
LMS_STU_10322_MA102,STU_10322,MA102,3,4,8,2,37,8.58
LMS_STU_10322_SE301,STU_10322,SE301,4,5,6,1,66,12.76
LMS_STU_10323_CS101,STU_10323,CS101,4,4,8,8,70,8.64
LMS_STU_10323_DS201,STU_10323,DS201,3,5,8,3,37,13.72
LMS_STU_10323_MA102,STU_10323,MA102,3,4,4,10,65,13.29
LMS_STU_10323_SE301,STU_10323,SE301,1,4,8,5,48,7.21
LMS_STU_10324_CS101,STU_10324,CS101,1,4,7,8,44,6.38
LMS_STU_10324_DS201,STU_10324,DS201,1,5,6,7,66,7.89
LMS_STU_10324_MA102,STU_10324,MA102,4,5,5,9,30,13.34
LMS_STU_10324_SE301,STU_10324,SE301,2,5,5,3,55,13.1
LMS_STU_10325_CS101,STU_10325,CS101,4,4,4,2,49,7.46
LMS_STU_10325_DS201,STU_10325,DS201,1,5,6,4,68,10.03
LMS_STU_10325_MA102,STU_10325,MA102,4,4,6,2,47,13.51
LMS_STU_10325_SE301,STU_10325,SE301,2,5,6,3,67,7.21
LMS_STU_10326_CS101,STU_10326,CS101,4,3,3,1,13,2.2
LMS_STU_10326_DS201,STU_10326,DS201,2,2,3,2,12,2.53
LMS_STU_10326_MA102,STU_10326,MA102,3,2,3,2,20,3.77
LMS_STU_10326_SE301,STU_10326,SE301,1,3,3,1,25,2.15
LMS_STU_10327_CS101,STU_10327,CS101,3,5,6,3,80,10.08
LMS_STU_10327_DS201,STU_10327,DS201,4,4,6,6,68,9.58
LMS_STU_10327_MA102,STU_10327,MA102,2,4,6,6,52,11.92
LMS_STU_10327_SE301,STU_10327,SE301,1,5,5,2,31,5.09
LMS_STU_10328_CS101,STU_10328,CS101,3,5,4,2,78,13.3
LMS_STU_10328_DS201,STU_10328,DS201,4,5,8,6,47,8.72
LMS_STU_10328_MA102,STU_10328,MA102,1,5,7,10,64,8.8
LMS_STU_10328_SE301,STU_10328,SE301,2,5,8,3,80,7.15
LMS_STU_10329_CS101,STU_10329,CS101,3,4,4,1,77,11.72
LMS_STU_10329_DS201,STU_10329,DS201,2,5,6,4,68,8.35
LMS_STU_10329_MA102,STU_10329,MA102,2,5,7,4,59,13.43
LMS_STU_10329_SE301,STU_10329,SE301,4,4,4,3,52,6.58
LMS_STU_10330_CS101,STU_10330,CS101,3,5,4,2,44,15.0
LMS_STU_10330_DS201,STU_10330,DS201,1,4,7,6,37,9.91
LMS_STU_10330_MA102,STU_10330,MA102,2,5,8,4,56,6.42
LMS_STU_10330_SE301,STU_10330,SE301,3,4,4,6,35,8.4
LMS_STU_10331_CS101,STU_10331,CS101,3,3,1,2,25,3.71
LMS_STU_10331_DS201,STU_10331,DS201,4,1,2,0,17,2.31
LMS_STU_10331_MA102,STU_10331,MA102,2,3,3,2,12,3.78
LMS_STU_10331_SE301,STU_10331,SE301,3,3,3,0,20,2.58
LMS_STU_10332_CS101,STU_10332,CS101,4,4,8,7,80,7.81
LMS_STU_10332_DS201,STU_10332,DS201,2,4,7,2,79,6.54
LMS_STU_10332_MA102,STU_10332,MA102,2,5,8,8,65,7.93
LMS_STU_10332_SE301,STU_10332,SE301,4,5,6,2,50,7.22
LMS_STU_10333_CS101,STU_10333,CS101,4,4,4,10,58,13.61
LMS_STU_10333_DS201,STU_10333,DS201,3,4,7,7,69,10.93
LMS_STU_10333_MA102,STU_10333,MA102,2,5,7,9,51,10.65
LMS_STU_10333_SE301,STU_10333,SE301,3,5,4,7,48,13.22
LMS_STU_10334_CS101,STU_10334,CS101,2,4,4,2,35,8.2
LMS_STU_10334_DS201,STU_10334,DS201,3,5,4,3,54,12.49
LMS_STU_10334_MA102,STU_10334,MA102,2,4,8,1,55,12.17
LMS_STU_10334_SE301,STU_10334,SE301,1,4,7,4,40,7.31
LMS_STU_10335_CS101,STU_10335,CS101,3,4,8,6,40,6.45
LMS_STU_10335_DS201,STU_10335,DS201,1,5,6,7,35,6.99
LMS_STU_10335_MA102,STU_10335,MA102,1,5,5,10,62,14.55
LMS_STU_10335_SE301,STU_10335,SE301,1,5,8,5,73,8.21
LMS_STU_10336_CS101,STU_10336,CS101,3,3,1,0,10,2.66
LMS_STU_10336_DS201,STU_10336,DS201,3,3,3,1,25,2.67
LMS_STU_10336_MA102,STU_10336,MA102,3,1,3,1,23,3.55
LMS_STU_10336_SE301,STU_10336,SE301,3,1,3,0,13,2.5
LMS_STU_10337_CS101,STU_10337,CS101,2,4,6,4,80,14.52
LMS_STU_10337_DS201,STU_10337,DS201,2,5,5,1,51,9.57
LMS_STU_10337_MA102,STU_10337,MA102,3,5,8,7,55,13.75
LMS_STU_10337_SE301,STU_10337,SE301,4,4,5,6,31,9.56
LMS_STU_10338_CS101,STU_10338,CS101,4,5,7,1,54,10.76
LMS_STU_10338_DS201,STU_10338,DS201,3,4,8,6,75,6.48
LMS_STU_10338_MA102,STU_10338,MA102,1,4,7,9,69,9.1
LMS_STU_10338_SE301,STU_10338,SE301,3,4,5,7,78,14.78
LMS_STU_10339_CS101,STU_10339,CS101,4,5,4,5,34,6.81
LMS_STU_10339_DS201,STU_10339,DS201,3,4,6,4,66,9.36
LMS_STU_10339_MA102,STU_10339,MA102,3,4,6,10,80,12.72
LMS_STU_10339_SE301,STU_10339,SE301,1,4,4,2,65,11.6
LMS_STU_10340_CS101,STU_10340,CS101,2,4,8,8,36,8.87
LMS_STU_10340_DS201,STU_10340,DS201,2,4,8,4,75,11.77
LMS_STU_10340_MA102,STU_10340,MA102,2,5,4,10,36,10.06
LMS_STU_10340_SE301,STU_10340,SE301,2,4,8,9,60,13.75
LMS_STU_10341_CS101,STU_10341,CS101,2,1,2,1,10,1.74
LMS_STU_10341_DS201,STU_10341,DS201,1,4,3,1,24,2.55
LMS_STU_10341_MA102,STU_10341,MA102,1,1,3,0,23,3.28
LMS_STU_10341_SE301,STU_10341,SE301,3,2,1,1,14,2.27
LMS_STU_10342_CS101,STU_10342,CS101,1,5,5,9,69,7.25
LMS_STU_10342_DS201,STU_10342,DS201,1,5,7,6,80,12.49
LMS_STU_10342_MA102,STU_10342,MA102,4,5,5,2,43,5.83
LMS_STU_10342_SE301,STU_10342,SE301,4,5,8,4,37,7.39
LMS_STU_10343_CS101,STU_10343,CS101,2,5,7,3,80,13.02
LMS_STU_10343_DS201,STU_10343,DS201,3,4,7,7,72,8.7
LMS_STU_10343_MA102,STU_10343,MA102,1,4,6,7,78,13.77
LMS_STU_10343_SE301,STU_10343,SE301,3,4,7,4,68,6.1
LMS_STU_10344_CS101,STU_10344,CS101,2,5,4,6,46,10.35
LMS_STU_10344_DS201,STU_10344,DS201,2,5,5,9,35,13.68
LMS_STU_10344_MA102,STU_10344,MA102,2,5,4,4,80,8.34
LMS_STU_10344_SE301,STU_10344,SE301,2,4,6,7,30,12.14
LMS_STU_10345_CS101,STU_10345,CS101,3,5,8,8,50,9.46
LMS_STU_10345_DS201,STU_10345,DS201,3,5,6,5,75,7.53
LMS_STU_10345_MA102,STU_10345,MA102,2,4,8,8,43,11.15
LMS_STU_10345_SE301,STU_10345,SE301,2,4,5,6,50,10.1
LMS_STU_10346_CS101,STU_10346,CS101,4,4,2,0,21,1.65
LMS_STU_10346_DS201,STU_10346,DS201,1,3,1,0,19,3.41
LMS_STU_10346_MA102,STU_10346,MA102,4,3,1,2,23,2.31
LMS_STU_10346_SE301,STU_10346,SE301,4,4,3,2,17,2.86
LMS_STU_10347_CS101,STU_10347,CS101,3,5,7,8,35,7.28
LMS_STU_10347_DS201,STU_10347,DS201,1,4,6,4,71,13.02
LMS_STU_10347_MA102,STU_10347,MA102,2,5,4,1,57,8.69
LMS_STU_10347_SE301,STU_10347,SE301,4,4,8,10,58,9.22
LMS_STU_10348_CS101,STU_10348,CS101,4,5,7,3,75,12.73
LMS_STU_10348_DS201,STU_10348,DS201,4,5,4,4,68,7.33
LMS_STU_10348_MA102,STU_10348,MA102,4,5,7,8,46,8.11
LMS_STU_10348_SE301,STU_10348,SE301,1,4,8,5,42,10.85
LMS_STU_10349_CS101,STU_10349,CS101,1,4,8,3,75,5.55
LMS_STU_10349_DS201,STU_10349,DS201,1,4,6,1,69,12.36
LMS_STU_10349_MA102,STU_10349,MA102,3,4,7,2,61,6.98
LMS_STU_10349_SE301,STU_10349,SE301,2,4,5,2,72,5.11
LMS_STU_10350_CS101,STU_10350,CS101,4,5,6,7,74,8.6
LMS_STU_10350_DS201,STU_10350,DS201,3,5,8,9,61,12.16
LMS_STU_10350_MA102,STU_10350,MA102,4,5,6,9,70,12.05
LMS_STU_10350_SE301,STU_10350,SE301,4,5,7,10,60,5.85
LMS_STU_10351_CS101,STU_10351,CS101,3,1,2,2,19,2.54
LMS_STU_10351_DS201,STU_10351,DS201,1,4,3,2,15,3.5
LMS_STU_10351_MA102,STU_10351,MA102,3,1,1,2,16,3.87
LMS_STU_10351_SE301,STU_10351,SE301,4,4,2,2,23,2.85
LMS_STU_10352_CS101,STU_10352,CS101,3,4,4,1,44,6.87
LMS_STU_10352_DS201,STU_10352,DS201,4,5,4,4,33,13.78
LMS_STU_10352_MA102,STU_10352,MA102,2,5,4,2,47,12.55
LMS_STU_10352_SE301,STU_10352,SE301,1,5,7,6,36,14.98
LMS_STU_10353_CS101,STU_10353,CS101,2,4,6,3,66,7.82
LMS_STU_10353_DS201,STU_10353,DS201,3,5,7,1,45,12.12
LMS_STU_10353_MA102,STU_10353,MA102,4,4,4,9,47,12.87
LMS_STU_10353_SE301,STU_10353,SE301,2,5,4,5,79,8.17
LMS_STU_10354_CS101,STU_10354,CS101,4,5,7,2,39,11.95
LMS_STU_10354_DS201,STU_10354,DS201,4,5,7,7,39,6.14
LMS_STU_10354_MA102,STU_10354,MA102,2,5,6,6,55,12.51
LMS_STU_10354_SE301,STU_10354,SE301,3,4,4,6,77,6.97
LMS_STU_10355_CS101,STU_10355,CS101,2,5,8,10,67,12.13
LMS_STU_10355_DS201,STU_10355,DS201,3,4,4,3,33,5.32
LMS_STU_10355_MA102,STU_10355,MA102,3,4,6,1,79,5.3
LMS_STU_10355_SE301,STU_10355,SE301,2,5,4,8,32,7.15
LMS_STU_10356_CS101,STU_10356,CS101,3,2,1,1,17,2.04
LMS_STU_10356_DS201,STU_10356,DS201,2,3,3,0,19,1.66
LMS_STU_10356_MA102,STU_10356,MA102,4,1,3,2,25,3.68
LMS_STU_10356_SE301,STU_10356,SE301,4,2,1,1,25,3.01
LMS_STU_10357_CS101,STU_10357,CS101,3,4,8,3,36,5.35
LMS_STU_10357_DS201,STU_10357,DS201,1,5,5,8,47,10.42
LMS_STU_10357_MA102,STU_10357,MA102,2,4,6,2,60,12.67
LMS_STU_10357_SE301,STU_10357,SE301,1,5,8,7,45,5.8
LMS_STU_10358_CS101,STU_10358,CS101,2,5,4,5,67,8.89
LMS_STU_10358_DS201,STU_10358,DS201,1,5,6,2,69,8.96
LMS_STU_10358_MA102,STU_10358,MA102,2,5,4,5,52,9.84
LMS_STU_10358_SE301,STU_10358,SE301,4,5,8,7,79,10.07
LMS_STU_10359_CS101,STU_10359,CS101,2,4,7,9,53,11.96
LMS_STU_10359_DS201,STU_10359,DS201,4,5,4,8,37,6.78
LMS_STU_10359_MA102,STU_10359,MA102,2,4,7,7,76,12.43
LMS_STU_10359_SE301,STU_10359,SE301,1,5,4,1,38,6.71
LMS_STU_10360_CS101,STU_10360,CS101,4,5,5,5,49,8.37
LMS_STU_10360_DS201,STU_10360,DS201,4,5,5,1,74,14.69
LMS_STU_10360_MA102,STU_10360,MA102,2,5,8,1,56,14.88
LMS_STU_10360_SE301,STU_10360,SE301,3,5,6,10,49,12.38
LMS_STU_10361_CS101,STU_10361,CS101,1,4,3,2,19,3.0
LMS_STU_10361_DS201,STU_10361,DS201,4,3,3,2,16,3.25
LMS_STU_10361_MA102,STU_10361,MA102,1,2,3,2,14,1.92
LMS_STU_10361_SE301,STU_10361,SE301,4,4,1,2,16,2.68
LMS_STU_10362_CS101,STU_10362,CS101,3,5,8,6,80,13.59
LMS_STU_10362_DS201,STU_10362,DS201,3,5,7,6,43,5.04
LMS_STU_10362_MA102,STU_10362,MA102,2,5,7,5,43,5.18
LMS_STU_10362_SE301,STU_10362,SE301,1,4,5,3,41,8.46
LMS_STU_10363_CS101,STU_10363,CS101,4,5,4,5,34,6.38
LMS_STU_10363_DS201,STU_10363,DS201,4,5,6,4,74,12.98
LMS_STU_10363_MA102,STU_10363,MA102,1,5,6,6,77,11.47
LMS_STU_10363_SE301,STU_10363,SE301,4,4,4,5,79,10.7
LMS_STU_10364_CS101,STU_10364,CS101,4,5,5,3,72,7.53
LMS_STU_10364_DS201,STU_10364,DS201,4,5,4,4,65,6.52
LMS_STU_10364_MA102,STU_10364,MA102,1,5,4,1,33,6.44
LMS_STU_10364_SE301,STU_10364,SE301,3,5,6,2,70,9.6
LMS_STU_10365_CS101,STU_10365,CS101,2,5,8,8,68,7.45
LMS_STU_10365_DS201,STU_10365,DS201,2,4,5,9,42,12.24
LMS_STU_10365_MA102,STU_10365,MA102,4,5,8,9,43,10.52
LMS_STU_10365_SE301,STU_10365,SE301,4,4,6,9,37,14.6
LMS_STU_10366_CS101,STU_10366,CS101,2,4,3,0,22,2.37
LMS_STU_10366_DS201,STU_10366,DS201,2,2,2,0,25,3.52
LMS_STU_10366_MA102,STU_10366,MA102,2,4,3,1,17,3.33
LMS_STU_10366_SE301,STU_10366,SE301,3,2,1,2,10,2.44
LMS_STU_10367_CS101,STU_10367,CS101,3,5,4,4,43,14.29
LMS_STU_10367_DS201,STU_10367,DS201,2,5,4,9,55,9.64
LMS_STU_10367_MA102,STU_10367,MA102,2,5,7,3,64,5.88
LMS_STU_10367_SE301,STU_10367,SE301,1,5,7,8,59,12.41
LMS_STU_10368_CS101,STU_10368,CS101,4,5,7,4,74,11.02
LMS_STU_10368_DS201,STU_10368,DS201,1,4,8,1,52,11.52
LMS_STU_10368_MA102,STU_10368,MA102,4,5,7,9,80,10.74
LMS_STU_10368_SE301,STU_10368,SE301,2,4,4,6,43,11.92
LMS_STU_10369_CS101,STU_10369,CS101,3,4,7,3,46,6.4
LMS_STU_10369_DS201,STU_10369,DS201,1,4,5,4,39,7.8
LMS_STU_10369_MA102,STU_10369,MA102,4,5,5,7,52,6.09
LMS_STU_10369_SE301,STU_10369,SE301,3,4,8,9,56,12.54
LMS_STU_10370_CS101,STU_10370,CS101,1,4,5,10,49,5.21
LMS_STU_10370_DS201,STU_10370,DS201,2,5,7,3,46,9.67
LMS_STU_10370_MA102,STU_10370,MA102,2,5,7,3,55,11.61
LMS_STU_10370_SE301,STU_10370,SE301,3,4,4,8,38,10.53
LMS_STU_10371_CS101,STU_10371,CS101,3,2,3,2,21,2.81
LMS_STU_10371_DS201,STU_10371,DS201,1,1,3,2,23,2.58
LMS_STU_10371_MA102,STU_10371,MA102,2,3,3,1,10,3.82
LMS_STU_10371_SE301,STU_10371,SE301,1,3,3,0,19,2.76
LMS_STU_10372_CS101,STU_10372,CS101,4,4,6,10,61,8.75
LMS_STU_10372_DS201,STU_10372,DS201,2,5,6,4,54,13.41
LMS_STU_10372_MA102,STU_10372,MA102,4,4,4,8,61,12.22
LMS_STU_10372_SE301,STU_10372,SE301,4,5,5,3,40,6.41
LMS_STU_10373_CS101,STU_10373,CS101,4,5,7,2,78,14.9
LMS_STU_10373_DS201,STU_10373,DS201,2,4,4,1,39,9.97
LMS_STU_10373_MA102,STU_10373,MA102,2,5,6,1,60,13.42
LMS_STU_10373_SE301,STU_10373,SE301,4,5,8,4,64,11.92
LMS_STU_10374_CS101,STU_10374,CS101,3,4,6,6,45,13.71
LMS_STU_10374_DS201,STU_10374,DS201,4,4,4,7,63,13.91
LMS_STU_10374_MA102,STU_10374,MA102,1,4,4,8,51,13.72
LMS_STU_10374_SE301,STU_10374,SE301,1,4,7,10,79,14.05
LMS_STU_10375_CS101,STU_10375,CS101,1,5,6,9,52,14.28
LMS_STU_10375_DS201,STU_10375,DS201,2,4,5,5,46,8.19
LMS_STU_10375_MA102,STU_10375,MA102,4,5,5,4,41,6.27
LMS_STU_10375_SE301,STU_10375,SE301,3,5,6,2,42,11.22
LMS_STU_10376_CS101,STU_10376,CS101,3,1,2,1,16,2.02
LMS_STU_10376_DS201,STU_10376,DS201,1,2,3,0,20,2.58
LMS_STU_10376_MA102,STU_10376,MA102,3,1,2,0,21,3.35
LMS_STU_10376_SE301,STU_10376,SE301,4,3,3,0,10,3.6
LMS_STU_10377_CS101,STU_10377,CS101,2,5,4,2,38,10.19
LMS_STU_10377_DS201,STU_10377,DS201,4,5,4,9,71,6.13
LMS_STU_10377_MA102,STU_10377,MA102,4,4,4,7,66,12.95
LMS_STU_10377_SE301,STU_10377,SE301,2,4,4,5,50,6.32
LMS_STU_10378_CS101,STU_10378,CS101,4,5,5,9,66,14.62
LMS_STU_10378_DS201,STU_10378,DS201,2,4,5,9,48,5.56
LMS_STU_10378_MA102,STU_10378,MA102,2,4,8,6,33,8.2
LMS_STU_10378_SE301,STU_10378,SE301,1,4,4,10,36,6.5
LMS_STU_10379_CS101,STU_10379,CS101,4,4,6,9,52,12.44
LMS_STU_10379_DS201,STU_10379,DS201,4,5,6,10,65,5.68
LMS_STU_10379_MA102,STU_10379,MA102,3,5,4,10,45,10.44
LMS_STU_10379_SE301,STU_10379,SE301,4,5,6,8,34,11.22
LMS_STU_10380_CS101,STU_10380,CS101,2,5,4,6,46,10.1
LMS_STU_10380_DS201,STU_10380,DS201,3,5,4,6,55,8.81
LMS_STU_10380_MA102,STU_10380,MA102,2,4,4,6,55,14.97
LMS_STU_10380_SE301,STU_10380,SE301,3,5,7,2,53,5.11
LMS_STU_10381_CS101,STU_10381,CS101,1,2,3,2,17,3.79
LMS_STU_10381_DS201,STU_10381,DS201,1,4,2,2,21,3.65
LMS_STU_10381_MA102,STU_10381,MA102,4,1,2,0,21,3.04
LMS_STU_10381_SE301,STU_10381,SE301,3,3,3,1,23,2.32
LMS_STU_10382_CS101,STU_10382,CS101,2,5,8,4,67,5.96
LMS_STU_10382_DS201,STU_10382,DS201,3,5,6,4,59,6.52
LMS_STU_10382_MA102,STU_10382,MA102,1,4,6,3,35,11.94
LMS_STU_10382_SE301,STU_10382,SE301,4,4,8,2,31,6.38
LMS_STU_10383_CS101,STU_10383,CS101,4,5,7,2,78,12.69
LMS_STU_10383_DS201,STU_10383,DS201,3,4,6,4,40,5.81
LMS_STU_10383_MA102,STU_10383,MA102,1,4,5,7,71,9.17
LMS_STU_10383_SE301,STU_10383,SE301,2,4,7,8,42,14.92
LMS_STU_10384_CS101,STU_10384,CS101,1,4,5,1,69,14.06
LMS_STU_10384_DS201,STU_10384,DS201,2,4,6,6,40,7.5
LMS_STU_10384_MA102,STU_10384,MA102,1,4,6,7,43,13.0
LMS_STU_10384_SE301,STU_10384,SE301,2,5,6,3,53,9.17
LMS_STU_10385_CS101,STU_10385,CS101,4,5,7,9,32,12.48
LMS_STU_10385_DS201,STU_10385,DS201,3,4,4,1,75,8.6
LMS_STU_10385_MA102,STU_10385,MA102,3,4,8,2,50,9.69
LMS_STU_10385_SE301,STU_10385,SE301,3,4,4,6,47,7.21
LMS_STU_10386_CS101,STU_10386,CS101,3,4,3,0,11,3.9
LMS_STU_10386_DS201,STU_10386,DS201,4,3,3,2,13,3.5
LMS_STU_10386_MA102,STU_10386,MA102,1,3,3,2,13,3.89
LMS_STU_10386_SE301,STU_10386,SE301,3,4,2,0,20,2.13
LMS_STU_10387_CS101,STU_10387,CS101,4,4,4,1,56,14.19
LMS_STU_10387_DS201,STU_10387,DS201,4,4,7,7,57,10.36
LMS_STU_10387_MA102,STU_10387,MA102,3,5,6,6,45,12.77
LMS_STU_10387_SE301,STU_10387,SE301,4,4,7,8,57,9.34
LMS_STU_10388_CS101,STU_10388,CS101,3,4,5,4,47,7.82
LMS_STU_10388_DS201,STU_10388,DS201,2,4,8,2,57,6.81
LMS_STU_10388_MA102,STU_10388,MA102,4,5,6,9,49,11.14
LMS_STU_10388_SE301,STU_10388,SE301,1,5,4,5,54,13.86
LMS_STU_10389_CS101,STU_10389,CS101,2,5,5,6,64,14.4
LMS_STU_10389_DS201,STU_10389,DS201,3,4,5,2,72,8.61
LMS_STU_10389_MA102,STU_10389,MA102,2,4,5,6,57,6.14
LMS_STU_10389_SE301,STU_10389,SE301,1,5,4,3,61,10.07
LMS_STU_10390_CS101,STU_10390,CS101,4,4,6,5,59,14.78
LMS_STU_10390_DS201,STU_10390,DS201,2,5,5,3,44,12.7
LMS_STU_10390_MA102,STU_10390,MA102,1,5,7,2,69,11.99
LMS_STU_10390_SE301,STU_10390,SE301,4,4,5,6,63,10.46
LMS_STU_10391_CS101,STU_10391,CS101,3,2,1,0,20,3.24
LMS_STU_10391_DS201,STU_10391,DS201,4,3,1,2,24,2.27
LMS_STU_10391_MA102,STU_10391,MA102,3,1,2,0,25,1.88
LMS_STU_10391_SE301,STU_10391,SE301,4,1,3,1,21,2.52
LMS_STU_10392_CS101,STU_10392,CS101,4,5,8,10,33,8.85
LMS_STU_10392_DS201,STU_10392,DS201,2,5,6,3,51,6.24
LMS_STU_10392_MA102,STU_10392,MA102,1,5,6,6,50,5.78
LMS_STU_10392_SE301,STU_10392,SE301,2,5,4,6,38,10.14
LMS_STU_10393_CS101,STU_10393,CS101,4,4,6,9,46,5.06
LMS_STU_10393_DS201,STU_10393,DS201,4,4,7,1,71,11.67
LMS_STU_10393_MA102,STU_10393,MA102,3,4,6,5,50,7.12
LMS_STU_10393_SE301,STU_10393,SE301,2,5,6,3,31,5.96
LMS_STU_10394_CS101,STU_10394,CS101,3,5,8,2,47,9.35
LMS_STU_10394_DS201,STU_10394,DS201,1,5,6,2,52,13.81
LMS_STU_10394_MA102,STU_10394,MA102,2,4,7,7,63,7.7
LMS_STU_10394_SE301,STU_10394,SE301,1,4,6,2,70,9.91
LMS_STU_10395_CS101,STU_10395,CS101,1,4,8,1,61,6.11
LMS_STU_10395_DS201,STU_10395,DS201,3,5,4,5,52,6.02
LMS_STU_10395_MA102,STU_10395,MA102,3,4,6,10,74,11.52
LMS_STU_10395_SE301,STU_10395,SE301,3,4,8,8,43,8.84
LMS_STU_10396_CS101,STU_10396,CS101,1,4,1,2,22,2.57
LMS_STU_10396_DS201,STU_10396,DS201,1,1,3,1,17,3.74
LMS_STU_10396_MA102,STU_10396,MA102,1,4,3,1,14,3.64
LMS_STU_10396_SE301,STU_10396,SE301,2,2,3,0,11,2.64
LMS_STU_10397_CS101,STU_10397,CS101,1,5,7,5,46,8.4
LMS_STU_10397_DS201,STU_10397,DS201,2,4,4,7,72,5.03
LMS_STU_10397_MA102,STU_10397,MA102,3,4,8,10,33,10.12
LMS_STU_10397_SE301,STU_10397,SE301,4,4,5,1,31,6.77
LMS_STU_10398_CS101,STU_10398,CS101,4,4,5,8,41,6.66
LMS_STU_10398_DS201,STU_10398,DS201,4,4,7,10,50,5.59
LMS_STU_10398_MA102,STU_10398,MA102,2,4,7,1,51,10.85
LMS_STU_10398_SE301,STU_10398,SE301,3,5,5,6,43,8.27
LMS_STU_10399_CS101,STU_10399,CS101,2,4,7,6,46,10.9
LMS_STU_10399_DS201,STU_10399,DS201,1,5,5,10,59,13.89
LMS_STU_10399_MA102,STU_10399,MA102,3,5,4,4,73,11.59
LMS_STU_10399_SE301,STU_10399,SE301,4,5,5,7,33,11.33
LMS_STU_10400_CS101,STU_10400,CS101,1,4,8,9,69,12.07
LMS_STU_10400_DS201,STU_10400,DS201,2,5,6,1,74,8.14
LMS_STU_10400_MA102,STU_10400,MA102,3,4,4,7,48,5.91
LMS_STU_10400_SE301,STU_10400,SE301,1,4,5,7,53,9.2
LMS_STU_10401_CS101,STU_10401,CS101,1,2,3,1,19,3.71
LMS_STU_10401_DS201,STU_10401,DS201,2,4,1,0,23,1.82
LMS_STU_10401_MA102,STU_10401,MA102,2,2,1,2,18,2.01
LMS_STU_10401_SE301,STU_10401,SE301,4,2,3,2,20,3.81
LMS_STU_10402_CS101,STU_10402,CS101,3,5,8,10,40,6.56
LMS_STU_10402_DS201,STU_10402,DS201,1,5,6,8,50,6.76
LMS_STU_10402_MA102,STU_10402,MA102,3,5,7,6,55,8.66
LMS_STU_10402_SE301,STU_10402,SE301,1,4,8,9,73,13.87
LMS_STU_10403_CS101,STU_10403,CS101,3,5,5,9,42,9.28
LMS_STU_10403_DS201,STU_10403,DS201,4,5,6,8,33,7.1
LMS_STU_10403_MA102,STU_10403,MA102,1,4,5,3,70,5.71
LMS_STU_10403_SE301,STU_10403,SE301,2,5,6,4,71,12.77
LMS_STU_10404_CS101,STU_10404,CS101,3,4,4,5,48,12.37
LMS_STU_10404_DS201,STU_10404,DS201,2,5,6,6,78,12.84
LMS_STU_10404_MA102,STU_10404,MA102,3,4,8,7,63,14.71
LMS_STU_10404_SE301,STU_10404,SE301,2,5,5,6,48,7.15
LMS_STU_10405_CS101,STU_10405,CS101,2,5,5,6,41,14.64
LMS_STU_10405_DS201,STU_10405,DS201,3,4,7,4,73,14.85
LMS_STU_10405_MA102,STU_10405,MA102,4,5,4,7,64,12.24
LMS_STU_10405_SE301,STU_10405,SE301,2,5,7,2,52,9.76
LMS_STU_10406_CS101,STU_10406,CS101,3,4,1,0,11,3.16
LMS_STU_10406_DS201,STU_10406,DS201,1,1,1,0,15,1.95
LMS_STU_10406_MA102,STU_10406,MA102,1,2,1,2,20,3.9
LMS_STU_10406_SE301,STU_10406,SE301,1,2,1,1,17,1.84
LMS_STU_10407_CS101,STU_10407,CS101,2,5,6,2,46,14.76
LMS_STU_10407_DS201,STU_10407,DS201,2,5,5,3,56,12.44
LMS_STU_10407_MA102,STU_10407,MA102,2,4,6,5,50,7.03
LMS_STU_10407_SE301,STU_10407,SE301,4,4,6,1,47,8.22
LMS_STU_10408_CS101,STU_10408,CS101,4,5,8,8,61,10.5
LMS_STU_10408_DS201,STU_10408,DS201,1,4,4,6,78,11.06
LMS_STU_10408_MA102,STU_10408,MA102,2,4,7,9,49,6.86
LMS_STU_10408_SE301,STU_10408,SE301,2,5,5,6,52,12.93
LMS_STU_10409_CS101,STU_10409,CS101,4,4,5,4,75,8.87
LMS_STU_10409_DS201,STU_10409,DS201,2,4,4,6,58,5.83
LMS_STU_10409_MA102,STU_10409,MA102,4,4,5,4,75,10.48
LMS_STU_10409_SE301,STU_10409,SE301,3,5,6,6,38,9.54
LMS_STU_10410_CS101,STU_10410,CS101,4,5,5,7,30,13.79
LMS_STU_10410_DS201,STU_10410,DS201,2,5,7,5,31,14.87
LMS_STU_10410_MA102,STU_10410,MA102,2,4,8,10,78,11.16
LMS_STU_10410_SE301,STU_10410,SE301,4,4,8,6,30,9.82
LMS_STU_10411_CS101,STU_10411,CS101,4,4,3,1,16,3.17
LMS_STU_10411_DS201,STU_10411,DS201,1,1,3,2,19,2.9
LMS_STU_10411_MA102,STU_10411,MA102,4,3,2,0,15,2.09
LMS_STU_10411_SE301,STU_10411,SE301,1,1,1,0,19,1.73
LMS_STU_10412_CS101,STU_10412,CS101,3,4,7,6,63,12.61
LMS_STU_10412_DS201,STU_10412,DS201,2,5,5,6,43,7.03
LMS_STU_10412_MA102,STU_10412,MA102,4,4,5,9,79,13.15
LMS_STU_10412_SE301,STU_10412,SE301,4,5,7,9,57,13.09
LMS_STU_10413_CS101,STU_10413,CS101,3,5,5,2,35,8.85
LMS_STU_10413_DS201,STU_10413,DS201,1,4,7,6,78,5.84
LMS_STU_10413_MA102,STU_10413,MA102,3,5,5,10,55,12.34
LMS_STU_10413_SE301,STU_10413,SE301,3,4,4,1,51,8.54
LMS_STU_10414_CS101,STU_10414,CS101,4,4,4,4,73,5.55
LMS_STU_10414_DS201,STU_10414,DS201,2,5,6,10,56,5.41
LMS_STU_10414_MA102,STU_10414,MA102,3,5,8,8,68,6.89
LMS_STU_10414_SE301,STU_10414,SE301,3,5,5,5,40,6.88
LMS_STU_10415_CS101,STU_10415,CS101,3,5,6,3,77,6.01
LMS_STU_10415_DS201,STU_10415,DS201,3,5,4,7,38,11.43
LMS_STU_10415_MA102,STU_10415,MA102,1,4,8,1,73,7.73
LMS_STU_10415_SE301,STU_10415,SE301,1,5,4,5,77,6.04
LMS_STU_10416_CS101,STU_10416,CS101,1,3,1,2,21,1.54
LMS_STU_10416_DS201,STU_10416,DS201,1,2,3,1,25,3.07
LMS_STU_10416_MA102,STU_10416,MA102,2,4,1,1,18,1.68
LMS_STU_10416_SE301,STU_10416,SE301,2,2,2,1,24,1.84
LMS_STU_10417_CS101,STU_10417,CS101,3,4,8,3,48,8.41
LMS_STU_10417_DS201,STU_10417,DS201,4,4,6,3,46,5.26
LMS_STU_10417_MA102,STU_10417,MA102,1,5,6,5,38,8.67
LMS_STU_10417_SE301,STU_10417,SE301,2,5,8,6,78,11.26
LMS_STU_10418_CS101,STU_10418,CS101,4,5,8,3,31,10.68
LMS_STU_10418_DS201,STU_10418,DS201,1,4,5,5,80,14.79
LMS_STU_10418_MA102,STU_10418,MA102,4,5,4,5,40,12.79
LMS_STU_10418_SE301,STU_10418,SE301,1,5,4,3,30,11.08
LMS_STU_10419_CS101,STU_10419,CS101,4,4,8,7,73,7.47
LMS_STU_10419_DS201,STU_10419,DS201,1,5,8,2,34,9.69
LMS_STU_10419_MA102,STU_10419,MA102,2,4,4,8,33,6.35
LMS_STU_10419_SE301,STU_10419,SE301,3,4,5,8,68,9.74
LMS_STU_10420_CS101,STU_10420,CS101,4,4,6,4,59,12.63
LMS_STU_10420_DS201,STU_10420,DS201,3,5,5,6,42,9.67
LMS_STU_10420_MA102,STU_10420,MA102,4,4,4,2,50,7.3
LMS_STU_10420_SE301,STU_10420,SE301,2,4,4,4,41,8.37
LMS_STU_10421_CS101,STU_10421,CS101,4,4,2,1,18,3.79
LMS_STU_10421_DS201,STU_10421,DS201,1,2,1,0,13,2.39
LMS_STU_10421_MA102,STU_10421,MA102,4,2,3,1,19,1.89
LMS_STU_10421_SE301,STU_10421,SE301,4,4,1,0,21,2.26
LMS_STU_10422_CS101,STU_10422,CS101,2,4,8,10,31,14.97
LMS_STU_10422_DS201,STU_10422,DS201,3,4,5,2,52,13.21
LMS_STU_10422_MA102,STU_10422,MA102,3,4,7,7,61,5.88
LMS_STU_10422_SE301,STU_10422,SE301,4,5,7,4,51,5.83
LMS_STU_10423_CS101,STU_10423,CS101,3,5,5,3,62,12.55
LMS_STU_10423_DS201,STU_10423,DS201,2,4,5,6,73,7.16
LMS_STU_10423_MA102,STU_10423,MA102,3,5,5,10,58,12.62
LMS_STU_10423_SE301,STU_10423,SE301,2,5,8,7,52,14.74
LMS_STU_10424_CS101,STU_10424,CS101,4,5,8,4,71,7.21
LMS_STU_10424_DS201,STU_10424,DS201,2,4,8,8,30,14.79
LMS_STU_10424_MA102,STU_10424,MA102,4,5,4,7,48,5.88
LMS_STU_10424_SE301,STU_10424,SE301,2,4,6,5,32,6.56
LMS_STU_10425_CS101,STU_10425,CS101,3,5,8,4,30,13.84
LMS_STU_10425_DS201,STU_10425,DS201,4,5,4,2,55,6.97
LMS_STU_10425_MA102,STU_10425,MA102,4,4,5,5,66,6.15
LMS_STU_10425_SE301,STU_10425,SE301,1,4,6,3,54,14.49
LMS_STU_10426_CS101,STU_10426,CS101,4,2,2,1,15,2.66
LMS_STU_10426_DS201,STU_10426,DS201,2,1,1,1,18,3.21
LMS_STU_10426_MA102,STU_10426,MA102,3,2,2,1,23,2.77
LMS_STU_10426_SE301,STU_10426,SE301,4,4,2,2,19,2.47
LMS_STU_10427_CS101,STU_10427,CS101,2,5,8,9,56,12.09
LMS_STU_10427_DS201,STU_10427,DS201,1,4,5,4,44,6.33
LMS_STU_10427_MA102,STU_10427,MA102,2,4,7,1,40,11.41
LMS_STU_10427_SE301,STU_10427,SE301,4,5,4,10,66,8.85
LMS_STU_10428_CS101,STU_10428,CS101,3,5,8,2,64,8.52
LMS_STU_10428_DS201,STU_10428,DS201,3,5,6,7,37,14.75
LMS_STU_10428_MA102,STU_10428,MA102,1,4,8,5,67,14.49
LMS_STU_10428_SE301,STU_10428,SE301,2,5,4,7,62,13.81
LMS_STU_10429_CS101,STU_10429,CS101,2,5,8,6,75,9.04
LMS_STU_10429_DS201,STU_10429,DS201,3,4,4,10,54,8.83
LMS_STU_10429_MA102,STU_10429,MA102,3,4,8,4,40,12.32
LMS_STU_10429_SE301,STU_10429,SE301,4,4,8,9,51,12.97
LMS_STU_10430_CS101,STU_10430,CS101,1,5,8,1,42,5.55
LMS_STU_10430_DS201,STU_10430,DS201,2,5,7,2,35,6.84
LMS_STU_10430_MA102,STU_10430,MA102,2,5,5,1,71,6.39
LMS_STU_10430_SE301,STU_10430,SE301,2,5,8,6,74,13.72
LMS_STU_10431_CS101,STU_10431,CS101,1,2,3,2,14,3.95
LMS_STU_10431_DS201,STU_10431,DS201,1,4,1,0,16,1.61
LMS_STU_10431_MA102,STU_10431,MA102,2,2,2,2,14,2.06
LMS_STU_10431_SE301,STU_10431,SE301,3,1,1,2,13,3.89
LMS_STU_10432_CS101,STU_10432,CS101,4,5,5,9,72,9.58
LMS_STU_10432_DS201,STU_10432,DS201,2,5,8,8,54,14.8
LMS_STU_10432_MA102,STU_10432,MA102,2,4,7,1,70,10.51
LMS_STU_10432_SE301,STU_10432,SE301,3,4,5,10,79,8.83
LMS_STU_10433_CS101,STU_10433,CS101,4,5,4,5,46,11.86
LMS_STU_10433_DS201,STU_10433,DS201,4,5,7,5,42,5.24
LMS_STU_10433_MA102,STU_10433,MA102,4,4,4,7,63,5.65
LMS_STU_10433_SE301,STU_10433,SE301,3,4,8,9,74,9.39
LMS_STU_10434_CS101,STU_10434,CS101,1,4,8,9,35,5.63
LMS_STU_10434_DS201,STU_10434,DS201,1,4,8,5,45,14.22
LMS_STU_10434_MA102,STU_10434,MA102,2,4,6,2,67,12.05
LMS_STU_10434_SE301,STU_10434,SE301,1,4,7,10,56,7.49
LMS_STU_10435_CS101,STU_10435,CS101,2,4,6,1,59,12.53
LMS_STU_10435_DS201,STU_10435,DS201,3,5,4,5,48,7.39
LMS_STU_10435_MA102,STU_10435,MA102,2,5,4,10,40,10.7
LMS_STU_10435_SE301,STU_10435,SE301,1,4,8,5,71,7.64
LMS_STU_10436_CS101,STU_10436,CS101,1,4,1,2,22,2.98
LMS_STU_10436_DS201,STU_10436,DS201,4,2,2,0,20,3.95
LMS_STU_10436_MA102,STU_10436,MA102,1,4,1,0,17,2.76
LMS_STU_10436_SE301,STU_10436,SE301,2,4,1,2,20,2.71
LMS_STU_10437_CS101,STU_10437,CS101,3,4,4,4,60,9.11
LMS_STU_10437_DS201,STU_10437,DS201,2,4,7,6,68,7.68
LMS_STU_10437_MA102,STU_10437,MA102,3,4,6,9,43,10.26
LMS_STU_10437_SE301,STU_10437,SE301,1,5,5,6,61,10.17
LMS_STU_10438_CS101,STU_10438,CS101,1,5,6,5,75,9.34
LMS_STU_10438_DS201,STU_10438,DS201,3,5,4,4,40,11.85
LMS_STU_10438_MA102,STU_10438,MA102,1,4,4,3,68,11.49
LMS_STU_10438_SE301,STU_10438,SE301,3,5,4,2,65,8.68
LMS_STU_10439_CS101,STU_10439,CS101,1,4,4,2,48,8.84
LMS_STU_10439_DS201,STU_10439,DS201,2,4,6,4,51,11.34
LMS_STU_10439_MA102,STU_10439,MA102,4,4,8,10,30,5.97
LMS_STU_10439_SE301,STU_10439,SE301,3,4,8,2,38,11.93
LMS_STU_10440_CS101,STU_10440,CS101,3,5,5,2,55,9.95
LMS_STU_10440_DS201,STU_10440,DS201,4,5,4,3,58,5.95
LMS_STU_10440_MA102,STU_10440,MA102,2,5,8,9,65,7.75
LMS_STU_10440_SE301,STU_10440,SE301,4,5,4,9,34,13.54
LMS_STU_10441_CS101,STU_10441,CS101,2,2,2,1,24,3.37
LMS_STU_10441_DS201,STU_10441,DS201,3,1,1,2,18,2.69
LMS_STU_10441_MA102,STU_10441,MA102,1,1,1,2,15,3.85
LMS_STU_10441_SE301,STU_10441,SE301,2,1,3,0,19,3.6
LMS_STU_10442_CS101,STU_10442,CS101,2,5,4,5,77,7.34
LMS_STU_10442_DS201,STU_10442,DS201,3,5,6,7,66,9.64
LMS_STU_10442_MA102,STU_10442,MA102,3,4,6,10,56,7.21
LMS_STU_10442_SE301,STU_10442,SE301,1,4,4,10,58,9.2
LMS_STU_10443_CS101,STU_10443,CS101,2,4,6,6,30,5.61
LMS_STU_10443_DS201,STU_10443,DS201,1,5,4,2,42,11.3
LMS_STU_10443_MA102,STU_10443,MA102,2,4,7,7,54,5.71
LMS_STU_10443_SE301,STU_10443,SE301,1,5,4,7,73,12.23
LMS_STU_10444_CS101,STU_10444,CS101,3,5,6,9,73,14.12
LMS_STU_10444_DS201,STU_10444,DS201,1,5,5,9,49,12.68
LMS_STU_10444_MA102,STU_10444,MA102,1,4,8,7,66,8.93
LMS_STU_10444_SE301,STU_10444,SE301,2,4,6,5,46,5.56
LMS_STU_10445_CS101,STU_10445,CS101,3,5,5,5,61,12.56
LMS_STU_10445_DS201,STU_10445,DS201,2,4,5,10,56,13.53
LMS_STU_10445_MA102,STU_10445,MA102,4,4,4,10,34,9.08
LMS_STU_10445_SE301,STU_10445,SE301,3,5,4,8,77,12.01
LMS_STU_10446_CS101,STU_10446,CS101,2,1,3,0,12,2.6
LMS_STU_10446_DS201,STU_10446,DS201,4,4,3,1,17,3.54
LMS_STU_10446_MA102,STU_10446,MA102,2,1,3,2,21,3.47
LMS_STU_10446_SE301,STU_10446,SE301,2,3,3,1,11,3.52
LMS_STU_10447_CS101,STU_10447,CS101,3,5,4,6,74,9.57
LMS_STU_10447_DS201,STU_10447,DS201,2,5,6,7,52,8.84
LMS_STU_10447_MA102,STU_10447,MA102,3,4,7,6,55,8.9
LMS_STU_10447_SE301,STU_10447,SE301,4,4,6,8,79,12.93
LMS_STU_10448_CS101,STU_10448,CS101,1,4,4,3,32,14.37
LMS_STU_10448_DS201,STU_10448,DS201,1,4,8,1,74,8.38
LMS_STU_10448_MA102,STU_10448,MA102,2,5,8,7,61,11.31
LMS_STU_10448_SE301,STU_10448,SE301,2,5,5,6,76,13.71
LMS_STU_10449_CS101,STU_10449,CS101,2,5,7,7,35,8.49
LMS_STU_10449_DS201,STU_10449,DS201,2,4,6,10,70,10.13
LMS_STU_10449_MA102,STU_10449,MA102,3,4,8,7,34,10.04
LMS_STU_10449_SE301,STU_10449,SE301,2,4,6,4,47,14.54
LMS_STU_10450_CS101,STU_10450,CS101,2,5,8,6,43,6.31
LMS_STU_10450_DS201,STU_10450,DS201,1,4,4,4,44,14.01
LMS_STU_10450_MA102,STU_10450,MA102,2,4,8,1,47,5.07
LMS_STU_10450_SE301,STU_10450,SE301,2,5,7,6,65,8.09
LMS_STU_10451_CS101,STU_10451,CS101,1,1,2,0,20,2.58
LMS_STU_10451_DS201,STU_10451,DS201,1,2,2,1,25,1.59
LMS_STU_10451_MA102,STU_10451,MA102,1,3,3,0,14,3.21
LMS_STU_10451_SE301,STU_10451,SE301,4,1,2,1,16,2.49
LMS_STU_10452_CS101,STU_10452,CS101,1,4,8,4,79,10.22
LMS_STU_10452_DS201,STU_10452,DS201,3,4,7,3,56,10.87
LMS_STU_10452_MA102,STU_10452,MA102,4,4,7,4,54,14.54
LMS_STU_10452_SE301,STU_10452,SE301,4,4,7,8,50,6.85
LMS_STU_10453_CS101,STU_10453,CS101,4,5,5,7,69,5.99
LMS_STU_10453_DS201,STU_10453,DS201,3,5,8,9,76,5.88
LMS_STU_10453_MA102,STU_10453,MA102,3,4,5,5,50,13.32
LMS_STU_10453_SE301,STU_10453,SE301,4,5,4,6,32,12.93
LMS_STU_10454_CS101,STU_10454,CS101,4,5,6,1,50,9.3
LMS_STU_10454_DS201,STU_10454,DS201,3,5,8,2,64,12.43
LMS_STU_10454_MA102,STU_10454,MA102,4,5,8,10,75,8.68
LMS_STU_10454_SE301,STU_10454,SE301,1,4,5,10,37,14.2
LMS_STU_10455_CS101,STU_10455,CS101,2,5,4,8,47,13.38
LMS_STU_10455_DS201,STU_10455,DS201,1,5,5,1,36,7.41
LMS_STU_10455_MA102,STU_10455,MA102,3,4,8,3,64,11.64
LMS_STU_10455_SE301,STU_10455,SE301,1,5,4,5,54,6.77
LMS_STU_10456_CS101,STU_10456,CS101,4,4,3,2,16,3.49
LMS_STU_10456_DS201,STU_10456,DS201,4,2,1,1,15,2.7
LMS_STU_10456_MA102,STU_10456,MA102,2,2,1,2,10,2.1
LMS_STU_10456_SE301,STU_10456,SE301,3,3,2,1,19,3.51
LMS_STU_10457_CS101,STU_10457,CS101,2,4,4,1,68,8.22
LMS_STU_10457_DS201,STU_10457,DS201,4,5,4,8,59,13.02
LMS_STU_10457_MA102,STU_10457,MA102,2,4,7,10,30,10.73
LMS_STU_10457_SE301,STU_10457,SE301,1,5,7,8,56,5.68
LMS_STU_10458_CS101,STU_10458,CS101,1,5,4,2,78,5.4
LMS_STU_10458_DS201,STU_10458,DS201,3,5,5,6,60,11.93
LMS_STU_10458_MA102,STU_10458,MA102,2,4,4,10,32,6.42
LMS_STU_10458_SE301,STU_10458,SE301,1,5,7,10,74,8.43
LMS_STU_10459_CS101,STU_10459,CS101,1,4,4,5,49,7.74
LMS_STU_10459_DS201,STU_10459,DS201,3,5,7,4,32,14.45
LMS_STU_10459_MA102,STU_10459,MA102,3,5,5,8,53,9.34
LMS_STU_10459_SE301,STU_10459,SE301,2,4,5,2,58,8.19
LMS_STU_10460_CS101,STU_10460,CS101,2,4,8,1,50,6.94
LMS_STU_10460_DS201,STU_10460,DS201,1,4,5,8,75,8.92
LMS_STU_10460_MA102,STU_10460,MA102,1,5,5,1,72,13.33
LMS_STU_10460_SE301,STU_10460,SE301,2,5,8,10,42,13.31
LMS_STU_10461_CS101,STU_10461,CS101,2,2,3,1,25,3.79
LMS_STU_10461_DS201,STU_10461,DS201,4,4,2,2,18,3.84
LMS_STU_10461_MA102,STU_10461,MA102,4,3,1,0,18,1.79
LMS_STU_10461_SE301,STU_10461,SE301,3,3,1,1,11,3.72
LMS_STU_10462_CS101,STU_10462,CS101,4,5,7,5,57,12.93
LMS_STU_10462_DS201,STU_10462,DS201,3,5,8,6,55,13.22
LMS_STU_10462_MA102,STU_10462,MA102,3,4,8,3,47,6.38
LMS_STU_10462_SE301,STU_10462,SE301,2,5,7,9,73,6.27
LMS_STU_10463_CS101,STU_10463,CS101,3,4,7,6,39,6.84
LMS_STU_10463_DS201,STU_10463,DS201,4,4,6,2,35,10.51
LMS_STU_10463_MA102,STU_10463,MA102,4,5,5,5,70,5.68
LMS_STU_10463_SE301,STU_10463,SE301,3,5,7,8,49,9.45
LMS_STU_10464_CS101,STU_10464,CS101,4,4,8,8,72,12.21
LMS_STU_10464_DS201,STU_10464,DS201,1,4,4,9,64,9.39
LMS_STU_10464_MA102,STU_10464,MA102,2,5,7,10,56,14.69
LMS_STU_10464_SE301,STU_10464,SE301,4,5,7,5,76,14.19
LMS_STU_10465_CS101,STU_10465,CS101,1,5,4,6,60,10.35
LMS_STU_10465_DS201,STU_10465,DS201,3,5,5,3,34,9.05
LMS_STU_10465_MA102,STU_10465,MA102,3,5,6,2,64,12.21
LMS_STU_10465_SE301,STU_10465,SE301,3,4,6,4,35,6.33
LMS_STU_10466_CS101,STU_10466,CS101,3,1,3,0,14,3.07
LMS_STU_10466_DS201,STU_10466,DS201,4,1,3,2,23,3.15
LMS_STU_10466_MA102,STU_10466,MA102,4,3,1,2,18,2.59
LMS_STU_10466_SE301,STU_10466,SE301,4,1,1,1,10,3.5
LMS_STU_10467_CS101,STU_10467,CS101,3,4,8,7,59,5.37
LMS_STU_10467_DS201,STU_10467,DS201,3,5,5,3,54,8.08
LMS_STU_10467_MA102,STU_10467,MA102,2,5,7,6,51,6.54
LMS_STU_10467_SE301,STU_10467,SE301,3,5,8,8,80,14.68
LMS_STU_10468_CS101,STU_10468,CS101,2,5,4,7,64,7.38
LMS_STU_10468_DS201,STU_10468,DS201,1,4,5,8,75,6.24
LMS_STU_10468_MA102,STU_10468,MA102,2,4,8,1,33,6.43
LMS_STU_10468_SE301,STU_10468,SE301,3,4,4,9,46,9.43
LMS_STU_10469_CS101,STU_10469,CS101,3,5,6,8,73,9.86
LMS_STU_10469_DS201,STU_10469,DS201,3,4,5,9,41,7.29
LMS_STU_10469_MA102,STU_10469,MA102,1,4,5,2,65,12.92
LMS_STU_10469_SE301,STU_10469,SE301,2,5,7,10,76,14.92
LMS_STU_10470_CS101,STU_10470,CS101,2,5,8,9,71,5.1
LMS_STU_10470_DS201,STU_10470,DS201,3,5,8,9,78,9.97
LMS_STU_10470_MA102,STU_10470,MA102,2,5,6,9,47,12.57
LMS_STU_10470_SE301,STU_10470,SE301,4,4,7,2,71,6.9
LMS_STU_10471_CS101,STU_10471,CS101,1,2,2,1,22,3.62
LMS_STU_10471_DS201,STU_10471,DS201,3,3,3,2,10,3.0
LMS_STU_10471_MA102,STU_10471,MA102,4,4,1,2,19,2.67
LMS_STU_10471_SE301,STU_10471,SE301,2,1,2,0,23,2.23
LMS_STU_10472_CS101,STU_10472,CS101,3,5,5,5,47,12.59
LMS_STU_10472_DS201,STU_10472,DS201,4,4,4,3,76,10.3
LMS_STU_10472_MA102,STU_10472,MA102,3,4,4,10,41,9.59
LMS_STU_10472_SE301,STU_10472,SE301,2,4,8,9,35,11.85
LMS_STU_10473_CS101,STU_10473,CS101,2,4,4,3,78,5.74
LMS_STU_10473_DS201,STU_10473,DS201,1,4,8,6,35,7.1
LMS_STU_10473_MA102,STU_10473,MA102,3,4,6,5,36,12.15
LMS_STU_10473_SE301,STU_10473,SE301,3,4,5,8,30,5.01
LMS_STU_10474_CS101,STU_10474,CS101,4,5,7,6,34,11.14
LMS_STU_10474_DS201,STU_10474,DS201,1,4,5,3,76,9.31
LMS_STU_10474_MA102,STU_10474,MA102,4,4,6,8,62,12.47
LMS_STU_10474_SE301,STU_10474,SE301,2,4,7,8,46,13.81
LMS_STU_10475_CS101,STU_10475,CS101,3,5,6,4,34,12.76
LMS_STU_10475_DS201,STU_10475,DS201,2,4,5,4,64,14.32
LMS_STU_10475_MA102,STU_10475,MA102,3,5,5,8,75,9.35
LMS_STU_10475_SE301,STU_10475,SE301,4,4,4,6,65,8.43
LMS_STU_10476_CS101,STU_10476,CS101,2,1,3,1,18,3.41
LMS_STU_10476_DS201,STU_10476,DS201,4,2,1,1,16,1.73
LMS_STU_10476_MA102,STU_10476,MA102,2,1,1,1,21,3.86
LMS_STU_10476_SE301,STU_10476,SE301,2,2,3,0,10,2.69
LMS_STU_10477_CS101,STU_10477,CS101,1,5,4,3,79,12.68
LMS_STU_10477_DS201,STU_10477,DS201,4,4,7,8,33,9.57
LMS_STU_10477_MA102,STU_10477,MA102,2,5,6,6,49,12.36
LMS_STU_10477_SE301,STU_10477,SE301,4,5,8,8,34,6.03
LMS_STU_10478_CS101,STU_10478,CS101,1,5,7,9,61,7.11
LMS_STU_10478_DS201,STU_10478,DS201,1,4,6,3,54,13.04
LMS_STU_10478_MA102,STU_10478,MA102,3,5,5,10,47,14.66
LMS_STU_10478_SE301,STU_10478,SE301,3,5,8,4,75,6.0
LMS_STU_10479_CS101,STU_10479,CS101,1,4,5,6,65,11.79
LMS_STU_10479_DS201,STU_10479,DS201,4,4,7,4,73,6.87
LMS_STU_10479_MA102,STU_10479,MA102,4,5,4,3,61,11.34
LMS_STU_10479_SE301,STU_10479,SE301,2,5,6,3,37,12.46
LMS_STU_10480_CS101,STU_10480,CS101,2,4,8,8,40,14.29
LMS_STU_10480_DS201,STU_10480,DS201,1,5,5,7,56,14.34
LMS_STU_10480_MA102,STU_10480,MA102,3,5,4,7,71,11.25
LMS_STU_10480_SE301,STU_10480,SE301,3,4,4,10,55,11.63
LMS_STU_10481_CS101,STU_10481,CS101,3,2,3,2,17,2.36
LMS_STU_10481_DS201,STU_10481,DS201,2,2,3,1,10,1.93
LMS_STU_10481_MA102,STU_10481,MA102,1,1,3,1,10,3.22
LMS_STU_10481_SE301,STU_10481,SE301,1,1,3,0,15,1.82
LMS_STU_10482_CS101,STU_10482,CS101,1,5,5,3,77,6.67
LMS_STU_10482_DS201,STU_10482,DS201,2,5,7,1,63,10.71
LMS_STU_10482_MA102,STU_10482,MA102,1,5,7,7,34,13.49
LMS_STU_10482_SE301,STU_10482,SE301,1,4,4,5,60,13.63
LMS_STU_10483_CS101,STU_10483,CS101,2,5,7,6,66,11.14
LMS_STU_10483_DS201,STU_10483,DS201,1,4,7,4,66,5.44
LMS_STU_10483_MA102,STU_10483,MA102,4,5,6,1,77,9.03
LMS_STU_10483_SE301,STU_10483,SE301,3,5,7,1,41,9.65
LMS_STU_10484_CS101,STU_10484,CS101,2,4,7,1,45,13.29
LMS_STU_10484_DS201,STU_10484,DS201,3,4,5,5,51,5.16
LMS_STU_10484_MA102,STU_10484,MA102,2,4,7,1,74,11.95
LMS_STU_10484_SE301,STU_10484,SE301,3,4,6,2,72,14.71
LMS_STU_10485_CS101,STU_10485,CS101,4,5,6,7,49,8.82
LMS_STU_10485_DS201,STU_10485,DS201,4,5,7,7,79,11.35
LMS_STU_10485_MA102,STU_10485,MA102,3,5,8,2,47,6.66
LMS_STU_10485_SE301,STU_10485,SE301,3,4,4,1,30,13.37
LMS_STU_10486_CS101,STU_10486,CS101,1,2,2,1,16,2.62
LMS_STU_10486_DS201,STU_10486,DS201,3,4,3,0,10,3.39
LMS_STU_10486_MA102,STU_10486,MA102,2,2,1,0,14,2.31
LMS_STU_10486_SE301,STU_10486,SE301,2,2,2,1,15,3.11
LMS_STU_10487_CS101,STU_10487,CS101,2,4,5,5,51,5.44
LMS_STU_10487_DS201,STU_10487,DS201,3,5,4,8,61,9.05
LMS_STU_10487_MA102,STU_10487,MA102,4,5,7,2,32,11.98
LMS_STU_10487_SE301,STU_10487,SE301,1,4,4,6,68,5.86
LMS_STU_10488_CS101,STU_10488,CS101,1,5,5,5,61,11.08
LMS_STU_10488_DS201,STU_10488,DS201,2,4,5,5,62,11.65
LMS_STU_10488_MA102,STU_10488,MA102,1,5,4,3,55,14.71
LMS_STU_10488_SE301,STU_10488,SE301,4,4,4,6,74,8.48
LMS_STU_10489_CS101,STU_10489,CS101,3,4,4,9,60,8.71
LMS_STU_10489_DS201,STU_10489,DS201,3,5,6,2,74,7.12
LMS_STU_10489_MA102,STU_10489,MA102,2,4,5,8,33,11.65
LMS_STU_10489_SE301,STU_10489,SE301,3,5,6,7,64,14.33
LMS_STU_10490_CS101,STU_10490,CS101,3,4,4,4,70,10.42
LMS_STU_10490_DS201,STU_10490,DS201,2,5,6,2,65,14.41
LMS_STU_10490_MA102,STU_10490,MA102,2,4,5,7,77,7.8
LMS_STU_10490_SE301,STU_10490,SE301,3,5,4,2,60,13.62
LMS_STU_10491_CS101,STU_10491,CS101,4,2,1,1,11,1.67
LMS_STU_10491_DS201,STU_10491,DS201,4,3,1,1,11,2.36
LMS_STU_10491_MA102,STU_10491,MA102,4,1,1,1,17,1.7
LMS_STU_10491_SE301,STU_10491,SE301,1,2,2,0,25,2.67
LMS_STU_10492_CS101,STU_10492,CS101,4,4,7,1,49,6.16
LMS_STU_10492_DS201,STU_10492,DS201,4,5,4,10,53,8.84
LMS_STU_10492_MA102,STU_10492,MA102,1,4,8,3,65,10.77
LMS_STU_10492_SE301,STU_10492,SE301,1,4,7,6,62,9.31
LMS_STU_10493_CS101,STU_10493,CS101,2,5,8,4,31,10.85
LMS_STU_10493_DS201,STU_10493,DS201,3,4,5,7,42,6.13
LMS_STU_10493_MA102,STU_10493,MA102,3,4,8,10,56,14.88
LMS_STU_10493_SE301,STU_10493,SE301,1,5,4,8,50,11.47
LMS_STU_10494_CS101,STU_10494,CS101,4,4,6,6,72,7.75
LMS_STU_10494_DS201,STU_10494,DS201,4,5,5,3,31,9.16
LMS_STU_10494_MA102,STU_10494,MA102,2,5,6,9,79,7.41
LMS_STU_10494_SE301,STU_10494,SE301,1,4,6,9,33,11.64
LMS_STU_10495_CS101,STU_10495,CS101,4,5,7,4,46,12.44
LMS_STU_10495_DS201,STU_10495,DS201,1,4,8,9,52,13.43
LMS_STU_10495_MA102,STU_10495,MA102,3,4,4,10,78,14.03
LMS_STU_10495_SE301,STU_10495,SE301,4,4,7,8,62,12.83
LMS_STU_10496_CS101,STU_10496,CS101,3,1,2,2,16,1.84
LMS_STU_10496_DS201,STU_10496,DS201,1,1,2,2,25,1.72
LMS_STU_10496_MA102,STU_10496,MA102,4,4,3,0,13,1.52
LMS_STU_10496_SE301,STU_10496,SE301,3,1,1,0,25,3.68
LMS_STU_10497_CS101,STU_10497,CS101,4,4,7,5,50,9.55
LMS_STU_10497_DS201,STU_10497,DS201,3,4,7,10,34,10.02
LMS_STU_10497_MA102,STU_10497,MA102,1,4,4,1,78,5.15
LMS_STU_10497_SE301,STU_10497,SE301,1,4,5,1,73,11.38
LMS_STU_10498_CS101,STU_10498,CS101,1,5,8,10,31,7.55
LMS_STU_10498_DS201,STU_10498,DS201,1,4,4,4,80,12.71
LMS_STU_10498_MA102,STU_10498,MA102,2,4,6,9,76,13.8
LMS_STU_10498_SE301,STU_10498,SE301,2,5,7,3,47,7.89
LMS_STU_10499_CS101,STU_10499,CS101,4,5,6,6,54,5.75
LMS_STU_10499_DS201,STU_10499,DS201,3,5,8,10,36,8.73
LMS_STU_10499_MA102,STU_10499,MA102,2,4,7,6,69,12.6
LMS_STU_10499_SE301,STU_10499,SE301,3,5,4,10,36,7.92
LMS_STU_10500_CS101,STU_10500,CS101,4,4,8,3,74,11.73
LMS_STU_10500_DS201,STU_10500,DS201,1,4,5,9,38,13.43
LMS_STU_10500_MA102,STU_10500,MA102,4,5,7,2,66,9.7
LMS_STU_10500_SE301,STU_10500,SE301,4,4,5,7,55,9.11
LMS_STU_10501_CS101,STU_10501,CS101,1,4,3,2,15,3.32
LMS_STU_10501_DS201,STU_10501,DS201,4,4,3,0,23,3.24
LMS_STU_10501_MA102,STU_10501,MA102,4,3,2,1,23,2.43
LMS_STU_10501_SE301,STU_10501,SE301,4,4,3,1,24,2.73
LMS_STU_10502_CS101,STU_10502,CS101,4,4,8,1,32,14.02
LMS_STU_10502_DS201,STU_10502,DS201,3,4,7,9,38,6.92
LMS_STU_10502_MA102,STU_10502,MA102,2,5,5,4,66,7.39
LMS_STU_10502_SE301,STU_10502,SE301,4,5,4,3,57,9.99
LMS_STU_10503_CS101,STU_10503,CS101,4,5,7,1,58,7.46
LMS_STU_10503_DS201,STU_10503,DS201,3,5,7,1,77,12.43
LMS_STU_10503_MA102,STU_10503,MA102,3,4,4,8,43,6.35
LMS_STU_10503_SE301,STU_10503,SE301,2,4,4,6,62,12.98
LMS_STU_10504_CS101,STU_10504,CS101,2,4,5,3,67,11.57
LMS_STU_10504_DS201,STU_10504,DS201,3,5,7,7,69,12.57
LMS_STU_10504_MA102,STU_10504,MA102,1,4,7,1,58,10.98
LMS_STU_10504_SE301,STU_10504,SE301,1,4,7,3,42,11.85
LMS_STU_10505_CS101,STU_10505,CS101,1,5,6,4,79,8.07
LMS_STU_10505_DS201,STU_10505,DS201,1,5,6,8,30,11.38
LMS_STU_10505_MA102,STU_10505,MA102,3,5,7,2,37,12.03
LMS_STU_10505_SE301,STU_10505,SE301,2,5,8,9,70,8.16
LMS_STU_10506_CS101,STU_10506,CS101,4,2,2,0,23,2.43
LMS_STU_10506_DS201,STU_10506,DS201,1,3,1,1,14,3.08
LMS_STU_10506_MA102,STU_10506,MA102,4,4,1,1,10,2.76
LMS_STU_10506_SE301,STU_10506,SE301,4,2,3,2,25,1.64
LMS_STU_10507_CS101,STU_10507,CS101,2,4,4,6,55,9.24
LMS_STU_10507_DS201,STU_10507,DS201,1,4,8,2,62,9.65
LMS_STU_10507_MA102,STU_10507,MA102,4,4,4,5,80,8.34
LMS_STU_10507_SE301,STU_10507,SE301,2,4,7,2,63,13.66
LMS_STU_10508_CS101,STU_10508,CS101,1,4,5,2,45,6.05
LMS_STU_10508_DS201,STU_10508,DS201,4,4,6,1,42,14.19
LMS_STU_10508_MA102,STU_10508,MA102,4,4,4,8,45,7.95
LMS_STU_10508_SE301,STU_10508,SE301,4,5,4,5,56,13.35
LMS_STU_10509_CS101,STU_10509,CS101,3,5,6,6,35,13.07
LMS_STU_10509_DS201,STU_10509,DS201,2,4,5,6,53,10.87
LMS_STU_10509_MA102,STU_10509,MA102,4,5,8,2,52,11.56
LMS_STU_10509_SE301,STU_10509,SE301,4,4,4,4,54,7.0
LMS_STU_10510_CS101,STU_10510,CS101,4,5,8,7,51,5.19
LMS_STU_10510_DS201,STU_10510,DS201,4,5,6,4,50,6.79
LMS_STU_10510_MA102,STU_10510,MA102,3,4,4,10,35,9.13
LMS_STU_10510_SE301,STU_10510,SE301,2,5,6,8,31,13.07
LMS_STU_10511_CS101,STU_10511,CS101,4,4,3,2,25,2.71
LMS_STU_10511_DS201,STU_10511,DS201,1,2,2,0,19,3.49
LMS_STU_10511_MA102,STU_10511,MA102,2,3,2,2,23,2.19
LMS_STU_10511_SE301,STU_10511,SE301,1,3,1,1,10,2.93
LMS_STU_10512_CS101,STU_10512,CS101,3,4,6,2,63,7.77
LMS_STU_10512_DS201,STU_10512,DS201,4,4,8,3,68,12.11
LMS_STU_10512_MA102,STU_10512,MA102,4,5,4,4,39,14.18
LMS_STU_10512_SE301,STU_10512,SE301,1,4,4,5,69,11.55
LMS_STU_10513_CS101,STU_10513,CS101,1,4,7,5,78,7.36
LMS_STU_10513_DS201,STU_10513,DS201,3,5,4,10,65,5.98
LMS_STU_10513_MA102,STU_10513,MA102,2,4,6,1,68,5.95
LMS_STU_10513_SE301,STU_10513,SE301,4,4,5,10,73,12.35
LMS_STU_10514_CS101,STU_10514,CS101,2,4,7,3,50,10.83
LMS_STU_10514_DS201,STU_10514,DS201,2,4,8,7,53,9.9
LMS_STU_10514_MA102,STU_10514,MA102,1,4,8,3,75,7.93
LMS_STU_10514_SE301,STU_10514,SE301,1,4,8,4,30,13.84
LMS_STU_10515_CS101,STU_10515,CS101,4,4,5,9,37,10.12
LMS_STU_10515_DS201,STU_10515,DS201,2,5,6,2,56,9.94
LMS_STU_10515_MA102,STU_10515,MA102,1,5,7,7,37,11.82
LMS_STU_10515_SE301,STU_10515,SE301,4,4,7,10,35,5.95
LMS_STU_10516_CS101,STU_10516,CS101,2,2,1,0,20,2.91
LMS_STU_10516_DS201,STU_10516,DS201,2,2,2,0,12,3.76
LMS_STU_10516_MA102,STU_10516,MA102,2,3,2,0,24,3.3
LMS_STU_10516_SE301,STU_10516,SE301,3,3,3,2,10,3.43
LMS_STU_10517_CS101,STU_10517,CS101,1,5,4,5,80,9.46
LMS_STU_10517_DS201,STU_10517,DS201,4,4,7,9,40,10.32
LMS_STU_10517_MA102,STU_10517,MA102,2,4,8,3,48,7.85
LMS_STU_10517_SE301,STU_10517,SE301,2,4,7,4,54,6.3
LMS_STU_10518_CS101,STU_10518,CS101,4,4,5,9,57,13.53
LMS_STU_10518_DS201,STU_10518,DS201,3,5,5,3,75,6.62
LMS_STU_10518_MA102,STU_10518,MA102,2,4,6,3,57,7.0
LMS_STU_10518_SE301,STU_10518,SE301,2,5,8,2,40,8.4
LMS_STU_10519_CS101,STU_10519,CS101,1,5,6,3,63,12.78
LMS_STU_10519_DS201,STU_10519,DS201,3,5,6,10,30,7.78
LMS_STU_10519_MA102,STU_10519,MA102,4,5,4,8,57,8.12
LMS_STU_10519_SE301,STU_10519,SE301,3,5,4,1,52,9.58
LMS_STU_10520_CS101,STU_10520,CS101,3,4,7,6,41,12.56
LMS_STU_10520_DS201,STU_10520,DS201,2,4,8,4,70,6.28
LMS_STU_10520_MA102,STU_10520,MA102,3,5,8,4,47,12.27
LMS_STU_10520_SE301,STU_10520,SE301,1,5,6,1,78,10.5
LMS_STU_10521_CS101,STU_10521,CS101,4,4,2,1,25,1.84
LMS_STU_10521_DS201,STU_10521,DS201,1,3,3,1,10,3.78
LMS_STU_10521_MA102,STU_10521,MA102,4,2,2,2,10,1.76
LMS_STU_10521_SE301,STU_10521,SE301,4,2,1,0,19,1.99
LMS_STU_10522_CS101,STU_10522,CS101,4,5,4,5,69,13.66
LMS_STU_10522_DS201,STU_10522,DS201,4,4,6,9,46,10.84
LMS_STU_10522_MA102,STU_10522,MA102,2,5,4,6,41,14.26
LMS_STU_10522_SE301,STU_10522,SE301,2,4,6,7,65,6.34
LMS_STU_10523_CS101,STU_10523,CS101,1,4,8,3,31,12.25
LMS_STU_10523_DS201,STU_10523,DS201,1,4,5,1,67,13.27
LMS_STU_10523_MA102,STU_10523,MA102,3,4,4,1,71,12.03
LMS_STU_10523_SE301,STU_10523,SE301,3,4,5,6,73,7.59
LMS_STU_10524_CS101,STU_10524,CS101,1,4,4,3,61,13.65
LMS_STU_10524_DS201,STU_10524,DS201,2,4,5,6,35,5.23
LMS_STU_10524_MA102,STU_10524,MA102,2,4,7,10,65,14.24
LMS_STU_10524_SE301,STU_10524,SE301,2,5,7,10,80,10.71
LMS_STU_10525_CS101,STU_10525,CS101,2,5,8,5,43,6.69
LMS_STU_10525_DS201,STU_10525,DS201,1,4,5,3,49,5.49
LMS_STU_10525_MA102,STU_10525,MA102,1,5,7,1,30,7.33
LMS_STU_10525_SE301,STU_10525,SE301,1,5,4,6,33,13.96
LMS_STU_10526_CS101,STU_10526,CS101,3,2,2,1,10,2.77
LMS_STU_10526_DS201,STU_10526,DS201,3,2,3,0,20,1.79
LMS_STU_10526_MA102,STU_10526,MA102,3,1,1,0,23,3.79
LMS_STU_10526_SE301,STU_10526,SE301,1,1,3,2,24,3.92
LMS_STU_10527_CS101,STU_10527,CS101,3,5,4,2,79,9.42
LMS_STU_10527_DS201,STU_10527,DS201,3,4,5,7,48,13.33
LMS_STU_10527_MA102,STU_10527,MA102,4,4,7,3,74,8.44
LMS_STU_10527_SE301,STU_10527,SE301,1,4,5,6,68,10.76
LMS_STU_10528_CS101,STU_10528,CS101,3,4,6,4,74,6.35
LMS_STU_10528_DS201,STU_10528,DS201,4,5,7,2,51,8.12
LMS_STU_10528_MA102,STU_10528,MA102,2,5,8,10,78,13.97
LMS_STU_10528_SE301,STU_10528,SE301,4,4,8,5,58,11.72
LMS_STU_10529_CS101,STU_10529,CS101,4,4,4,8,35,11.0
LMS_STU_10529_DS201,STU_10529,DS201,1,4,5,6,42,7.19
LMS_STU_10529_MA102,STU_10529,MA102,2,5,8,3,37,11.26
LMS_STU_10529_SE301,STU_10529,SE301,4,4,5,5,30,14.58
LMS_STU_10530_CS101,STU_10530,CS101,1,5,6,9,76,14.31
LMS_STU_10530_DS201,STU_10530,DS201,4,5,5,2,72,11.49
LMS_STU_10530_MA102,STU_10530,MA102,2,5,4,7,37,5.64
LMS_STU_10530_SE301,STU_10530,SE301,3,4,4,2,74,10.22
LMS_STU_10531_CS101,STU_10531,CS101,3,3,3,2,13,3.06
LMS_STU_10531_DS201,STU_10531,DS201,4,3,3,2,20,1.79
LMS_STU_10531_MA102,STU_10531,MA102,2,2,2,2,22,2.56
LMS_STU_10531_SE301,STU_10531,SE301,1,3,1,0,16,3.47
LMS_STU_10532_CS101,STU_10532,CS101,3,4,4,2,66,10.47
LMS_STU_10532_DS201,STU_10532,DS201,1,4,4,7,45,10.55
LMS_STU_10532_MA102,STU_10532,MA102,2,5,6,4,40,8.84
LMS_STU_10532_SE301,STU_10532,SE301,3,5,4,9,68,11.25
LMS_STU_10533_CS101,STU_10533,CS101,1,5,8,6,50,5.65
LMS_STU_10533_DS201,STU_10533,DS201,4,4,6,5,45,9.01
LMS_STU_10533_MA102,STU_10533,MA102,1,4,6,6,68,12.14
LMS_STU_10533_SE301,STU_10533,SE301,2,4,6,10,47,5.49
LMS_STU_10534_CS101,STU_10534,CS101,1,4,4,1,56,10.87
LMS_STU_10534_DS201,STU_10534,DS201,4,4,8,9,74,7.16
LMS_STU_10534_MA102,STU_10534,MA102,2,4,7,8,67,14.59
LMS_STU_10534_SE301,STU_10534,SE301,2,5,7,5,31,12.62
LMS_STU_10535_CS101,STU_10535,CS101,2,4,7,6,30,8.37
LMS_STU_10535_DS201,STU_10535,DS201,1,5,6,1,63,6.15
LMS_STU_10535_MA102,STU_10535,MA102,4,5,4,1,66,6.05
LMS_STU_10535_SE301,STU_10535,SE301,4,5,4,1,50,11.05
LMS_STU_10536_CS101,STU_10536,CS101,1,4,2,0,25,2.22
LMS_STU_10536_DS201,STU_10536,DS201,3,3,3,1,16,2.98
LMS_STU_10536_MA102,STU_10536,MA102,1,3,3,1,22,3.33
LMS_STU_10536_SE301,STU_10536,SE301,3,3,3,0,18,3.8
LMS_STU_10537_CS101,STU_10537,CS101,1,4,7,9,65,10.14
LMS_STU_10537_DS201,STU_10537,DS201,1,4,7,9,54,14.93
LMS_STU_10537_MA102,STU_10537,MA102,2,4,4,2,68,9.64
LMS_STU_10537_SE301,STU_10537,SE301,2,4,7,9,37,9.64
LMS_STU_10538_CS101,STU_10538,CS101,4,4,5,3,50,8.35
LMS_STU_10538_DS201,STU_10538,DS201,1,4,8,2,40,12.38
LMS_STU_10538_MA102,STU_10538,MA102,4,5,4,6,36,10.46
LMS_STU_10538_SE301,STU_10538,SE301,4,5,6,3,46,8.89
LMS_STU_10539_CS101,STU_10539,CS101,4,4,4,5,72,14.43
LMS_STU_10539_DS201,STU_10539,DS201,3,5,7,6,61,5.92
LMS_STU_10539_MA102,STU_10539,MA102,3,5,6,6,64,8.01
LMS_STU_10539_SE301,STU_10539,SE301,4,5,4,10,55,5.64
LMS_STU_10540_CS101,STU_10540,CS101,1,4,6,1,74,13.78
LMS_STU_10540_DS201,STU_10540,DS201,1,5,6,5,49,13.56
LMS_STU_10540_MA102,STU_10540,MA102,4,4,6,3,37,9.21
LMS_STU_10540_SE301,STU_10540,SE301,2,5,5,10,80,14.1
LMS_STU_10541_CS101,STU_10541,CS101,1,4,2,1,22,2.72
LMS_STU_10541_DS201,STU_10541,DS201,2,3,3,1,15,1.54
LMS_STU_10541_MA102,STU_10541,MA102,2,1,2,1,25,1.52
LMS_STU_10541_SE301,STU_10541,SE301,3,1,1,0,18,2.42
LMS_STU_10542_CS101,STU_10542,CS101,1,5,7,9,44,9.36
LMS_STU_10542_DS201,STU_10542,DS201,3,4,8,7,77,10.12
LMS_STU_10542_MA102,STU_10542,MA102,1,4,5,8,37,12.64
LMS_STU_10542_SE301,STU_10542,SE301,4,5,5,4,68,11.46
LMS_STU_10543_CS101,STU_10543,CS101,3,4,7,1,35,9.61
LMS_STU_10543_DS201,STU_10543,DS201,4,4,7,6,51,10.05
LMS_STU_10543_MA102,STU_10543,MA102,2,4,7,2,42,8.35
LMS_STU_10543_SE301,STU_10543,SE301,3,4,7,1,35,11.72
LMS_STU_10544_CS101,STU_10544,CS101,2,4,5,3,71,11.28
LMS_STU_10544_DS201,STU_10544,DS201,1,4,5,6,73,7.23
LMS_STU_10544_MA102,STU_10544,MA102,3,5,7,5,31,12.81
LMS_STU_10544_SE301,STU_10544,SE301,1,5,5,4,37,12.6
LMS_STU_10545_CS101,STU_10545,CS101,3,5,6,9,44,8.24
LMS_STU_10545_DS201,STU_10545,DS201,4,4,8,8,51,6.93
LMS_STU_10545_MA102,STU_10545,MA102,1,5,8,4,45,8.79
LMS_STU_10545_SE301,STU_10545,SE301,2,4,6,3,75,13.7
LMS_STU_10546_CS101,STU_10546,CS101,4,3,2,2,24,3.38
LMS_STU_10546_DS201,STU_10546,DS201,4,4,1,2,16,3.3
LMS_STU_10546_MA102,STU_10546,MA102,2,2,1,0,23,3.4
LMS_STU_10546_SE301,STU_10546,SE301,1,4,1,0,14,3.67
LMS_STU_10547_CS101,STU_10547,CS101,1,5,6,8,46,14.69
LMS_STU_10547_DS201,STU_10547,DS201,1,4,6,2,41,6.04
LMS_STU_10547_MA102,STU_10547,MA102,2,4,6,1,71,5.78
LMS_STU_10547_SE301,STU_10547,SE301,1,5,6,6,70,8.66
LMS_STU_10548_CS101,STU_10548,CS101,4,5,7,10,78,12.11
LMS_STU_10548_DS201,STU_10548,DS201,2,5,5,7,58,13.33
LMS_STU_10548_MA102,STU_10548,MA102,1,5,4,3,32,7.28
LMS_STU_10548_SE301,STU_10548,SE301,3,5,6,2,70,14.8
LMS_STU_10549_CS101,STU_10549,CS101,4,5,7,6,69,12.21
LMS_STU_10549_DS201,STU_10549,DS201,2,4,4,1,38,6.85
LMS_STU_10549_MA102,STU_10549,MA102,2,4,5,8,35,9.02
LMS_STU_10549_SE301,STU_10549,SE301,4,5,5,4,72,12.3
LMS_STU_10550_CS101,STU_10550,CS101,3,4,8,10,69,9.52
LMS_STU_10550_DS201,STU_10550,DS201,2,4,4,2,50,6.33
LMS_STU_10550_MA102,STU_10550,MA102,2,5,4,10,73,10.78
LMS_STU_10550_SE301,STU_10550,SE301,1,5,7,7,70,7.57
LMS_STU_10551_CS101,STU_10551,CS101,1,1,3,0,25,3.8
LMS_STU_10551_DS201,STU_10551,DS201,2,1,1,0,11,3.03
LMS_STU_10551_MA102,STU_10551,MA102,1,1,3,1,22,1.59
LMS_STU_10551_SE301,STU_10551,SE301,3,2,3,0,19,2.96
LMS_STU_10552_CS101,STU_10552,CS101,4,5,8,7,75,8.46
LMS_STU_10552_DS201,STU_10552,DS201,1,4,8,10,52,7.11
LMS_STU_10552_MA102,STU_10552,MA102,2,4,7,9,44,13.26
LMS_STU_10552_SE301,STU_10552,SE301,2,4,5,6,80,7.14
LMS_STU_10553_CS101,STU_10553,CS101,3,5,8,9,64,13.67
LMS_STU_10553_DS201,STU_10553,DS201,1,5,7,10,76,12.11
LMS_STU_10553_MA102,STU_10553,MA102,3,5,7,7,50,8.12
LMS_STU_10553_SE301,STU_10553,SE301,3,4,8,10,36,7.56
LMS_STU_10554_CS101,STU_10554,CS101,2,4,5,5,51,11.84
LMS_STU_10554_DS201,STU_10554,DS201,3,5,6,10,75,11.8
LMS_STU_10554_MA102,STU_10554,MA102,1,4,7,1,76,10.09
LMS_STU_10554_SE301,STU_10554,SE301,4,4,8,3,39,6.63
LMS_STU_10555_CS101,STU_10555,CS101,3,5,8,5,47,9.54
LMS_STU_10555_DS201,STU_10555,DS201,3,5,8,6,80,11.65
LMS_STU_10555_MA102,STU_10555,MA102,3,5,6,2,74,7.62
LMS_STU_10555_SE301,STU_10555,SE301,1,5,7,3,69,12.43
LMS_STU_10556_CS101,STU_10556,CS101,1,3,1,1,11,2.7
LMS_STU_10556_DS201,STU_10556,DS201,2,2,3,0,18,2.09
LMS_STU_10556_MA102,STU_10556,MA102,2,4,2,1,22,1.79
LMS_STU_10556_SE301,STU_10556,SE301,2,2,3,2,21,2.31
LMS_STU_10557_CS101,STU_10557,CS101,3,4,6,10,79,6.12
LMS_STU_10557_DS201,STU_10557,DS201,2,5,5,1,56,12.94
LMS_STU_10557_MA102,STU_10557,MA102,4,4,4,10,73,9.61
LMS_STU_10557_SE301,STU_10557,SE301,1,4,8,10,76,7.14
LMS_STU_10558_CS101,STU_10558,CS101,4,5,5,1,75,9.79
LMS_STU_10558_DS201,STU_10558,DS201,2,4,8,2,78,11.59
LMS_STU_10558_MA102,STU_10558,MA102,2,4,8,10,35,10.1
LMS_STU_10558_SE301,STU_10558,SE301,2,5,4,8,45,11.22
LMS_STU_10559_CS101,STU_10559,CS101,3,5,6,1,53,5.37
LMS_STU_10559_DS201,STU_10559,DS201,1,5,4,2,46,9.15
LMS_STU_10559_MA102,STU_10559,MA102,4,5,7,7,40,5.71
LMS_STU_10559_SE301,STU_10559,SE301,4,4,7,3,49,7.3
LMS_STU_10560_CS101,STU_10560,CS101,1,5,6,6,56,13.68
LMS_STU_10560_DS201,STU_10560,DS201,3,4,6,10,68,9.52
LMS_STU_10560_MA102,STU_10560,MA102,2,4,4,5,46,8.85
LMS_STU_10560_SE301,STU_10560,SE301,2,4,8,5,50,8.24
LMS_STU_10561_CS101,STU_10561,CS101,3,1,1,0,14,1.85
LMS_STU_10561_DS201,STU_10561,DS201,3,1,1,0,14,3.93
LMS_STU_10561_MA102,STU_10561,MA102,3,2,1,2,17,1.56
LMS_STU_10561_SE301,STU_10561,SE301,2,2,1,2,11,1.91
LMS_STU_10562_CS101,STU_10562,CS101,3,4,7,7,56,14.16
LMS_STU_10562_DS201,STU_10562,DS201,4,4,7,9,42,11.97
LMS_STU_10562_MA102,STU_10562,MA102,2,4,7,7,58,7.9
LMS_STU_10562_SE301,STU_10562,SE301,1,4,8,8,61,7.21
LMS_STU_10563_CS101,STU_10563,CS101,3,5,5,6,72,13.29
LMS_STU_10563_DS201,STU_10563,DS201,3,4,4,3,35,7.17
LMS_STU_10563_MA102,STU_10563,MA102,3,4,4,2,40,8.38
LMS_STU_10563_SE301,STU_10563,SE301,3,4,7,5,54,9.3
LMS_STU_10564_CS101,STU_10564,CS101,2,5,4,7,60,11.35
LMS_STU_10564_DS201,STU_10564,DS201,4,5,6,1,43,11.3
LMS_STU_10564_MA102,STU_10564,MA102,3,4,5,2,34,11.2
LMS_STU_10564_SE301,STU_10564,SE301,3,5,7,3,31,13.9
LMS_STU_10565_CS101,STU_10565,CS101,3,5,6,4,40,6.01
LMS_STU_10565_DS201,STU_10565,DS201,3,5,6,1,39,8.88
LMS_STU_10565_MA102,STU_10565,MA102,3,5,4,6,63,13.16
LMS_STU_10565_SE301,STU_10565,SE301,4,4,7,3,39,14.85
LMS_STU_10566_CS101,STU_10566,CS101,3,2,3,0,23,3.69
LMS_STU_10566_DS201,STU_10566,DS201,1,1,1,1,20,3.85
LMS_STU_10566_MA102,STU_10566,MA102,2,3,2,1,16,1.58
LMS_STU_10566_SE301,STU_10566,SE301,2,2,3,1,13,3.87
LMS_STU_10567_CS101,STU_10567,CS101,1,5,5,8,31,9.61
LMS_STU_10567_DS201,STU_10567,DS201,2,5,6,3,31,5.45
LMS_STU_10567_MA102,STU_10567,MA102,3,4,5,10,48,13.04
LMS_STU_10567_SE301,STU_10567,SE301,1,5,8,10,44,11.02
LMS_STU_10568_CS101,STU_10568,CS101,4,5,8,9,35,5.47
LMS_STU_10568_DS201,STU_10568,DS201,3,5,8,2,52,12.72
LMS_STU_10568_MA102,STU_10568,MA102,1,5,6,3,48,10.56
LMS_STU_10568_SE301,STU_10568,SE301,4,5,4,5,36,12.68
LMS_STU_10569_CS101,STU_10569,CS101,4,4,6,1,73,10.12
LMS_STU_10569_DS201,STU_10569,DS201,4,5,8,6,80,5.78
LMS_STU_10569_MA102,STU_10569,MA102,4,4,5,10,37,14.35
LMS_STU_10569_SE301,STU_10569,SE301,2,5,8,1,70,5.63
LMS_STU_10570_CS101,STU_10570,CS101,3,4,6,8,55,11.9
LMS_STU_10570_DS201,STU_10570,DS201,2,4,8,10,49,9.71
LMS_STU_10570_MA102,STU_10570,MA102,1,5,4,6,71,14.94
LMS_STU_10570_SE301,STU_10570,SE301,2,5,5,8,54,9.9
LMS_STU_10571_CS101,STU_10571,CS101,4,3,1,1,20,2.11
LMS_STU_10571_DS201,STU_10571,DS201,4,3,2,2,22,3.41
LMS_STU_10571_MA102,STU_10571,MA102,4,3,2,0,24,1.75
LMS_STU_10571_SE301,STU_10571,SE301,3,2,2,0,13,1.74
LMS_STU_10572_CS101,STU_10572,CS101,4,5,8,6,38,8.11
LMS_STU_10572_DS201,STU_10572,DS201,4,4,7,9,61,8.01
LMS_STU_10572_MA102,STU_10572,MA102,2,5,7,4,47,12.32
LMS_STU_10572_SE301,STU_10572,SE301,2,4,6,2,30,6.23
LMS_STU_10573_CS101,STU_10573,CS101,1,4,5,9,63,7.03
LMS_STU_10573_DS201,STU_10573,DS201,1,5,8,2,47,5.77
LMS_STU_10573_MA102,STU_10573,MA102,1,4,5,1,35,11.47
LMS_STU_10573_SE301,STU_10573,SE301,3,5,6,9,35,14.95
LMS_STU_10574_CS101,STU_10574,CS101,4,5,4,10,47,13.86
LMS_STU_10574_DS201,STU_10574,DS201,2,4,5,2,41,7.58
LMS_STU_10574_MA102,STU_10574,MA102,2,5,7,1,62,14.68
LMS_STU_10574_SE301,STU_10574,SE301,4,4,8,3,59,10.17
LMS_STU_10575_CS101,STU_10575,CS101,3,5,6,4,56,11.94
LMS_STU_10575_DS201,STU_10575,DS201,2,5,6,3,73,8.1
LMS_STU_10575_MA102,STU_10575,MA102,4,4,5,7,69,13.78
LMS_STU_10575_SE301,STU_10575,SE301,3,5,7,7,57,11.07
LMS_STU_10576_CS101,STU_10576,CS101,2,1,2,2,15,2.93
LMS_STU_10576_DS201,STU_10576,DS201,2,2,1,2,13,3.3
LMS_STU_10576_MA102,STU_10576,MA102,4,1,3,1,17,2.02
LMS_STU_10576_SE301,STU_10576,SE301,3,3,2,0,24,3.86
LMS_STU_10577_CS101,STU_10577,CS101,1,4,8,1,74,7.01
LMS_STU_10577_DS201,STU_10577,DS201,3,5,8,9,32,14.56
LMS_STU_10577_MA102,STU_10577,MA102,3,5,4,3,58,10.18
LMS_STU_10577_SE301,STU_10577,SE301,4,4,7,9,75,14.08
LMS_STU_10578_CS101,STU_10578,CS101,3,4,6,8,68,5.55
LMS_STU_10578_DS201,STU_10578,DS201,3,5,6,2,52,7.34
LMS_STU_10578_MA102,STU_10578,MA102,4,4,7,1,78,9.31
LMS_STU_10578_SE301,STU_10578,SE301,2,4,8,3,30,14.58
LMS_STU_10579_CS101,STU_10579,CS101,1,4,5,10,60,10.36
LMS_STU_10579_DS201,STU_10579,DS201,4,5,8,3,70,7.68
LMS_STU_10579_MA102,STU_10579,MA102,3,5,5,1,69,6.47
LMS_STU_10579_SE301,STU_10579,SE301,2,4,4,3,62,10.48
LMS_STU_10580_CS101,STU_10580,CS101,4,4,5,6,64,13.19
LMS_STU_10580_DS201,STU_10580,DS201,2,4,5,3,61,6.44
LMS_STU_10580_MA102,STU_10580,MA102,3,5,5,5,34,13.99
LMS_STU_10580_SE301,STU_10580,SE301,4,4,8,4,65,10.25
LMS_STU_10581_CS101,STU_10581,CS101,1,3,3,2,18,2.85
LMS_STU_10581_DS201,STU_10581,DS201,2,2,1,2,16,1.82
LMS_STU_10581_MA102,STU_10581,MA102,3,4,2,0,24,1.7
LMS_STU_10581_SE301,STU_10581,SE301,1,4,1,0,13,2.1
LMS_STU_10582_CS101,STU_10582,CS101,2,5,6,3,35,12.79
LMS_STU_10582_DS201,STU_10582,DS201,3,5,6,5,58,6.31
LMS_STU_10582_MA102,STU_10582,MA102,4,4,4,5,63,14.08
LMS_STU_10582_SE301,STU_10582,SE301,4,5,6,3,41,11.58
LMS_STU_10583_CS101,STU_10583,CS101,4,4,4,4,61,7.53
LMS_STU_10583_DS201,STU_10583,DS201,3,4,8,4,80,14.78
LMS_STU_10583_MA102,STU_10583,MA102,3,4,5,1,78,14.05
LMS_STU_10583_SE301,STU_10583,SE301,1,5,4,9,45,5.02
LMS_STU_10584_CS101,STU_10584,CS101,4,5,5,7,77,11.64
LMS_STU_10584_DS201,STU_10584,DS201,4,5,8,6,67,10.19
LMS_STU_10584_MA102,STU_10584,MA102,4,4,6,8,44,7.26
LMS_STU_10584_SE301,STU_10584,SE301,3,4,8,4,61,12.66
LMS_STU_10585_CS101,STU_10585,CS101,1,4,5,9,76,14.3
LMS_STU_10585_DS201,STU_10585,DS201,3,4,6,7,68,12.31
LMS_STU_10585_MA102,STU_10585,MA102,4,5,4,10,40,9.63
LMS_STU_10585_SE301,STU_10585,SE301,1,4,4,8,68,11.32
LMS_STU_10586_CS101,STU_10586,CS101,2,3,3,0,21,1.9
LMS_STU_10586_DS201,STU_10586,DS201,3,2,2,1,23,1.79
LMS_STU_10586_MA102,STU_10586,MA102,4,2,2,0,11,1.7
LMS_STU_10586_SE301,STU_10586,SE301,1,1,1,1,20,3.1
LMS_STU_10587_CS101,STU_10587,CS101,3,5,7,8,48,9.8
LMS_STU_10587_DS201,STU_10587,DS201,3,4,4,7,59,12.15
LMS_STU_10587_MA102,STU_10587,MA102,3,5,8,10,80,10.08
LMS_STU_10587_SE301,STU_10587,SE301,1,5,4,7,61,11.28
LMS_STU_10588_CS101,STU_10588,CS101,1,4,4,3,48,14.84
LMS_STU_10588_DS201,STU_10588,DS201,2,4,4,1,65,7.14
LMS_STU_10588_MA102,STU_10588,MA102,3,4,8,8,37,12.79
LMS_STU_10588_SE301,STU_10588,SE301,3,4,5,10,70,6.94
LMS_STU_10589_CS101,STU_10589,CS101,2,4,5,6,47,7.06
LMS_STU_10589_DS201,STU_10589,DS201,2,5,5,2,39,14.32
LMS_STU_10589_MA102,STU_10589,MA102,3,4,6,9,62,11.27
LMS_STU_10589_SE301,STU_10589,SE301,1,5,6,10,66,9.62
LMS_STU_10590_CS101,STU_10590,CS101,2,4,8,3,60,10.25
LMS_STU_10590_DS201,STU_10590,DS201,2,4,8,9,55,7.11
LMS_STU_10590_MA102,STU_10590,MA102,1,4,7,3,31,7.76
LMS_STU_10590_SE301,STU_10590,SE301,4,5,8,7,42,14.08
LMS_STU_10591_CS101,STU_10591,CS101,2,1,2,2,12,3.78
LMS_STU_10591_DS201,STU_10591,DS201,3,4,2,0,24,3.12
LMS_STU_10591_MA102,STU_10591,MA102,4,3,2,1,12,1.8
LMS_STU_10591_SE301,STU_10591,SE301,3,1,1,0,20,2.16
LMS_STU_10592_CS101,STU_10592,CS101,2,5,5,6,51,13.88
LMS_STU_10592_DS201,STU_10592,DS201,2,4,4,9,77,5.46
LMS_STU_10592_MA102,STU_10592,MA102,4,4,6,9,49,6.75
LMS_STU_10592_SE301,STU_10592,SE301,2,4,5,3,71,12.32
LMS_STU_10593_CS101,STU_10593,CS101,2,5,6,3,37,11.87
LMS_STU_10593_DS201,STU_10593,DS201,2,5,5,4,34,13.65
LMS_STU_10593_MA102,STU_10593,MA102,3,4,6,2,76,8.86
LMS_STU_10593_SE301,STU_10593,SE301,2,4,7,8,58,12.57
LMS_STU_10594_CS101,STU_10594,CS101,4,4,7,8,59,6.1
LMS_STU_10594_DS201,STU_10594,DS201,3,5,4,6,42,12.02
LMS_STU_10594_MA102,STU_10594,MA102,3,5,6,8,48,13.97
LMS_STU_10594_SE301,STU_10594,SE301,1,5,8,4,46,11.91
LMS_STU_10595_CS101,STU_10595,CS101,4,5,4,7,74,7.9
LMS_STU_10595_DS201,STU_10595,DS201,4,4,8,3,66,5.93
LMS_STU_10595_MA102,STU_10595,MA102,4,5,5,7,79,5.19
LMS_STU_10595_SE301,STU_10595,SE301,2,4,8,2,35,12.82
LMS_STU_10596_CS101,STU_10596,CS101,1,1,2,2,25,2.85
LMS_STU_10596_DS201,STU_10596,DS201,1,2,3,1,16,2.69
LMS_STU_10596_MA102,STU_10596,MA102,3,1,3,2,25,3.2
LMS_STU_10596_SE301,STU_10596,SE301,1,2,1,0,20,1.64
LMS_STU_10597_CS101,STU_10597,CS101,1,4,5,10,73,6.5
LMS_STU_10597_DS201,STU_10597,DS201,4,5,6,6,46,11.6
LMS_STU_10597_MA102,STU_10597,MA102,3,5,6,8,40,9.44
LMS_STU_10597_SE301,STU_10597,SE301,4,4,6,5,58,13.16
LMS_STU_10598_CS101,STU_10598,CS101,4,4,7,5,31,9.08
LMS_STU_10598_DS201,STU_10598,DS201,4,5,7,10,79,10.78
LMS_STU_10598_MA102,STU_10598,MA102,3,4,4,7,37,7.19
LMS_STU_10598_SE301,STU_10598,SE301,4,4,5,8,54,5.85
LMS_STU_10599_CS101,STU_10599,CS101,2,5,8,4,31,10.45
LMS_STU_10599_DS201,STU_10599,DS201,4,4,8,2,41,10.0
LMS_STU_10599_MA102,STU_10599,MA102,1,4,4,3,55,7.17
LMS_STU_10599_SE301,STU_10599,SE301,1,5,7,8,34,5.34
LMS_STU_10600_CS101,STU_10600,CS101,4,4,5,6,78,13.37
LMS_STU_10600_DS201,STU_10600,DS201,1,4,5,6,56,6.31
LMS_STU_10600_MA102,STU_10600,MA102,3,5,5,8,73,6.83
LMS_STU_10600_SE301,STU_10600,SE301,2,5,4,2,40,8.55
