mark_id,student_id,course_code,semester,assessment_name,score_obtained,max_score
MRK_1,STU_10001,CS101,2,Quiz_1,10.9,20
MRK_2,STU_10001,CS101,2,Midterm_Exam,13.7,30
MRK_3,STU_10001,CS101,2,Assignment_1,10.5,20
MRK_4,STU_10001,CS101,2,Final_Exam,16.9,30
MRK_5,STU_10001,DS201,1,Quiz_1,3.4,20
MRK_6,STU_10001,DS201,1,Midterm_Exam,10.2,30
MRK_7,STU_10001,DS201,1,Assignment_1,8.0,20
MRK_8,STU_10001,DS201,1,Final_Exam,8.7,30
MRK_9,STU_10001,MA102,4,Quiz_1,11.5,20
MRK_10,STU_10001,MA102,4,Midterm_Exam,8.9,30
MRK_11,STU_10001,MA102,4,Assignment_1,3.2,20
MRK_12,STU_10001,MA102,4,Final_Exam,16.4,30
MRK_13,STU_10001,SE301,4,Quiz_1,7.1,20
MRK_14,STU_10001,SE301,4,Midterm_Exam,11.9,30
MRK_15,STU_10001,SE301,4,Assignment_1,12.4,20
MRK_16,STU_10001,SE301,4,Final_Exam,10.0,30
MRK_17,STU_10002,CS101,3,Quiz_1,20.0,20
MRK_18,STU_10002,CS101,3,Midterm_Exam,26.6,30
MRK_19,STU_10002,CS101,3,Assignment_1,19.4,20
MRK_20,STU_10002,CS101,3,Final_Exam,21.0,30
MRK_21,STU_10002,DS201,1,Quiz_1,17.0,20
MRK_22,STU_10002,DS201,1,Midterm_Exam,30.0,30
MRK_23,STU_10002,DS201,1,Assignment_1,19.9,20
MRK_24,STU_10002,DS201,1,Final_Exam,21.1,30
MRK_25,STU_10002,MA102,3,Quiz_1,12.7,20
MRK_26,STU_10002,MA102,3,Midterm_Exam,23.0,30
MRK_27,STU_10002,MA102,3,Assignment_1,14.3,20
MRK_28,STU_10002,MA102,3,Final_Exam,18.5,30
MRK_29,STU_10002,SE301,4,Quiz_1,10.5,20
MRK_30,STU_10002,SE301,4,Midterm_Exam,24.3,30
MRK_31,STU_10002,SE301,4,Assignment_1,18.4,20
MRK_32,STU_10002,SE301,4,Final_Exam,25.0,30
MRK_33,STU_10003,CS101,3,Quiz_1,16.6,20
MRK_34,STU_10003,CS101,3,Midterm_Exam,21.9,30
MRK_35,STU_10003,CS101,3,Assignment_1,19.0,20
MRK_36,STU_10003,CS101,3,Final_Exam,29.9,30
MRK_37,STU_10003,DS201,3,Quiz_1,20.0,20
MRK_38,STU_10003,DS201,3,Midterm_Exam,23.5,30
MRK_39,STU_10003,DS201,3,Assignment_1,13.9,20
MRK_40,STU_10003,DS201,3,Final_Exam,30.0,30
MRK_41,STU_10003,MA102,3,Quiz_1,20.0,20
MRK_42,STU_10003,MA102,3,Midterm_Exam,28.2,30
MRK_43,STU_10003,MA102,3,Assignment_1,20.0,20
MRK_44,STU_10003,MA102,3,Final_Exam,27.9,30
MRK_45,STU_10003,SE301,3,Quiz_1,16.1,20
MRK_46,STU_10003,SE301,3,Midterm_Exam,18.5,30
MRK_47,STU_10003,SE301,3,Assignment_1,18.4,20
MRK_48,STU_10003,SE301,3,Final_Exam,18.8,30
MRK_49,STU_10004,CS101,2,Quiz_1,15.5,20
MRK_50,STU_10004,CS101,2,Midterm_Exam,22.1,30
MRK_51,STU_10004,CS101,2,Assignment_1,17.7,20
MRK_52,STU_10004,CS101,2,Final_Exam,23.9,30
MRK_53,STU_10004,DS201,4,Quiz_1,14.4,20
MRK_54,STU_10004,DS201,4,Midterm_Exam,26.8,30
MRK_55,STU_10004,DS201,4,Assignment_1,11.7,20
MRK_56,STU_10004,DS201,4,Final_Exam,27.7,30
MRK_57,STU_10004,MA102,4,Quiz_1,20.0,20
MRK_58,STU_10004,MA102,4,Midterm_Exam,30.0,30
MRK_59,STU_10004,MA102,4,Assignment_1,19.6,20
MRK_60,STU_10004,MA102,4,Final_Exam,21.4,30
MRK_61,STU_10004,SE301,3,Quiz_1,20.0,20
MRK_62,STU_10004,SE301,3,Midterm_Exam,27.9,30
MRK_63,STU_10004,SE301,3,Assignment_1,15.8,20
MRK_64,STU_10004,SE301,3,Final_Exam,28.2,30
MRK_65,STU_10005,CS101,1,Quiz_1,3.6,20
MRK_66,STU_10005,CS101,1,Midterm_Exam,1.4,30
MRK_67,STU_10005,CS101,1,Assignment_1,10.4,20
MRK_68,STU_10005,CS101,1,Final_Exam,16.2,30
MRK_69,STU_10005,DS201,3,Quiz_1,7.6,20
MRK_70,STU_10005,DS201,3,Midterm_Exam,16.9,30
MRK_71,STU_10005,DS201,3,Assignment_1,10.0,20
MRK_72,STU_10005,DS201,3,Final_Exam,2.1,30
MRK_73,STU_10005,MA102,3,Quiz_1,5.9,20
MRK_74,STU_10005,MA102,3,Midterm_Exam,8.8,30
MRK_75,STU_10005,MA102,3,Assignment_1,12.9,20
MRK_76,STU_10005,MA102,3,Final_Exam,11.5,30
MRK_77,STU_10005,SE301,2,Quiz_1,4.6,20
MRK_78,STU_10005,SE301,2,Midterm_Exam,21.2,30
MRK_79,STU_10005,SE301,2,Assignment_1,5.8,20
MRK_80,STU_10005,SE301,2,Final_Exam,12.0,30
MRK_81,STU_10006,CS101,2,Quiz_1,12.8,20
MRK_82,STU_10006,CS101,2,Midterm_Exam,19.6,30
MRK_83,STU_10006,CS101,2,Assignment_1,15.1,20
MRK_84,STU_10006,CS101,2,Final_Exam,25.3,30
MRK_85,STU_10006,DS201,1,Quiz_1,19.4,20
MRK_86,STU_10006,DS201,1,Midterm_Exam,22.7,30
MRK_87,STU_10006,DS201,1,Assignment_1,18.8,20
MRK_88,STU_10006,DS201,1,Final_Exam,26.6,30
MRK_89,STU_10006,MA102,1,Quiz_1,13.9,20
MRK_90,STU_10006,MA102,1,Midterm_Exam,26.2,30
MRK_91,STU_10006,MA102,1,Assignment_1,17.1,20
MRK_92,STU_10006,MA102,1,Final_Exam,18.0,30
MRK_93,STU_10006,SE301,3,Quiz_1,20.0,20
MRK_94,STU_10006,SE301,3,Midterm_Exam,24.8,30
MRK_95,STU_10006,SE301,3,Assignment_1,20.0,20
MRK_96,STU_10006,SE301,3,Final_Exam,14.2,30
MRK_97,STU_10007,CS101,4,Quiz_1,17.6,20
MRK_98,STU_10007,CS101,4,Midterm_Exam,30.0,30
MRK_99,STU_10007,CS101,4,Assignment_1,20.0,20
MRK_100,STU_10007,CS101,4,Final_Exam,-15.0,30
MRK_101,STU_10007,DS201,1,Quiz_1,150.0,20
MRK_102,STU_10007,DS201,1,Midterm_Exam,24.0,30
MRK_103,STU_10007,DS201,1,Assignment_1,20.0,20
MRK_104,STU_10007,DS201,1,Final_Exam,25.5,30
MRK_105,STU_10007,MA102,3,Quiz_1,11.4,20
MRK_106,STU_10007,MA102,3,Midterm_Exam,16.3,30
MRK_107,STU_10007,MA102,3,Assignment_1,16.8,20
MRK_108,STU_10007,MA102,3,Final_Exam,26.1,30
MRK_109,STU_10007,SE301,2,Quiz_1,8.7,20
MRK_110,STU_10007,SE301,2,Midterm_Exam,16.5,30
MRK_111,STU_10007,SE301,2,Assignment_1,14.7,20
MRK_112,STU_10007,SE301,2,Final_Exam,21.8,30
MRK_113,STU_10008,CS101,1,Quiz_1,14.2,20
MRK_114,STU_10008,CS101,1,Midterm_Exam,19.4,30
MRK_115,STU_10008,CS101,1,Assignment_1,13.2,20
MRK_116,STU_10008,CS101,1,Final_Exam,24.1,30
MRK_117,STU_10008,DS201,1,Quiz_1,19.2,20
MRK_118,STU_10008,DS201,1,Midterm_Exam,23.4,30
MRK_119,STU_10008,DS201,1,Assignment_1,17.7,20
MRK_120,STU_10008,DS201,1,Final_Exam,27.4,30
MRK_121,STU_10008,MA102,2,Quiz_1,19.3,20
MRK_122,STU_10008,MA102,2,Midterm_Exam,15.9,30
MRK_123,STU_10008,MA102,2,Assignment_1,18.6,20
MRK_124,STU_10008,MA102,2,Final_Exam,25.6,30
MRK_125,STU_10008,SE301,2,Quiz_1,20.0,20
MRK_126,STU_10008,SE301,2,Midterm_Exam,22.0,30
MRK_127,STU_10008,SE301,2,Assignment_1,20.0,20
MRK_128,STU_10008,SE301,2,Final_Exam,27.8,30
MRK_129,STU_10009,CS101,3,Quiz_1,17.0,20
MRK_130,STU_10009,CS101,3,Midterm_Exam,0.0,30
MRK_131,STU_10009,CS101,3,Assignment_1,7.7,20
MRK_132,STU_10009,CS101,3,Final_Exam,8.6,30
MRK_133,STU_10009,DS201,2,Quiz_1,13.8,20
MRK_134,STU_10009,DS201,2,Midterm_Exam,7.6,30
MRK_135,STU_10009,DS201,2,Assignment_1,7.7,20
MRK_136,STU_10009,DS201,2,Final_Exam,14.1,30
MRK_137,STU_10009,MA102,1,Quiz_1,2.2,20
MRK_138,STU_10009,MA102,1,Midterm_Exam,13.4,30
MRK_139,STU_10009,MA102,1,Assignment_1,9.6,20
MRK_140,STU_10009,MA102,1,Final_Exam,7.2,30
MRK_141,STU_10009,SE301,3,Quiz_1,7.1,20
MRK_142,STU_10009,SE301,3,Midterm_Exam,9.5,30
MRK_143,STU_10009,SE301,3,Assignment_1,7.6,20
MRK_144,STU_10009,SE301,3,Final_Exam,13.3,30
MRK_145,STU_10010,CS101,4,Quiz_1,20.0,20
MRK_146,STU_10010,CS101,4,Midterm_Exam,30.0,30
MRK_147,STU_10010,CS101,4,Assignment_1,20.0,20
MRK_148,STU_10010,CS101,4,Final_Exam,30.0,30
MRK_149,STU_10010,DS201,3,Quiz_1,14.8,20
MRK_150,STU_10010,DS201,3,Midterm_Exam,27.6,30
MRK_151,STU_10010,DS201,3,Assignment_1,13.9,20
MRK_152,STU_10010,DS201,3,Final_Exam,18.4,30
MRK_153,STU_10010,MA102,3,Quiz_1,10.9,20
MRK_154,STU_10010,MA102,3,Midterm_Exam,26.6,30
MRK_155,STU_10010,MA102,3,Assignment_1,12.9,20
MRK_156,STU_10010,MA102,3,Final_Exam,30.0,30
MRK_157,STU_10010,SE301,4,Quiz_1,13.5,20
MRK_158,STU_10010,SE301,4,Midterm_Exam,30.0,30
MRK_159,STU_10010,SE301,4,Assignment_1,16.0,20
MRK_160,STU_10010,SE301,4,Final_Exam,18.4,30
MRK_161,STU_10011,CS101,3,Quiz_1,20.0,20
MRK_162,STU_10011,CS101,3,Midterm_Exam,23.9,30
MRK_163,STU_10011,CS101,3,Assignment_1,14.3,20
MRK_164,STU_10011,CS101,3,Final_Exam,30.0,30
MRK_165,STU_10011,DS201,4,Quiz_1,20.0,20
MRK_166,STU_10011,DS201,4,Midterm_Exam,23.5,30
MRK_167,STU_10011,DS201,4,Assignment_1,18.7,20
MRK_168,STU_10011,DS201,4,Final_Exam,20.5,30
MRK_169,STU_10011,MA102,4,Quiz_1,14.8,20
MRK_170,STU_10011,MA102,4,Midterm_Exam,23.8,30
MRK_171,STU_10011,MA102,4,Assignment_1,16.0,20
MRK_172,STU_10011,MA102,4,Final_Exam,26.1,30
MRK_173,STU_10011,SE301,4,Quiz_1,15.2,20
MRK_174,STU_10011,SE301,4,Midterm_Exam,29.0,30
MRK_175,STU_10011,SE301,4,Assignment_1,11.8,20
MRK_176,STU_10011,SE301,4,Final_Exam,26.4,30
MRK_177,STU_10012,CS101,1,Quiz_1,11.7,20
MRK_178,STU_10012,CS101,1,Midterm_Exam,25.0,30
MRK_179,STU_10012,CS101,1,Assignment_1,14.4,20
MRK_180,STU_10012,CS101,1,Final_Exam,24.8,30
MRK_181,STU_10012,DS201,3,Quiz_1,7.7,20
MRK_182,STU_10012,DS201,3,Midterm_Exam,27.1,30
MRK_183,STU_10012,DS201,3,Assignment_1,20.0,20
MRK_184,STU_10012,DS201,3,Final_Exam,22.4,30
MRK_185,STU_10012,MA102,4,Quiz_1,20.0,20
MRK_186,STU_10012,MA102,4,Midterm_Exam,26.5,30
MRK_187,STU_10012,MA102,4,Assignment_1,18.4,20
MRK_188,STU_10012,MA102,4,Final_Exam,17.1,30
MRK_189,STU_10012,SE301,2,Quiz_1,13.3,20
MRK_190,STU_10012,SE301,2,Midterm_Exam,30.0,30
MRK_191,STU_10012,SE301,2,Assignment_1,18.6,20
MRK_192,STU_10012,SE301,2,Final_Exam,21.9,30
MRK_193,STU_10013,CS101,2,Quiz_1,15.1,20
MRK_194,STU_10013,CS101,2,Midterm_Exam,6.9,30
MRK_195,STU_10013,CS101,2,Assignment_1,8.3,20
MRK_196,STU_10013,CS101,2,Final_Exam,6.9,30
MRK_197,STU_10013,DS201,1,Quiz_1,7.5,20
MRK_198,STU_10013,DS201,1,Midterm_Exam,6.8,30
MRK_199,STU_10013,DS201,1,Assignment_1,6.8,20
MRK_200,STU_10013,DS201,1,Final_Exam,15.3,30
MRK_201,STU_10013,MA102,1,Quiz_1,15.9,20
MRK_202,STU_10013,MA102,1,Midterm_Exam,4.8,30
MRK_203,STU_10013,MA102,1,Assignment_1,5.0,20
MRK_204,STU_10013,MA102,1,Final_Exam,21.0,30
MRK_205,STU_10013,SE301,4,Quiz_1,10.1,20
MRK_206,STU_10013,SE301,4,Midterm_Exam,17.2,30
MRK_207,STU_10013,SE301,4,Assignment_1,9.2,20
MRK_208,STU_10013,SE301,4,Final_Exam,4.6,30
MRK_209,STU_10014,CS101,1,Quiz_1,8.8,20
MRK_210,STU_10014,CS101,1,Midterm_Exam,21.2,30
MRK_211,STU_10014,CS101,1,Assignment_1,20.0,20
MRK_212,STU_10014,CS101,1,Final_Exam,30.0,30
MRK_213,STU_10014,DS201,2,Quiz_1,20.0,20
MRK_214,STU_10014,DS201,2,Midterm_Exam,25.3,30
MRK_215,STU_10014,DS201,2,Assignment_1,16.9,20
MRK_216,STU_10014,DS201,2,Final_Exam,28.7,30
MRK_217,STU_10014,MA102,1,Quiz_1,10.0,20
MRK_218,STU_10014,MA102,1,Midterm_Exam,28.8,30
MRK_219,STU_10014,MA102,1,Assignment_1,16.2,20
MRK_220,STU_10014,MA102,1,Final_Exam,30.0,30
MRK_221,STU_10014,SE301,4,Quiz_1,20.0,20
MRK_222,STU_10014,SE301,4,Midterm_Exam,28.0,30
MRK_223,STU_10014,SE301,4,Assignment_1,14.9,20
MRK_224,STU_10014,SE301,4,Final_Exam,27.5,30
MRK_225,STU_10015,CS101,2,Quiz_1,17.9,20
MRK_226,STU_10015,CS101,2,Midterm_Exam,20.6,30
MRK_227,STU_10015,CS101,2,Assignment_1,14.7,20
MRK_228,STU_10015,CS101,2,Final_Exam,30.0,30
MRK_229,STU_10015,DS201,2,Quiz_1,13.3,20
MRK_230,STU_10015,DS201,2,Midterm_Exam,23.6,30
MRK_231,STU_10015,DS201,2,Assignment_1,17.7,20
MRK_232,STU_10015,DS201,2,Final_Exam,21.6,30
MRK_233,STU_10015,MA102,1,Quiz_1,15.7,20
MRK_234,STU_10015,MA102,1,Midterm_Exam,28.5,30
MRK_235,STU_10015,MA102,1,Assignment_1,20.0,20
MRK_236,STU_10015,MA102,1,Final_Exam,30.0,30
MRK_237,STU_10015,SE301,3,Quiz_1,20.0,20
MRK_238,STU_10015,SE301,3,Midterm_Exam,20.2,30
MRK_239,STU_10015,SE301,3,Assignment_1,10.0,20
MRK_240,STU_10015,SE301,3,Final_Exam,24.9,30
MRK_241,STU_10016,CS101,2,Quiz_1,15.7,20
MRK_242,STU_10016,CS101,2,Midterm_Exam,9.7,30
MRK_243,STU_10016,CS101,2,Assignment_1,18.1,20
MRK_244,STU_10016,CS101,2,Final_Exam,20.0,30
MRK_245,STU_10016,DS201,3,Quiz_1,17.2,20
MRK_246,STU_10016,DS201,3,Midterm_Exam,30.0,30
MRK_247,STU_10016,DS201,3,Assignment_1,12.6,20
MRK_248,STU_10016,DS201,3,Final_Exam,27.5,30
MRK_249,STU_10016,MA102,1,Quiz_1,16.8,20
MRK_250,STU_10016,MA102,1,Midterm_Exam,24.3,30
MRK_251,STU_10016,MA102,1,Assignment_1,19.2,20
MRK_252,STU_10016,MA102,1,Final_Exam,30.0,30
MRK_253,STU_10016,SE301,1,Quiz_1,16.8,20
MRK_254,STU_10016,SE301,1,Midterm_Exam,24.0,30
MRK_255,STU_10016,SE301,1,Assignment_1,20.0,20
MRK_256,STU_10016,SE301,1,Final_Exam,20.0,30
MRK_257,STU_10017,CS101,4,Quiz_1,6.5,20
MRK_258,STU_10017,CS101,4,Midterm_Exam,13.4,30
MRK_259,STU_10017,CS101,4,Assignment_1,5.7,20
MRK_260,STU_10017,CS101,4,Final_Exam,8.8,30
MRK_261,STU_10017,DS201,4,Quiz_1,9.0,20
MRK_262,STU_10017,DS201,4,Midterm_Exam,7.1,30
MRK_263,STU_10017,DS201,4,Assignment_1,5.7,20
MRK_264,STU_10017,DS201,4,Final_Exam,5.5,30
MRK_265,STU_10017,MA102,1,Quiz_1,0.0,20
MRK_266,STU_10017,MA102,1,Midterm_Exam,22.2,30
MRK_267,STU_10017,MA102,1,Assignment_1,13.4,20
MRK_268,STU_10017,MA102,1,Final_Exam,8.8,30
MRK_269,STU_10017,SE301,4,Quiz_1,6.7,20
MRK_270,STU_10017,SE301,4,Midterm_Exam,14.8,30
MRK_271,STU_10017,SE301,4,Assignment_1,8.4,20
MRK_272,STU_10017,SE301,4,Final_Exam,2.6,30
MRK_273,STU_10018,CS101,2,Quiz_1,11.9,20
MRK_274,STU_10018,CS101,2,Midterm_Exam,30.0,30
MRK_275,STU_10018,CS101,2,Assignment_1,20.0,20
MRK_276,STU_10018,CS101,2,Final_Exam,30.0,30
MRK_277,STU_10018,DS201,1,Quiz_1,14.3,20
MRK_278,STU_10018,DS201,1,Midterm_Exam,27.1,30
MRK_279,STU_10018,DS201,1,Assignment_1,17.8,20
MRK_280,STU_10018,DS201,1,Final_Exam,29.3,30
MRK_281,STU_10018,MA102,2,Quiz_1,17.5,20
MRK_282,STU_10018,MA102,2,Midterm_Exam,23.7,30
MRK_283,STU_10018,MA102,2,Assignment_1,12.0,20
MRK_284,STU_10018,MA102,2,Final_Exam,19.5,30
MRK_285,STU_10018,SE301,4,Quiz_1,19.3,20
MRK_286,STU_10018,SE301,4,Midterm_Exam,20.8,30
MRK_287,STU_10018,SE301,4,Assignment_1,16.0,20
MRK_288,STU_10018,SE301,4,Final_Exam,30.0,30
MRK_289,STU_10019,CS101,2,Quiz_1,16.2,20
MRK_290,STU_10019,CS101,2,Midterm_Exam,25.3,30
MRK_291,STU_10019,CS101,2,Assignment_1,17.4,20
MRK_292,STU_10019,CS101,2,Final_Exam,23.6,30
MRK_293,STU_10019,DS201,4,Quiz_1,16.9,20
MRK_294,STU_10019,DS201,4,Midterm_Exam,22.8,30
MRK_295,STU_10019,DS201,4,Assignment_1,12.3,20
MRK_296,STU_10019,DS201,4,Final_Exam,28.2,30
MRK_297,STU_10019,MA102,3,Quiz_1,15.7,20
MRK_298,STU_10019,MA102,3,Midterm_Exam,25.1,30
MRK_299,STU_10019,MA102,3,Assignment_1,18.7,20
MRK_300,STU_10019,MA102,3,Final_Exam,30.0,30
MRK_301,STU_10019,SE301,4,Quiz_1,15.8,20
MRK_302,STU_10019,SE301,4,Midterm_Exam,27.0,30
MRK_303,STU_10019,SE301,4,Assignment_1,17.0,20
MRK_304,STU_10019,SE301,4,Final_Exam,24.3,30
MRK_305,STU_10020,CS101,2,Quiz_1,17.8,20
MRK_306,STU_10020,CS101,2,Midterm_Exam,25.8,30
MRK_307,STU_10020,CS101,2,Assignment_1,17.4,20
MRK_308,STU_10020,CS101,2,Final_Exam,27.4,30
MRK_309,STU_10020,DS201,3,Quiz_1,17.7,20
MRK_310,STU_10020,DS201,3,Midterm_Exam,20.6,30
MRK_311,STU_10020,DS201,3,Assignment_1,14.6,20
MRK_312,STU_10020,DS201,3,Final_Exam,22.2,30
MRK_313,STU_10020,MA102,1,Quiz_1,17.7,20
MRK_314,STU_10020,MA102,1,Midterm_Exam,19.8,30
MRK_315,STU_10020,MA102,1,Assignment_1,13.3,20
MRK_316,STU_10020,MA102,1,Final_Exam,17.7,30
MRK_317,STU_10020,SE301,2,Quiz_1,14.2,20
MRK_318,STU_10020,SE301,2,Midterm_Exam,24.8,30
MRK_319,STU_10020,SE301,2,Assignment_1,18.9,20
MRK_320,STU_10020,SE301,2,Final_Exam,27.5,30
MRK_321,STU_10021,CS101,4,Quiz_1,6.3,20
MRK_322,STU_10021,CS101,4,Midterm_Exam,5.1,30
MRK_323,STU_10021,CS101,4,Assignment_1,7.3,20
MRK_324,STU_10021,CS101,4,Final_Exam,9.5,30
MRK_325,STU_10021,DS201,2,Quiz_1,4.6,20
MRK_326,STU_10021,DS201,2,Midterm_Exam,7.8,30
MRK_327,STU_10021,DS201,2,Assignment_1,10.4,20
MRK_328,STU_10021,DS201,2,Final_Exam,8.6,30
MRK_329,STU_10021,MA102,2,Quiz_1,4.2,20
MRK_330,STU_10021,MA102,2,Midterm_Exam,14.0,30
MRK_331,STU_10021,MA102,2,Assignment_1,11.0,20
MRK_332,STU_10021,MA102,2,Final_Exam,16.1,30
MRK_333,STU_10021,SE301,4,Quiz_1,8.8,20
MRK_334,STU_10021,SE301,4,Midterm_Exam,17.5,30
MRK_335,STU_10021,SE301,4,Assignment_1,12.9,20
MRK_336,STU_10021,SE301,4,Final_Exam,7.5,30
MRK_337,STU_10022,CS101,1,Quiz_1,17.3,20
MRK_338,STU_10022,CS101,1,Midterm_Exam,24.9,30
MRK_339,STU_10022,CS101,1,Assignment_1,12.6,20
MRK_340,STU_10022,CS101,1,Final_Exam,19.7,30
MRK_341,STU_10022,DS201,1,Quiz_1,15.5,20
MRK_342,STU_10022,DS201,1,Midterm_Exam,30.0,30
MRK_343,STU_10022,DS201,1,Assignment_1,16.4,20
MRK_344,STU_10022,DS201,1,Final_Exam,20.5,30
MRK_345,STU_10022,MA102,3,Quiz_1,19.1,20
MRK_346,STU_10022,MA102,3,Midterm_Exam,30.0,30
MRK_347,STU_10022,MA102,3,Assignment_1,15.0,20
MRK_348,STU_10022,MA102,3,Final_Exam,23.3,30
MRK_349,STU_10022,SE301,1,Quiz_1,20.0,20
MRK_350,STU_10022,SE301,1,Midterm_Exam,27.9,30
MRK_351,STU_10022,SE301,1,Assignment_1,14.4,20
MRK_352,STU_10022,SE301,1,Final_Exam,29.9,30
MRK_353,STU_10023,CS101,4,Quiz_1,20.0,20
MRK_354,STU_10023,CS101,4,Midterm_Exam,27.8,30
MRK_355,STU_10023,CS101,4,Assignment_1,15.2,20
MRK_356,STU_10023,CS101,4,Final_Exam,22.1,30
MRK_357,STU_10023,DS201,3,Quiz_1,12.2,20
MRK_358,STU_10023,DS201,3,Midterm_Exam,30.0,30
MRK_359,STU_10023,DS201,3,Assignment_1,14.9,20
MRK_360,STU_10023,DS201,3,Final_Exam,23.4,30
MRK_361,STU_10023,MA102,2,Quiz_1,16.2,20
MRK_362,STU_10023,MA102,2,Midterm_Exam,21.7,30
MRK_363,STU_10023,MA102,2,Assignment_1,19.8,20
MRK_364,STU_10023,MA102,2,Final_Exam,30.0,30
MRK_365,STU_10023,SE301,2,Quiz_1,10.1,20
MRK_366,STU_10023,SE301,2,Midterm_Exam,23.8,30
MRK_367,STU_10023,SE301,2,Assignment_1,20.0,20
MRK_368,STU_10023,SE301,2,Final_Exam,25.1,30
MRK_369,STU_10024,CS101,2,Quiz_1,19.0,20
MRK_370,STU_10024,CS101,2,Midterm_Exam,16.7,30
MRK_371,STU_10024,CS101,2,Assignment_1,19.4,20
MRK_372,STU_10024,CS101,2,Final_Exam,25.6,30
MRK_373,STU_10024,DS201,2,Quiz_1,20.0,20
MRK_374,STU_10024,DS201,2,Midterm_Exam,30.0,30
MRK_375,STU_10024,DS201,2,Assignment_1,20.0,20
MRK_376,STU_10024,DS201,2,Final_Exam,30.0,30
MRK_377,STU_10024,MA102,1,Quiz_1,14.9,20
MRK_378,STU_10024,MA102,1,Midterm_Exam,30.0,30
MRK_379,STU_10024,MA102,1,Assignment_1,14.8,20
MRK_380,STU_10024,MA102,1,Final_Exam,22.1,30
MRK_381,STU_10024,SE301,1,Quiz_1,17.4,20
MRK_382,STU_10024,SE301,1,Midterm_Exam,24.5,30
MRK_383,STU_10024,SE301,1,Assignment_1,16.3,20
MRK_384,STU_10024,SE301,1,Final_Exam,30.0,30
MRK_385,STU_10025,CS101,3,Quiz_1,10.7,20
MRK_386,STU_10025,CS101,3,Midterm_Exam,20.1,30
MRK_387,STU_10025,CS101,3,Assignment_1,7.4,20
MRK_388,STU_10025,CS101,3,Final_Exam,15.7,30
MRK_389,STU_10025,DS201,4,Quiz_1,9.0,20
MRK_390,STU_10025,DS201,4,Midterm_Exam,8.5,30
MRK_391,STU_10025,DS201,4,Assignment_1,3.5,20
MRK_392,STU_10025,DS201,4,Final_Exam,2.7,30
MRK_393,STU_10025,MA102,3,Quiz_1,9.1,20
MRK_394,STU_10025,MA102,3,Midterm_Exam,7.4,30
MRK_395,STU_10025,MA102,3,Assignment_1,10.1,20
MRK_396,STU_10025,MA102,3,Final_Exam,12.2,30
MRK_397,STU_10025,SE301,3,Quiz_1,11.8,20
MRK_398,STU_10025,SE301,3,Midterm_Exam,10.7,30
MRK_399,STU_10025,SE301,3,Assignment_1,10.1,20
MRK_400,STU_10025,SE301,3,Final_Exam,18.9,30
MRK_401,STU_10026,CS101,2,Quiz_1,13.7,20
MRK_402,STU_10026,CS101,2,Midterm_Exam,13.7,30
MRK_403,STU_10026,CS101,2,Assignment_1,13.7,20
MRK_404,STU_10026,CS101,2,Final_Exam,28.4,30
MRK_405,STU_10026,DS201,1,Quiz_1,15.5,20
MRK_406,STU_10026,DS201,1,Midterm_Exam,24.2,30
MRK_407,STU_10026,DS201,1,Assignment_1,13.7,20
MRK_408,STU_10026,DS201,1,Final_Exam,30.0,30
MRK_409,STU_10026,MA102,4,Quiz_1,17.9,20
MRK_410,STU_10026,MA102,4,Midterm_Exam,27.5,30
MRK_411,STU_10026,MA102,4,Assignment_1,17.4,20
MRK_412,STU_10026,MA102,4,Final_Exam,12.2,30
MRK_413,STU_10026,SE301,2,Quiz_1,20.0,20
MRK_414,STU_10026,SE301,2,Midterm_Exam,21.2,30
MRK_415,STU_10026,SE301,2,Assignment_1,11.4,20
MRK_416,STU_10026,SE301,2,Final_Exam,20.2,30
MRK_417,STU_10027,CS101,3,Quiz_1,20.0,20
MRK_418,STU_10027,CS101,3,Midterm_Exam,30.0,30
MRK_419,STU_10027,CS101,3,Assignment_1,16.3,20
MRK_420,STU_10027,CS101,3,Final_Exam,23.7,30
MRK_421,STU_10027,DS201,4,Quiz_1,14.9,20
MRK_422,STU_10027,DS201,4,Midterm_Exam,24.2,30
MRK_423,STU_10027,DS201,4,Assignment_1,12.4,20
MRK_424,STU_10027,DS201,4,Final_Exam,24.0,30
MRK_425,STU_10027,MA102,4,Quiz_1,12.6,20
MRK_426,STU_10027,MA102,4,Midterm_Exam,28.2,30
MRK_427,STU_10027,MA102,4,Assignment_1,17.0,20
MRK_428,STU_10027,MA102,4,Final_Exam,28.1,30
MRK_429,STU_10027,SE301,3,Quiz_1,16.5,20
MRK_430,STU_10027,SE301,3,Midterm_Exam,27.4,30
MRK_431,STU_10027,SE301,3,Assignment_1,18.4,20
MRK_432,STU_10027,SE301,3,Final_Exam,21.4,30
MRK_433,STU_10028,CS101,2,Quiz_1,20.0,20
MRK_434,STU_10028,CS101,2,Midterm_Exam,30.0,30
MRK_435,STU_10028,CS101,2,Assignment_1,17.1,20
MRK_436,STU_10028,CS101,2,Final_Exam,22.0,30
MRK_437,STU_10028,DS201,2,Quiz_1,13.8,20
MRK_438,STU_10028,DS201,2,Midterm_Exam,29.4,30
MRK_439,STU_10028,DS201,2,Assignment_1,17.5,20
MRK_440,STU_10028,DS201,2,Final_Exam,20.8,30
MRK_441,STU_10028,MA102,2,Quiz_1,7.7,20
MRK_442,STU_10028,MA102,2,Midterm_Exam,27.6,30
MRK_443,STU_10028,MA102,2,Assignment_1,16.3,20
MRK_444,STU_10028,MA102,2,Final_Exam,22.5,30
MRK_445,STU_10028,SE301,2,Quiz_1,17.0,20
MRK_446,STU_10028,SE301,2,Midterm_Exam,22.2,30
MRK_447,STU_10028,SE301,2,Assignment_1,19.4,20
MRK_448,STU_10028,SE301,2,Final_Exam,21.9,30
MRK_449,STU_10029,CS101,4,Quiz_1,0.0,20
MRK_450,STU_10029,CS101,4,Midterm_Exam,13.5,30
MRK_451,STU_10029,CS101,4,Assignment_1,11.2,20
MRK_452,STU_10029,CS101,4,Final_Exam,9.8,30
MRK_453,STU_10029,DS201,1,Quiz_1,11.0,20
MRK_454,STU_10029,DS201,1,Midterm_Exam,0.0,30
MRK_455,STU_10029,DS201,1,Assignment_1,8.6,20
MRK_456,STU_10029,DS201,1,Final_Exam,0.3,30
MRK_457,STU_10029,MA102,1,Quiz_1,2.0,20
MRK_458,STU_10029,MA102,1,Midterm_Exam,9.6,30
MRK_459,STU_10029,MA102,1,Assignment_1,12.7,20
MRK_460,STU_10029,MA102,1,Final_Exam,13.5,30
MRK_461,STU_10029,SE301,1,Quiz_1,12.1,20
MRK_462,STU_10029,SE301,1,Midterm_Exam,2.9,30
MRK_463,STU_10029,SE301,1,Assignment_1,14.0,20
MRK_464,STU_10029,SE301,1,Final_Exam,19.0,30
MRK_465,STU_10030,CS101,3,Quiz_1,16.1,20
MRK_466,STU_10030,CS101,3,Midterm_Exam,19.8,30
MRK_467,STU_10030,CS101,3,Assignment_1,20.0,20
MRK_468,STU_10030,CS101,3,Final_Exam,26.9,30
MRK_469,STU_10030,DS201,1,Quiz_1,18.2,20
MRK_470,STU_10030,DS201,1,Midterm_Exam,16.7,30
MRK_471,STU_10030,DS201,1,Assignment_1,18.8,20
MRK_472,STU_10030,DS201,1,Final_Exam,16.2,30
MRK_473,STU_10030,MA102,1,Quiz_1,12.1,20
MRK_474,STU_10030,MA102,1,Midterm_Exam,14.2,30
MRK_475,STU_10030,MA102,1,Assignment_1,16.7,20
MRK_476,STU_10030,MA102,1,Final_Exam,23.4,30
MRK_477,STU_10030,SE301,4,Quiz_1,18.9,20
MRK_478,STU_10030,SE301,4,Midterm_Exam,19.7,30
MRK_479,STU_10030,SE301,4,Assignment_1,16.0,20
MRK_480,STU_10030,SE301,4,Final_Exam,30.0,30
MRK_481,STU_10031,CS101,3,Quiz_1,13.2,20
MRK_482,STU_10031,CS101,3,Midterm_Exam,30.0,30
MRK_483,STU_10031,CS101,3,Assignment_1,18.6,20
MRK_484,STU_10031,CS101,3,Final_Exam,28.9,30
MRK_485,STU_10031,DS201,4,Quiz_1,11.5,20
MRK_486,STU_10031,DS201,4,Midterm_Exam,26.7,30
MRK_487,STU_10031,DS201,4,Assignment_1,14.2,20
MRK_488,STU_10031,DS201,4,Final_Exam,26.0,30
MRK_489,STU_10031,MA102,4,Quiz_1,20.0,20
MRK_490,STU_10031,MA102,4,Midterm_Exam,13.5,30
MRK_491,STU_10031,MA102,4,Assignment_1,16.4,20
MRK_492,STU_10031,MA102,4,Final_Exam,27.6,30
MRK_493,STU_10031,SE301,2,Quiz_1,12.3,20
MRK_494,STU_10031,SE301,2,Midterm_Exam,24.2,30
MRK_495,STU_10031,SE301,2,Assignment_1,18.8,20
MRK_496,STU_10031,SE301,2,Final_Exam,26.8,30
MRK_497,STU_10032,CS101,3,Quiz_1,18.8,20
MRK_498,STU_10032,CS101,3,Midterm_Exam,28.5,30
MRK_499,STU_10032,CS101,3,Assignment_1,13.2,20
MRK_500,STU_10032,CS101,3,Final_Exam,27.5,30
MRK_501,STU_10032,DS201,2,Quiz_1,20.0,20
MRK_502,STU_10032,DS201,2,Midterm_Exam,16.1,30
MRK_503,STU_10032,DS201,2,Assignment_1,18.5,20
MRK_504,STU_10032,DS201,2,Final_Exam,29.7,30
MRK_505,STU_10032,MA102,1,Quiz_1,9.6,20
MRK_506,STU_10032,MA102,1,Midterm_Exam,15.8,30
MRK_507,STU_10032,MA102,1,Assignment_1,18.6,20
MRK_508,STU_10032,MA102,1,Final_Exam,30.0,30
MRK_509,STU_10032,SE301,1,Quiz_1,20.0,20
MRK_510,STU_10032,SE301,1,Midterm_Exam,22.7,30
MRK_511,STU_10032,SE301,1,Assignment_1,12.6,20
MRK_512,STU_10032,SE301,1,Final_Exam,27.4,30
MRK_513,STU_10033,CS101,2,Quiz_1,7.9,20
MRK_514,STU_10033,CS101,2,Midterm_Exam,2.3,30
MRK_515,STU_10033,CS101,2,Assignment_1,7.6,20
MRK_516,STU_10033,CS101,2,Final_Exam,4.0,30
MRK_517,STU_10033,DS201,4,Quiz_1,11.2,20
MRK_518,STU_10033,DS201,4,Midterm_Exam,7.5,30
MRK_519,STU_10033,DS201,4,Assignment_1,9.3,20
MRK_520,STU_10033,DS201,4,Final_Exam,14.1,30
MRK_521,STU_10033,MA102,1,Quiz_1,7.3,20
MRK_522,STU_10033,MA102,1,Midterm_Exam,16.4,30
MRK_523,STU_10033,MA102,1,Assignment_1,3.2,20
MRK_524,STU_10033,MA102,1,Final_Exam,19.7,30
MRK_525,STU_10033,SE301,4,Quiz_1,9.7,20
MRK_526,STU_10033,SE301,4,Midterm_Exam,15.4,30
MRK_527,STU_10033,SE301,4,Assignment_1,12.2,20
MRK_528,STU_10033,SE301,4,Final_Exam,13.4,30
MRK_529,STU_10034,CS101,3,Quiz_1,17.8,20
MRK_530,STU_10034,CS101,3,Midterm_Exam,30.0,30
MRK_531,STU_10034,CS101,3,Assignment_1,17.8,20
MRK_532,STU_10034,CS101,3,Final_Exam,29.0,30
MRK_533,STU_10034,DS201,4,Quiz_1,20.0,20
MRK_534,STU_10034,DS201,4,Midterm_Exam,23.1,30
MRK_535,STU_10034,DS201,4,Assignment_1,18.2,20
MRK_536,STU_10034,DS201,4,Final_Exam,30.0,30
MRK_537,STU_10034,MA102,4,Quiz_1,13.9,20
MRK_538,STU_10034,MA102,4,Midterm_Exam,30.0,30
MRK_539,STU_10034,MA102,4,Assignment_1,13.7,20
MRK_540,STU_10034,MA102,4,Final_Exam,24.7,30
MRK_541,STU_10034,SE301,4,Quiz_1,19.4,20
MRK_542,STU_10034,SE301,4,Midterm_Exam,23.7,30
MRK_543,STU_10034,SE301,4,Assignment_1,19.0,20
MRK_544,STU_10034,SE301,4,Final_Exam,16.7,30
MRK_545,STU_10035,CS101,1,Quiz_1,12.8,20
MRK_546,STU_10035,CS101,1,Midterm_Exam,30.0,30
MRK_547,STU_10035,CS101,1,Assignment_1,13.7,20
MRK_548,STU_10035,CS101,1,Final_Exam,23.1,30
MRK_549,STU_10035,DS201,1,Quiz_1,12.0,20
MRK_550,STU_10035,DS201,1,Midterm_Exam,16.7,30
MRK_551,STU_10035,DS201,1,Assignment_1,17.1,20
MRK_552,STU_10035,DS201,1,Final_Exam,13.6,30
MRK_553,STU_10035,MA102,1,Quiz_1,20.0,20
MRK_554,STU_10035,MA102,1,Midterm_Exam,19.7,30
MRK_555,STU_10035,MA102,1,Assignment_1,14.3,20
MRK_556,STU_10035,MA102,1,Final_Exam,15.9,30
MRK_557,STU_10035,SE301,3,Quiz_1,14.6,20
MRK_558,STU_10035,SE301,3,Midterm_Exam,21.6,30
MRK_559,STU_10035,SE301,3,Assignment_1,11.6,20
MRK_560,STU_10035,SE301,3,Final_Exam,21.0,30
MRK_561,STU_10036,CS101,2,Quiz_1,12.2,20
MRK_562,STU_10036,CS101,2,Midterm_Exam,27.7,30
MRK_563,STU_10036,CS101,2,Assignment_1,17.5,20
MRK_564,STU_10036,CS101,2,Final_Exam,25.7,30
MRK_565,STU_10036,DS201,3,Quiz_1,20.0,20
MRK_566,STU_10036,DS201,3,Midterm_Exam,24.9,30
MRK_567,STU_10036,DS201,3,Assignment_1,20.0,20
MRK_568,STU_10036,DS201,3,Final_Exam,29.6,30
MRK_569,STU_10036,MA102,3,Quiz_1,14.8,20
MRK_570,STU_10036,MA102,3,Midterm_Exam,26.0,30
MRK_571,STU_10036,MA102,3,Assignment_1,14.5,20
MRK_572,STU_10036,MA102,3,Final_Exam,25.2,30
MRK_573,STU_10036,SE301,1,Quiz_1,12.3,20
MRK_574,STU_10036,SE301,1,Midterm_Exam,21.7,30
MRK_575,STU_10036,SE301,1,Assignment_1,17.2,20
MRK_576,STU_10036,SE301,1,Final_Exam,14.8,30
MRK_577,STU_10037,CS101,1,Quiz_1,12.4,20
MRK_578,STU_10037,CS101,1,Midterm_Exam,15.9,30
MRK_579,STU_10037,CS101,1,Assignment_1,8.2,20
MRK_580,STU_10037,CS101,1,Final_Exam,9.9,30
MRK_581,STU_10037,DS201,1,Quiz_1,7.6,20
MRK_582,STU_10037,DS201,1,Midterm_Exam,5.6,30
MRK_583,STU_10037,DS201,1,Assignment_1,11.3,20
MRK_584,STU_10037,DS201,1,Final_Exam,14.9,30
MRK_585,STU_10037,MA102,1,Quiz_1,10.9,20
MRK_586,STU_10037,MA102,1,Midterm_Exam,3.3,30
MRK_587,STU_10037,MA102,1,Assignment_1,11.6,20
MRK_588,STU_10037,MA102,1,Final_Exam,7.0,30
MRK_589,STU_10037,SE301,1,Quiz_1,5.5,20
MRK_590,STU_10037,SE301,1,Midterm_Exam,16.8,30
MRK_591,STU_10037,SE301,1,Assignment_1,7.6,20
MRK_592,STU_10037,SE301,1,Final_Exam,7.9,30
MRK_593,STU_10038,CS101,1,Quiz_1,13.0,20
MRK_594,STU_10038,CS101,1,Midterm_Exam,27.7,30
MRK_595,STU_10038,CS101,1,Assignment_1,17.8,20
MRK_596,STU_10038,CS101,1,Final_Exam,23.7,30
MRK_597,STU_10038,DS201,1,Quiz_1,10.4,20
MRK_598,STU_10038,DS201,1,Midterm_Exam,29.8,30
MRK_599,STU_10038,DS201,1,Assignment_1,12.9,20
MRK_600,STU_10038,DS201,1,Final_Exam,25.8,30
MRK_601,STU_10038,MA102,3,Quiz_1,15.6,20
MRK_602,STU_10038,MA102,3,Midterm_Exam,29.4,30
MRK_603,STU_10038,MA102,3,Assignment_1,18.8,20
MRK_604,STU_10038,MA102,3,Final_Exam,29.2,30
MRK_605,STU_10038,SE301,2,Quiz_1,15.3,20
MRK_606,STU_10038,SE301,2,Midterm_Exam,13.7,30
MRK_607,STU_10038,SE301,2,Assignment_1,12.1,20
MRK_608,STU_10038,SE301,2,Final_Exam,18.6,30
MRK_609,STU_10039,CS101,4,Quiz_1,20.0,20
MRK_610,STU_10039,CS101,4,Midterm_Exam,28.9,30
MRK_611,STU_10039,CS101,4,Assignment_1,15.4,20
MRK_612,STU_10039,CS101,4,Final_Exam,18.1,30
MRK_613,STU_10039,DS201,2,Quiz_1,14.1,20
MRK_614,STU_10039,DS201,2,Midterm_Exam,24.1,30
MRK_615,STU_10039,DS201,2,Assignment_1,20.0,20
MRK_616,STU_10039,DS201,2,Final_Exam,22.2,30
MRK_617,STU_10039,MA102,2,Quiz_1,20.0,20
MRK_618,STU_10039,MA102,2,Midterm_Exam,30.0,30
MRK_619,STU_10039,MA102,2,Assignment_1,13.2,20
MRK_620,STU_10039,MA102,2,Final_Exam,30.0,30
MRK_621,STU_10039,SE301,1,Quiz_1,18.7,20
MRK_622,STU_10039,SE301,1,Midterm_Exam,22.3,30
MRK_623,STU_10039,SE301,1,Assignment_1,20.0,20
MRK_624,STU_10039,SE301,1,Final_Exam,28.1,30
MRK_625,STU_10040,CS101,3,Quiz_1,10.9,20
MRK_626,STU_10040,CS101,3,Midterm_Exam,23.6,30
MRK_627,STU_10040,CS101,3,Assignment_1,17.5,20
MRK_628,STU_10040,CS101,3,Final_Exam,23.4,30
MRK_629,STU_10040,DS201,4,Quiz_1,13.7,20
MRK_630,STU_10040,DS201,4,Midterm_Exam,9.5,30
MRK_631,STU_10040,DS201,4,Assignment_1,19.3,20
MRK_632,STU_10040,DS201,4,Final_Exam,30.0,30
MRK_633,STU_10040,MA102,1,Quiz_1,9.5,20
MRK_634,STU_10040,MA102,1,Midterm_Exam,27.6,30
MRK_635,STU_10040,MA102,1,Assignment_1,17.9,20
MRK_636,STU_10040,MA102,1,Final_Exam,25.8,30
MRK_637,STU_10040,SE301,3,Quiz_1,18.2,20
MRK_638,STU_10040,SE301,3,Midterm_Exam,18.9,30
MRK_639,STU_10040,SE301,3,Assignment_1,17.1,20
MRK_640,STU_10040,SE301,3,Final_Exam,23.2,30
MRK_641,STU_10041,CS101,1,Quiz_1,4.1,20
MRK_642,STU_10041,CS101,1,Midterm_Exam,11.1,30
MRK_643,STU_10041,CS101,1,Assignment_1,11.5,20
MRK_644,STU_10041,CS101,1,Final_Exam,7.4,30
MRK_645,STU_10041,DS201,1,Quiz_1,5.0,20
MRK_646,STU_10041,DS201,1,Midterm_Exam,5.7,30
MRK_647,STU_10041,DS201,1,Assignment_1,1.9,20
MRK_648,STU_10041,DS201,1,Final_Exam,11.4,30
MRK_649,STU_10041,MA102,2,Quiz_1,4.4,20
MRK_650,STU_10041,MA102,2,Midterm_Exam,19.4,30
MRK_651,STU_10041,MA102,2,Assignment_1,8.2,20
MRK_652,STU_10041,MA102,2,Final_Exam,15.0,30
MRK_653,STU_10041,SE301,2,Quiz_1,9.5,20
MRK_654,STU_10041,SE301,2,Midterm_Exam,13.8,30
MRK_655,STU_10041,SE301,2,Assignment_1,10.7,20
MRK_656,STU_10041,SE301,2,Final_Exam,10.5,30
MRK_657,STU_10042,CS101,3,Quiz_1,16.3,20
MRK_658,STU_10042,CS101,3,Midterm_Exam,23.7,30
MRK_659,STU_10042,CS101,3,Assignment_1,20.0,20
MRK_660,STU_10042,CS101,3,Final_Exam,22.2,30
MRK_661,STU_10042,DS201,2,Quiz_1,15.9,20
MRK_662,STU_10042,DS201,2,Midterm_Exam,26.8,30
MRK_663,STU_10042,DS201,2,Assignment_1,13.4,20
MRK_664,STU_10042,DS201,2,Final_Exam,30.0,30
MRK_665,STU_10042,MA102,1,Quiz_1,18.9,20
MRK_666,STU_10042,MA102,1,Midterm_Exam,22.0,30
MRK_667,STU_10042,MA102,1,Assignment_1,20.0,20
MRK_668,STU_10042,MA102,1,Final_Exam,25.4,30
MRK_669,STU_10042,SE301,4,Quiz_1,15.8,20
MRK_670,STU_10042,SE301,4,Midterm_Exam,30.0,30
MRK_671,STU_10042,SE301,4,Assignment_1,20.0,20
MRK_672,STU_10042,SE301,4,Final_Exam,29.1,30
MRK_673,STU_10043,CS101,4,Quiz_1,14.0,20
MRK_674,STU_10043,CS101,4,Midterm_Exam,16.1,30
MRK_675,STU_10043,CS101,4,Assignment_1,16.6,20
MRK_676,STU_10043,CS101,4,Final_Exam,30.0,30
MRK_677,STU_10043,DS201,1,Quiz_1,17.2,20
MRK_678,STU_10043,DS201,1,Midterm_Exam,28.7,30
MRK_679,STU_10043,DS201,1,Assignment_1,13.5,20
MRK_680,STU_10043,DS201,1,Final_Exam,30.0,30
MRK_681,STU_10043,MA102,2,Quiz_1,16.1,20
MRK_682,STU_10043,MA102,2,Midterm_Exam,19.1,30
MRK_683,STU_10043,MA102,2,Assignment_1,13.9,20
MRK_684,STU_10043,MA102,2,Final_Exam,18.0,30
MRK_685,STU_10043,SE301,2,Quiz_1,17.4,20
MRK_686,STU_10043,SE301,2,Midterm_Exam,13.1,30
MRK_687,STU_10043,SE301,2,Assignment_1,13.6,20
MRK_688,STU_10043,SE301,2,Final_Exam,27.2,30
MRK_689,STU_10044,CS101,3,Quiz_1,15.5,20
MRK_690,STU_10044,CS101,3,Midterm_Exam,18.5,30
MRK_691,STU_10044,CS101,3,Assignment_1,19.4,20
MRK_692,STU_10044,CS101,3,Final_Exam,24.8,30
MRK_693,STU_10044,DS201,3,Quiz_1,18.0,20
MRK_694,STU_10044,DS201,3,Midterm_Exam,25.1,30
MRK_695,STU_10044,DS201,3,Assignment_1,13.8,20
MRK_696,STU_10044,DS201,3,Final_Exam,27.0,30
MRK_697,STU_10044,MA102,4,Quiz_1,15.2,20
MRK_698,STU_10044,MA102,4,Midterm_Exam,21.1,30
MRK_699,STU_10044,MA102,4,Assignment_1,16.1,20
MRK_700,STU_10044,MA102,4,Final_Exam,24.4,30
MRK_701,STU_10044,SE301,4,Quiz_1,17.5,20
MRK_702,STU_10044,SE301,4,Midterm_Exam,21.8,30
MRK_703,STU_10044,SE301,4,Assignment_1,18.8,20
MRK_704,STU_10044,SE301,4,Final_Exam,30.0,30
MRK_705,STU_10045,CS101,3,Quiz_1,7.9,20
MRK_706,STU_10045,CS101,3,Midterm_Exam,16.8,30
MRK_707,STU_10045,CS101,3,Assignment_1,10.2,20
MRK_708,STU_10045,CS101,3,Final_Exam,9.4,30
MRK_709,STU_10045,DS201,1,Quiz_1,4.2,20
MRK_710,STU_10045,DS201,1,Midterm_Exam,15.9,30
MRK_711,STU_10045,DS201,1,Assignment_1,8.3,20
MRK_712,STU_10045,DS201,1,Final_Exam,9.6,30
MRK_713,STU_10045,MA102,1,Quiz_1,14.2,20
MRK_714,STU_10045,MA102,1,Midterm_Exam,0.0,30
MRK_715,STU_10045,MA102,1,Assignment_1,10.1,20
MRK_716,STU_10045,MA102,1,Final_Exam,15.8,30
MRK_717,STU_10045,SE301,3,Quiz_1,5.9,20
MRK_718,STU_10045,SE301,3,Midterm_Exam,22.9,30
MRK_719,STU_10045,SE301,3,Assignment_1,8.4,20
MRK_720,STU_10045,SE301,3,Final_Exam,11.1,30
MRK_721,STU_10046,CS101,3,Quiz_1,18.2,20
MRK_722,STU_10046,CS101,3,Midterm_Exam,29.6,30
MRK_723,STU_10046,CS101,3,Assignment_1,16.6,20
MRK_724,STU_10046,CS101,3,Final_Exam,20.4,30
MRK_725,STU_10046,DS201,3,Quiz_1,17.1,20
MRK_726,STU_10046,DS201,3,Midterm_Exam,28.0,30
MRK_727,STU_10046,DS201,3,Assignment_1,19.7,20
MRK_728,STU_10046,DS201,3,Final_Exam,24.5,30
MRK_729,STU_10046,MA102,3,Quiz_1,12.0,20
MRK_730,STU_10046,MA102,3,Midterm_Exam,21.3,30
MRK_731,STU_10046,MA102,3,Assignment_1,20.0,20
MRK_732,STU_10046,MA102,3,Final_Exam,23.0,30
MRK_733,STU_10046,SE301,4,Quiz_1,5.7,20
MRK_734,STU_10046,SE301,4,Midterm_Exam,22.0,30
MRK_735,STU_10046,SE301,4,Assignment_1,19.3,20
MRK_736,STU_10046,SE301,4,Final_Exam,18.9,30
MRK_737,STU_10047,CS101,2,Quiz_1,20.0,20
MRK_738,STU_10047,CS101,2,Midterm_Exam,30.0,30
MRK_739,STU_10047,CS101,2,Assignment_1,20.0,20
MRK_740,STU_10047,CS101,2,Final_Exam,16.8,30
MRK_741,STU_10047,DS201,2,Quiz_1,14.7,20
MRK_742,STU_10047,DS201,2,Midterm_Exam,27.3,30
MRK_743,STU_10047,DS201,2,Assignment_1,20.0,20
MRK_744,STU_10047,DS201,2,Final_Exam,24.1,30
MRK_745,STU_10047,MA102,4,Quiz_1,15.7,20
MRK_746,STU_10047,MA102,4,Midterm_Exam,30.0,30
MRK_747,STU_10047,MA102,4,Assignment_1,15.3,20
MRK_748,STU_10047,MA102,4,Final_Exam,23.4,30
MRK_749,STU_10047,SE301,3,Quiz_1,14.1,20
MRK_750,STU_10047,SE301,3,Midterm_Exam,24.1,30
MRK_751,STU_10047,SE301,3,Assignment_1,20.0,20
MRK_752,STU_10047,SE301,3,Final_Exam,20.4,30
MRK_753,STU_10048,CS101,3,Quiz_1,11.4,20
MRK_754,STU_10048,CS101,3,Midterm_Exam,22.8,30
MRK_755,STU_10048,CS101,3,Assignment_1,15.7,20
MRK_756,STU_10048,CS101,3,Final_Exam,19.6,30
MRK_757,STU_10048,DS201,3,Quiz_1,17.6,20
MRK_758,STU_10048,DS201,3,Midterm_Exam,26.9,30
MRK_759,STU_10048,DS201,3,Assignment_1,20.0,20
MRK_760,STU_10048,DS201,3,Final_Exam,28.8,30
MRK_761,STU_10048,MA102,2,Quiz_1,20.0,20
MRK_762,STU_10048,MA102,2,Midterm_Exam,22.3,30
MRK_763,STU_10048,MA102,2,Assignment_1,19.5,20
MRK_764,STU_10048,MA102,2,Final_Exam,25.9,30
MRK_765,STU_10048,SE301,2,Quiz_1,18.3,20
MRK_766,STU_10048,SE301,2,Midterm_Exam,30.0,30
MRK_767,STU_10048,SE301,2,Assignment_1,20.0,20
MRK_768,STU_10048,SE301,2,Final_Exam,30.0,30
MRK_769,STU_10049,CS101,1,Quiz_1,10.3,20
MRK_770,STU_10049,CS101,1,Midterm_Exam,20.3,30
MRK_771,STU_10049,CS101,1,Assignment_1,4.9,20
MRK_772,STU_10049,CS101,1,Final_Exam,9.0,30
MRK_773,STU_10049,DS201,3,Quiz_1,3.2,20
MRK_774,STU_10049,DS201,3,Midterm_Exam,19.3,30
MRK_775,STU_10049,DS201,3,Assignment_1,10.4,20
MRK_776,STU_10049,DS201,3,Final_Exam,20.2,30
MRK_777,STU_10049,MA102,1,Quiz_1,10.5,20
MRK_778,STU_10049,MA102,1,Midterm_Exam,15.7,30
MRK_779,STU_10049,MA102,1,Assignment_1,8.7,20
MRK_780,STU_10049,MA102,1,Final_Exam,7.3,30
MRK_781,STU_10049,SE301,2,Quiz_1,4.6,20
MRK_782,STU_10049,SE301,2,Midterm_Exam,15.6,30
MRK_783,STU_10049,SE301,2,Assignment_1,8.1,20
MRK_784,STU_10049,SE301,2,Final_Exam,19.2,30
MRK_785,STU_10050,CS101,4,Quiz_1,19.3,20
MRK_786,STU_10050,CS101,4,Midterm_Exam,18.8,30
MRK_787,STU_10050,CS101,4,Assignment_1,16.2,20
MRK_788,STU_10050,CS101,4,Final_Exam,13.8,30
MRK_789,STU_10050,DS201,1,Quiz_1,12.4,20
MRK_790,STU_10050,DS201,1,Midterm_Exam,19.8,30
MRK_791,STU_10050,DS201,1,Assignment_1,16.1,20
MRK_792,STU_10050,DS201,1,Final_Exam,20.9,30
MRK_793,STU_10050,MA102,1,Quiz_1,19.4,20
MRK_794,STU_10050,MA102,1,Midterm_Exam,16.0,30
MRK_795,STU_10050,MA102,1,Assignment_1,19.0,20
MRK_796,STU_10050,MA102,1,Final_Exam,22.5,30
MRK_797,STU_10050,SE301,3,Quiz_1,15.5,20
MRK_798,STU_10050,SE301,3,Midterm_Exam,19.5,30
MRK_799,STU_10050,SE301,3,Assignment_1,18.6,20
MRK_800,STU_10050,SE301,3,Final_Exam,29.2,30
MRK_801,STU_10051,CS101,4,Quiz_1,18.9,20
MRK_802,STU_10051,CS101,4,Midterm_Exam,30.0,30
MRK_803,STU_10051,CS101,4,Assignment_1,11.7,20
MRK_804,STU_10051,CS101,4,Final_Exam,20.0,30
MRK_805,STU_10051,DS201,2,Quiz_1,14.3,20
MRK_806,STU_10051,DS201,2,Midterm_Exam,23.3,30
MRK_807,STU_10051,DS201,2,Assignment_1,14.8,20
MRK_808,STU_10051,DS201,2,Final_Exam,20.1,30
MRK_809,STU_10051,MA102,4,Quiz_1,20.0,20
MRK_810,STU_10051,MA102,4,Midterm_Exam,30.0,30
MRK_811,STU_10051,MA102,4,Assignment_1,15.2,20
MRK_812,STU_10051,MA102,4,Final_Exam,27.2,30
MRK_813,STU_10051,SE301,3,Quiz_1,17.9,20
MRK_814,STU_10051,SE301,3,Midterm_Exam,30.0,30
MRK_815,STU_10051,SE301,3,Assignment_1,18.2,20
MRK_816,STU_10051,SE301,3,Final_Exam,25.4,30
MRK_817,STU_10052,CS101,3,Quiz_1,15.9,20
MRK_818,STU_10052,CS101,3,Midterm_Exam,26.9,30
MRK_819,STU_10052,CS101,3,Assignment_1,14.5,20
MRK_820,STU_10052,CS101,3,Final_Exam,24.7,30
MRK_821,STU_10052,DS201,4,Quiz_1,9.5,20
MRK_822,STU_10052,DS201,4,Midterm_Exam,26.7,30
MRK_823,STU_10052,DS201,4,Assignment_1,16.0,20
MRK_824,STU_10052,DS201,4,Final_Exam,21.5,30
MRK_825,STU_10052,MA102,1,Quiz_1,20.0,20
MRK_826,STU_10052,MA102,1,Midterm_Exam,27.9,30
MRK_827,STU_10052,MA102,1,Assignment_1,14.2,20
MRK_828,STU_10052,MA102,1,Final_Exam,15.7,30
MRK_829,STU_10052,SE301,4,Quiz_1,13.8,20
MRK_830,STU_10052,SE301,4,Midterm_Exam,27.4,30
MRK_831,STU_10052,SE301,4,Assignment_1,14.2,20
MRK_832,STU_10052,SE301,4,Final_Exam,25.2,30
MRK_833,STU_10053,CS101,2,Quiz_1,11.8,20
MRK_834,STU_10053,CS101,2,Midterm_Exam,9.3,30
MRK_835,STU_10053,CS101,2,Assignment_1,6.8,20
MRK_836,STU_10053,CS101,2,Final_Exam,2.7,30
MRK_837,STU_10053,DS201,3,Quiz_1,16.3,20
MRK_838,STU_10053,DS201,3,Midterm_Exam,10.1,30
MRK_839,STU_10053,DS201,3,Assignment_1,3.8,20
MRK_840,STU_10053,DS201,3,Final_Exam,13.4,30
MRK_841,STU_10053,MA102,3,Quiz_1,11.9,20
MRK_842,STU_10053,MA102,3,Midterm_Exam,16.3,30
MRK_843,STU_10053,MA102,3,Assignment_1,8.8,20
MRK_844,STU_10053,MA102,3,Final_Exam,15.8,30
MRK_845,STU_10053,SE301,2,Quiz_1,9.2,20
MRK_846,STU_10053,SE301,2,Midterm_Exam,8.2,30
MRK_847,STU_10053,SE301,2,Assignment_1,7.7,20
MRK_848,STU_10053,SE301,2,Final_Exam,17.4,30
MRK_849,STU_10054,CS101,4,Quiz_1,17.1,20
MRK_850,STU_10054,CS101,4,Midterm_Exam,21.6,30
MRK_851,STU_10054,CS101,4,Assignment_1,16.4,20
MRK_852,STU_10054,CS101,4,Final_Exam,22.3,30
MRK_853,STU_10054,DS201,2,Quiz_1,19.0,20
MRK_854,STU_10054,DS201,2,Midterm_Exam,17.4,30
MRK_855,STU_10054,DS201,2,Assignment_1,20.0,20
MRK_856,STU_10054,DS201,2,Final_Exam,24.6,30
MRK_857,STU_10054,MA102,1,Quiz_1,13.7,20
MRK_858,STU_10054,MA102,1,Midterm_Exam,29.3,30
MRK_859,STU_10054,MA102,1,Assignment_1,12.9,20
MRK_860,STU_10054,MA102,1,Final_Exam,29.5,30
MRK_861,STU_10054,SE301,3,Quiz_1,13.9,20
MRK_862,STU_10054,SE301,3,Midterm_Exam,18.4,30
MRK_863,STU_10054,SE301,3,Assignment_1,18.9,20
MRK_864,STU_10054,SE301,3,Final_Exam,30.0,30
MRK_865,STU_10055,CS101,2,Quiz_1,17.1,20
MRK_866,STU_10055,CS101,2,Midterm_Exam,30.0,30
MRK_867,STU_10055,CS101,2,Assignment_1,16.9,20
MRK_868,STU_10055,CS101,2,Final_Exam,29.3,30
MRK_869,STU_10055,DS201,4,Quiz_1,18.3,20
MRK_870,STU_10055,DS201,4,Midterm_Exam,13.0,30
MRK_871,STU_10055,DS201,4,Assignment_1,12.7,20
MRK_872,STU_10055,DS201,4,Final_Exam,21.0,30
MRK_873,STU_10055,MA102,2,Quiz_1,13.7,20
MRK_874,STU_10055,MA102,2,Midterm_Exam,23.8,30
MRK_875,STU_10055,MA102,2,Assignment_1,14.3,20
MRK_876,STU_10055,MA102,2,Final_Exam,16.4,30
MRK_877,STU_10055,SE301,1,Quiz_1,18.0,20
MRK_878,STU_10055,SE301,1,Midterm_Exam,15.9,30
MRK_879,STU_10055,SE301,1,Assignment_1,17.6,20
MRK_880,STU_10055,SE301,1,Final_Exam,30.0,30
MRK_881,STU_10056,CS101,2,Quiz_1,16.1,20
MRK_882,STU_10056,CS101,2,Midterm_Exam,15.4,30
MRK_883,STU_10056,CS101,2,Assignment_1,14.7,20
MRK_884,STU_10056,CS101,2,Final_Exam,19.2,30
MRK_885,STU_10056,DS201,2,Quiz_1,20.0,20
MRK_886,STU_10056,DS201,2,Midterm_Exam,28.9,30
MRK_887,STU_10056,DS201,2,Assignment_1,15.6,20
MRK_888,STU_10056,DS201,2,Final_Exam,17.7,30
MRK_889,STU_10056,MA102,4,Quiz_1,13.0,20
MRK_890,STU_10056,MA102,4,Midterm_Exam,25.5,30
MRK_891,STU_10056,MA102,4,Assignment_1,19.4,20
MRK_892,STU_10056,MA102,4,Final_Exam,17.3,30
MRK_893,STU_10056,SE301,4,Quiz_1,11.8,20
MRK_894,STU_10056,SE301,4,Midterm_Exam,23.0,30
MRK_895,STU_10056,SE301,4,Assignment_1,13.8,20
MRK_896,STU_10056,SE301,4,Final_Exam,24.1,30
MRK_897,STU_10057,CS101,2,Quiz_1,9.4,20
MRK_898,STU_10057,CS101,2,Midterm_Exam,12.0,30
MRK_899,STU_10057,CS101,2,Assignment_1,10.2,20
MRK_900,STU_10057,CS101,2,Final_Exam,12.2,30
MRK_901,STU_10057,DS201,3,Quiz_1,8.0,20
MRK_902,STU_10057,DS201,3,Midterm_Exam,15.0,30
MRK_903,STU_10057,DS201,3,Assignment_1,7.4,20
MRK_904,STU_10057,DS201,3,Final_Exam,10.2,30
MRK_905,STU_10057,MA102,4,Quiz_1,13.6,20
MRK_906,STU_10057,MA102,4,Midterm_Exam,8.8,30
MRK_907,STU_10057,MA102,4,Assignment_1,3.9,20
MRK_908,STU_10057,MA102,4,Final_Exam,10.8,30
MRK_909,STU_10057,SE301,1,Quiz_1,7.2,20
MRK_910,STU_10057,SE301,1,Midterm_Exam,6.6,30
MRK_911,STU_10057,SE301,1,Assignment_1,8.3,20
MRK_912,STU_10057,SE301,1,Final_Exam,4.7,30
MRK_913,STU_10058,CS101,4,Quiz_1,15.2,20
MRK_914,STU_10058,CS101,4,Midterm_Exam,30.0,30
MRK_915,STU_10058,CS101,4,Assignment_1,15.6,20
MRK_916,STU_10058,CS101,4,Final_Exam,28.2,30
MRK_917,STU_10058,DS201,1,Quiz_1,9.2,20
MRK_918,STU_10058,DS201,1,Midterm_Exam,18.1,30
MRK_919,STU_10058,DS201,1,Assignment_1,14.8,20
MRK_920,STU_10058,DS201,1,Final_Exam,22.8,30
MRK_921,STU_10058,MA102,3,Quiz_1,14.9,20
MRK_922,STU_10058,MA102,3,Midterm_Exam,21.5,30
MRK_923,STU_10058,MA102,3,Assignment_1,19.5,20
MRK_924,STU_10058,MA102,3,Final_Exam,29.0,30
MRK_925,STU_10058,SE301,2,Quiz_1,13.3,20
MRK_926,STU_10058,SE301,2,Midterm_Exam,27.3,30
MRK_927,STU_10058,SE301,2,Assignment_1,19.0,20
MRK_928,STU_10058,SE301,2,Final_Exam,29.2,30
MRK_929,STU_10059,CS101,1,Quiz_1,15.5,20
MRK_930,STU_10059,CS101,1,Midterm_Exam,26.4,30
MRK_931,STU_10059,CS101,1,Assignment_1,17.9,20
MRK_932,STU_10059,CS101,1,Final_Exam,27.6,30
MRK_933,STU_10059,DS201,3,Quiz_1,20.0,20
MRK_934,STU_10059,DS201,3,Midterm_Exam,14.7,30
MRK_935,STU_10059,DS201,3,Assignment_1,12.7,20
MRK_936,STU_10059,DS201,3,Final_Exam,24.9,30
MRK_937,STU_10059,MA102,2,Quiz_1,15.4,20
MRK_938,STU_10059,MA102,2,Midterm_Exam,22.8,30
MRK_939,STU_10059,MA102,2,Assignment_1,20.0,20
MRK_940,STU_10059,MA102,2,Final_Exam,30.0,30
MRK_941,STU_10059,SE301,3,Quiz_1,12.9,20
MRK_942,STU_10059,SE301,3,Midterm_Exam,25.4,30
MRK_943,STU_10059,SE301,3,Assignment_1,20.0,20
MRK_944,STU_10059,SE301,3,Final_Exam,21.5,30
MRK_945,STU_10060,CS101,1,Quiz_1,19.4,20
MRK_946,STU_10060,CS101,1,Midterm_Exam,25.2,30
MRK_947,STU_10060,CS101,1,Assignment_1,20.0,20
MRK_948,STU_10060,CS101,1,Final_Exam,16.5,30
MRK_949,STU_10060,DS201,3,Quiz_1,9.8,20
MRK_950,STU_10060,DS201,3,Midterm_Exam,30.0,30
MRK_951,STU_10060,DS201,3,Assignment_1,20.0,20
MRK_952,STU_10060,DS201,3,Final_Exam,30.0,30
MRK_953,STU_10060,MA102,2,Quiz_1,12.4,20
MRK_954,STU_10060,MA102,2,Midterm_Exam,22.5,30
MRK_955,STU_10060,MA102,2,Assignment_1,15.1,20
MRK_956,STU_10060,MA102,2,Final_Exam,19.4,30
MRK_957,STU_10060,SE301,4,Quiz_1,19.3,20
MRK_958,STU_10060,SE301,4,Midterm_Exam,20.5,30
MRK_959,STU_10060,SE301,4,Assignment_1,18.0,20
MRK_960,STU_10060,SE301,4,Final_Exam,23.3,30
MRK_961,STU_10061,CS101,3,Quiz_1,9.5,20
MRK_962,STU_10061,CS101,3,Midterm_Exam,12.7,30
MRK_963,STU_10061,CS101,3,Assignment_1,6.0,20
MRK_964,STU_10061,CS101,3,Final_Exam,9.2,30
MRK_965,STU_10061,DS201,1,Quiz_1,7.3,20
MRK_966,STU_10061,DS201,1,Midterm_Exam,20.9,30
MRK_967,STU_10061,DS201,1,Assignment_1,11.7,20
MRK_968,STU_10061,DS201,1,Final_Exam,15.8,30
MRK_969,STU_10061,MA102,4,Quiz_1,0.0,20
MRK_970,STU_10061,MA102,4,Midterm_Exam,2.6,30
MRK_971,STU_10061,MA102,4,Assignment_1,7.0,20
MRK_972,STU_10061,MA102,4,Final_Exam,17.7,30
MRK_973,STU_10061,SE301,4,Quiz_1,7.1,20
MRK_974,STU_10061,SE301,4,Midterm_Exam,21.8,30
MRK_975,STU_10061,SE301,4,Assignment_1,6.9,20
MRK_976,STU_10061,SE301,4,Final_Exam,10.4,30
MRK_977,STU_10062,CS101,3,Quiz_1,11.7,20
MRK_978,STU_10062,CS101,3,Midterm_Exam,21.0,30
MRK_979,STU_10062,CS101,3,Assignment_1,18.3,20
MRK_980,STU_10062,CS101,3,Final_Exam,19.5,30
MRK_981,STU_10062,DS201,4,Quiz_1,11.5,20
MRK_982,STU_10062,DS201,4,Midterm_Exam,29.0,30
MRK_983,STU_10062,DS201,4,Assignment_1,20.0,20
MRK_984,STU_10062,DS201,4,Final_Exam,28.8,30
MRK_985,STU_10062,MA102,4,Quiz_1,14.6,20
MRK_986,STU_10062,MA102,4,Midterm_Exam,30.0,30
MRK_987,STU_10062,MA102,4,Assignment_1,10.1,20
MRK_988,STU_10062,MA102,4,Final_Exam,23.7,30
MRK_989,STU_10062,SE301,1,Quiz_1,17.6,20
MRK_990,STU_10062,SE301,1,Midterm_Exam,23.9,30
MRK_991,STU_10062,SE301,1,Assignment_1,17.3,20
MRK_992,STU_10062,SE301,1,Final_Exam,30.0,30
MRK_993,STU_10063,CS101,1,Quiz_1,11.0,20
MRK_994,STU_10063,CS101,1,Midterm_Exam,30.0,30
MRK_995,STU_10063,CS101,1,Assignment_1,18.0,20
MRK_996,STU_10063,CS101,1,Final_Exam,30.0,30
MRK_997,STU_10063,DS201,4,Quiz_1,17.3,20
MRK_998,STU_10063,DS201,4,Midterm_Exam,26.7,30
MRK_999,STU_10063,DS201,4,Assignment_1,15.5,20
MRK_1000,STU_10063,DS201,4,Final_Exam,29.3,30
MRK_1001,STU_10063,MA102,2,Quiz_1,14.6,20
MRK_1002,STU_10063,MA102,2,Midterm_Exam,26.0,30
MRK_1003,STU_10063,MA102,2,Assignment_1,20.0,20
MRK_1004,STU_10063,MA102,2,Final_Exam,12.9,30
MRK_1005,STU_10063,SE301,4,Quiz_1,19.3,20
MRK_1006,STU_10063,SE301,4,Midterm_Exam,25.9,30
MRK_1007,STU_10063,SE301,4,Assignment_1,20.0,20
MRK_1008,STU_10063,SE301,4,Final_Exam,30.0,30
MRK_1009,STU_10064,CS101,2,Quiz_1,18.5,20
MRK_1010,STU_10064,CS101,2,Midterm_Exam,17.9,30
MRK_1011,STU_10064,CS101,2,Assignment_1,14.1,20
MRK_1012,STU_10064,CS101,2,Final_Exam,25.1,30
MRK_1013,STU_10064,DS201,3,Quiz_1,5.7,20
MRK_1014,STU_10064,DS201,3,Midterm_Exam,23.6,30
MRK_1015,STU_10064,DS201,3,Assignment_1,16.9,20
MRK_1016,STU_10064,DS201,3,Final_Exam,23.4,30
MRK_1017,STU_10064,MA102,4,Quiz_1,15.9,20
MRK_1018,STU_10064,MA102,4,Midterm_Exam,27.0,30
MRK_1019,STU_10064,MA102,4,Assignment_1,14.1,20
MRK_1020,STU_10064,MA102,4,Final_Exam,29.8,30
MRK_1021,STU_10064,SE301,2,Quiz_1,20.0,20
MRK_1022,STU_10064,SE301,2,Midterm_Exam,22.9,30
MRK_1023,STU_10064,SE301,2,Assignment_1,19.9,20
MRK_1024,STU_10064,SE301,2,Final_Exam,19.9,30
MRK_1025,STU_10065,CS101,4,Quiz_1,7.6,20
MRK_1026,STU_10065,CS101,4,Midterm_Exam,9.0,30
MRK_1027,STU_10065,CS101,4,Assignment_1,10.2,20
MRK_1028,STU_10065,CS101,4,Final_Exam,5.5,30
MRK_1029,STU_10065,DS201,4,Quiz_1,1.3,20
MRK_1030,STU_10065,DS201,4,Midterm_Exam,15.0,30
MRK_1031,STU_10065,DS201,4,Assignment_1,6.3,20
MRK_1032,STU_10065,DS201,4,Final_Exam,10.2,30
MRK_1033,STU_10065,MA102,2,Quiz_1,6.5,20
MRK_1034,STU_10065,MA102,2,Midterm_Exam,18.2,30
MRK_1035,STU_10065,MA102,2,Assignment_1,7.9,20
MRK_1036,STU_10065,MA102,2,Final_Exam,14.0,30
MRK_1037,STU_10065,SE301,2,Quiz_1,13.5,20
MRK_1038,STU_10065,SE301,2,Midterm_Exam,14.2,30
MRK_1039,STU_10065,SE301,2,Assignment_1,14.6,20
MRK_1040,STU_10065,SE301,2,Final_Exam,6.8,30
MRK_1041,STU_10066,CS101,2,Quiz_1,20.0,20
MRK_1042,STU_10066,CS101,2,Midterm_Exam,30.0,30
MRK_1043,STU_10066,CS101,2,Assignment_1,17.0,20
MRK_1044,STU_10066,CS101,2,Final_Exam,30.0,30
MRK_1045,STU_10066,DS201,4,Quiz_1,20.0,20
MRK_1046,STU_10066,DS201,4,Midterm_Exam,23.2,30
MRK_1047,STU_10066,DS201,4,Assignment_1,15.9,20
MRK_1048,STU_10066,DS201,4,Final_Exam,14.9,30
MRK_1049,STU_10066,MA102,3,Quiz_1,20.0,20
MRK_1050,STU_10066,MA102,3,Midterm_Exam,22.8,30
MRK_1051,STU_10066,MA102,3,Assignment_1,19.6,20
MRK_1052,STU_10066,MA102,3,Final_Exam,18.1,30
MRK_1053,STU_10066,SE301,4,Quiz_1,11.7,20
MRK_1054,STU_10066,SE301,4,Midterm_Exam,22.6,30
MRK_1055,STU_10066,SE301,4,Assignment_1,12.6,20
MRK_1056,STU_10066,SE301,4,Final_Exam,23.9,30
MRK_1057,STU_10067,CS101,4,Quiz_1,17.4,20
MRK_1058,STU_10067,CS101,4,Midterm_Exam,25.1,30
MRK_1059,STU_10067,CS101,4,Assignment_1,13.6,20
MRK_1060,STU_10067,CS101,4,Final_Exam,27.5,30
MRK_1061,STU_10067,DS201,1,Quiz_1,6.4,20
MRK_1062,STU_10067,DS201,1,Midterm_Exam,28.1,30
MRK_1063,STU_10067,DS201,1,Assignment_1,17.9,20
MRK_1064,STU_10067,DS201,1,Final_Exam,17.5,30
MRK_1065,STU_10067,MA102,1,Quiz_1,16.0,20
MRK_1066,STU_10067,MA102,1,Midterm_Exam,30.0,30
MRK_1067,STU_10067,MA102,1,Assignment_1,16.1,20
MRK_1068,STU_10067,MA102,1,Final_Exam,29.6,30
MRK_1069,STU_10067,SE301,4,Quiz_1,11.3,20
MRK_1070,STU_10067,SE301,4,Midterm_Exam,29.9,30
MRK_1071,STU_10067,SE301,4,Assignment_1,17.0,20
MRK_1072,STU_10067,SE301,4,Final_Exam,21.6,30
MRK_1073,STU_10068,CS101,2,Quiz_1,20.0,20
MRK_1074,STU_10068,CS101,2,Midterm_Exam,22.8,30
MRK_1075,STU_10068,CS101,2,Assignment_1,17.1,20
MRK_1076,STU_10068,CS101,2,Final_Exam,21.6,30
MRK_1077,STU_10068,DS201,2,Quiz_1,18.1,20
MRK_1078,STU_10068,DS201,2,Midterm_Exam,13.5,30
MRK_1079,STU_10068,DS201,2,Assignment_1,18.5,20
MRK_1080,STU_10068,DS201,2,Final_Exam,22.7,30
MRK_1081,STU_10068,MA102,1,Quiz_1,20.0,20
MRK_1082,STU_10068,MA102,1,Midterm_Exam,15.2,30
MRK_1083,STU_10068,MA102,1,Assignment_1,17.4,20
MRK_1084,STU_10068,MA102,1,Final_Exam,26.6,30
MRK_1085,STU_10068,SE301,4,Quiz_1,7.1,20
MRK_1086,STU_10068,SE301,4,Midterm_Exam,15.0,30
MRK_1087,STU_10068,SE301,4,Assignment_1,12.0,20
MRK_1088,STU_10068,SE301,4,Final_Exam,21.1,30
MRK_1089,STU_10069,CS101,1,Quiz_1,6.4,20
MRK_1090,STU_10069,CS101,1,Midterm_Exam,19.0,30
MRK_1091,STU_10069,CS101,1,Assignment_1,4.6,20
MRK_1092,STU_10069,CS101,1,Final_Exam,7.9,30
MRK_1093,STU_10069,DS201,2,Quiz_1,6.8,20
MRK_1094,STU_10069,DS201,2,Midterm_Exam,12.0,30
MRK_1095,STU_10069,DS201,2,Assignment_1,9.1,20
MRK_1096,STU_10069,DS201,2,Final_Exam,7.9,30
MRK_1097,STU_10069,MA102,2,Quiz_1,5.8,20
MRK_1098,STU_10069,MA102,2,Midterm_Exam,17.6,30
MRK_1099,STU_10069,MA102,2,Assignment_1,7.4,20
MRK_1100,STU_10069,MA102,2,Final_Exam,2.3,30
MRK_1101,STU_10069,SE301,2,Quiz_1,7.7,20
MRK_1102,STU_10069,SE301,2,Midterm_Exam,3.6,30
MRK_1103,STU_10069,SE301,2,Assignment_1,8.3,20
MRK_1104,STU_10069,SE301,2,Final_Exam,6.5,30
MRK_1105,STU_10070,CS101,1,Quiz_1,20.0,20
MRK_1106,STU_10070,CS101,1,Midterm_Exam,28.0,30
MRK_1107,STU_10070,CS101,1,Assignment_1,13.2,20
MRK_1108,STU_10070,CS101,1,Final_Exam,21.0,30
MRK_1109,STU_10070,DS201,2,Quiz_1,9.9,20
MRK_1110,STU_10070,DS201,2,Midterm_Exam,15.5,30
MRK_1111,STU_10070,DS201,2,Assignment_1,18.9,20
MRK_1112,STU_10070,DS201,2,Final_Exam,26.4,30
MRK_1113,STU_10070,MA102,1,Quiz_1,15.9,20
MRK_1114,STU_10070,MA102,1,Midterm_Exam,18.7,30
MRK_1115,STU_10070,MA102,1,Assignment_1,14.7,20
MRK_1116,STU_10070,MA102,1,Final_Exam,25.6,30
MRK_1117,STU_10070,SE301,1,Quiz_1,11.6,20
MRK_1118,STU_10070,SE301,1,Midterm_Exam,13.3,30
MRK_1119,STU_10070,SE301,1,Assignment_1,20.0,20
MRK_1120,STU_10070,SE301,1,Final_Exam,27.4,30
MRK_1121,STU_10071,CS101,4,Quiz_1,14.5,20
MRK_1122,STU_10071,CS101,4,Midterm_Exam,16.2,30
MRK_1123,STU_10071,CS101,4,Assignment_1,20.0,20
MRK_1124,STU_10071,CS101,4,Final_Exam,30.0,30
MRK_1125,STU_10071,DS201,2,Quiz_1,12.0,20
MRK_1126,STU_10071,DS201,2,Midterm_Exam,19.5,30
MRK_1127,STU_10071,DS201,2,Assignment_1,19.8,20
MRK_1128,STU_10071,DS201,2,Final_Exam,30.0,30
MRK_1129,STU_10071,MA102,4,Quiz_1,16.0,20
MRK_1130,STU_10071,MA102,4,Midterm_Exam,15.6,30
MRK_1131,STU_10071,MA102,4,Assignment_1,15.4,20
MRK_1132,STU_10071,MA102,4,Final_Exam,24.2,30
MRK_1133,STU_10071,SE301,4,Quiz_1,14.4,20
MRK_1134,STU_10071,SE301,4,Midterm_Exam,23.0,30
MRK_1135,STU_10071,SE301,4,Assignment_1,12.6,20
MRK_1136,STU_10071,SE301,4,Final_Exam,22.7,30
MRK_1137,STU_10072,CS101,2,Quiz_1,20.0,20
MRK_1138,STU_10072,CS101,2,Midterm_Exam,21.1,30
MRK_1139,STU_10072,CS101,2,Assignment_1,20.0,20
MRK_1140,STU_10072,CS101,2,Final_Exam,15.2,30
MRK_1141,STU_10072,DS201,4,Quiz_1,15.9,20
MRK_1142,STU_10072,DS201,4,Midterm_Exam,12.6,30
MRK_1143,STU_10072,DS201,4,Assignment_1,18.5,20
MRK_1144,STU_10072,DS201,4,Final_Exam,30.0,30
MRK_1145,STU_10072,MA102,1,Quiz_1,13.1,20
MRK_1146,STU_10072,MA102,1,Midterm_Exam,30.0,30
MRK_1147,STU_10072,MA102,1,Assignment_1,16.1,20
MRK_1148,STU_10072,MA102,1,Final_Exam,30.0,30
MRK_1149,STU_10072,SE301,1,Quiz_1,9.5,20
MRK_1150,STU_10072,SE301,1,Midterm_Exam,16.3,30
MRK_1151,STU_10072,SE301,1,Assignment_1,19.4,20
MRK_1152,STU_10072,SE301,1,Final_Exam,21.6,30
MRK_1153,STU_10073,CS101,3,Quiz_1,3.4,20
MRK_1154,STU_10073,CS101,3,Midterm_Exam,10.4,30
MRK_1155,STU_10073,CS101,3,Assignment_1,8.7,20
MRK_1156,STU_10073,CS101,3,Final_Exam,10.4,30
MRK_1157,STU_10073,DS201,3,Quiz_1,6.8,20
MRK_1158,STU_10073,DS201,3,Midterm_Exam,9.1,30
MRK_1159,STU_10073,DS201,3,Assignment_1,14.1,20
MRK_1160,STU_10073,DS201,3,Final_Exam,8.3,30
MRK_1161,STU_10073,MA102,2,Quiz_1,9.5,20
MRK_1162,STU_10073,MA102,2,Midterm_Exam,15.8,30
MRK_1163,STU_10073,MA102,2,Assignment_1,8.8,20
MRK_1164,STU_10073,MA102,2,Final_Exam,5.2,30
MRK_1165,STU_10073,SE301,3,Quiz_1,6.9,20
MRK_1166,STU_10073,SE301,3,Midterm_Exam,4.9,30
MRK_1167,STU_10073,SE301,3,Assignment_1,5.2,20
MRK_1168,STU_10073,SE301,3,Final_Exam,7.5,30
MRK_1169,STU_10074,CS101,2,Quiz_1,20.0,20
MRK_1170,STU_10074,CS101,2,Midterm_Exam,27.4,30
MRK_1171,STU_10074,CS101,2,Assignment_1,20.0,20
MRK_1172,STU_10074,CS101,2,Final_Exam,26.8,30
MRK_1173,STU_10074,DS201,1,Quiz_1,20.0,20
MRK_1174,STU_10074,DS201,1,Midterm_Exam,20.6,30
MRK_1175,STU_10074,DS201,1,Assignment_1,17.6,20
MRK_1176,STU_10074,DS201,1,Final_Exam,30.0,30
MRK_1177,STU_10074,MA102,2,Quiz_1,11.3,20
MRK_1178,STU_10074,MA102,2,Midterm_Exam,13.8,30
MRK_1179,STU_10074,MA102,2,Assignment_1,14.4,20
MRK_1180,STU_10074,MA102,2,Final_Exam,16.8,30
MRK_1181,STU_10074,SE301,3,Quiz_1,20.0,20
MRK_1182,STU_10074,SE301,3,Midterm_Exam,23.9,30
MRK_1183,STU_10074,SE301,3,Assignment_1,17.1,20
MRK_1184,STU_10074,SE301,3,Final_Exam,26.3,30
MRK_1185,STU_10075,CS101,3,Quiz_1,16.0,20
MRK_1186,STU_10075,CS101,3,Midterm_Exam,24.6,30
MRK_1187,STU_10075,CS101,3,Assignment_1,18.9,20
MRK_1188,STU_10075,CS101,3,Final_Exam,23.9,30
MRK_1189,STU_10075,DS201,3,Quiz_1,16.0,20
MRK_1190,STU_10075,DS201,3,Midterm_Exam,29.5,30
MRK_1191,STU_10075,DS201,3,Assignment_1,15.4,20
MRK_1192,STU_10075,DS201,3,Final_Exam,25.2,30
MRK_1193,STU_10075,MA102,3,Quiz_1,19.9,20
MRK_1194,STU_10075,MA102,3,Midterm_Exam,27.8,30
MRK_1195,STU_10075,MA102,3,Assignment_1,15.9,20
MRK_1196,STU_10075,MA102,3,Final_Exam,28.4,30
MRK_1197,STU_10075,SE301,4,Quiz_1,18.7,20
MRK_1198,STU_10075,SE301,4,Midterm_Exam,25.1,30
MRK_1199,STU_10075,SE301,4,Assignment_1,20.0,20
MRK_1200,STU_10075,SE301,4,Final_Exam,30.0,30
MRK_1201,STU_10076,CS101,2,Quiz_1,20.0,20
MRK_1202,STU_10076,CS101,2,Midterm_Exam,28.0,30
MRK_1203,STU_10076,CS101,2,Assignment_1,12.3,20
MRK_1204,STU_10076,CS101,2,Final_Exam,30.0,30
MRK_1205,STU_10076,DS201,1,Quiz_1,20.0,20
MRK_1206,STU_10076,DS201,1,Midterm_Exam,24.6,30
MRK_1207,STU_10076,DS201,1,Assignment_1,16.8,20
MRK_1208,STU_10076,DS201,1,Final_Exam,19.6,30
MRK_1209,STU_10076,MA102,2,Quiz_1,18.7,20
MRK_1210,STU_10076,MA102,2,Midterm_Exam,22.1,30
MRK_1211,STU_10076,MA102,2,Assignment_1,16.5,20
MRK_1212,STU_10076,MA102,2,Final_Exam,27.0,30
MRK_1213,STU_10076,SE301,2,Quiz_1,19.4,20
MRK_1214,STU_10076,SE301,2,Midterm_Exam,23.5,30
MRK_1215,STU_10076,SE301,2,Assignment_1,15.5,20
MRK_1216,STU_10076,SE301,2,Final_Exam,28.6,30
MRK_1217,STU_10077,CS101,4,Quiz_1,8.4,20
MRK_1218,STU_10077,CS101,4,Midterm_Exam,13.9,30
MRK_1219,STU_10077,CS101,4,Assignment_1,7.7,20
MRK_1220,STU_10077,CS101,4,Final_Exam,13.1,30
MRK_1221,STU_10077,DS201,3,Quiz_1,7.7,20
MRK_1222,STU_10077,DS201,3,Midterm_Exam,14.2,30
MRK_1223,STU_10077,DS201,3,Assignment_1,3.9,20
MRK_1224,STU_10077,DS201,3,Final_Exam,8.4,30
MRK_1225,STU_10077,MA102,4,Quiz_1,9.8,20
MRK_1226,STU_10077,MA102,4,Midterm_Exam,0.9,30
MRK_1227,STU_10077,MA102,4,Assignment_1,12.6,20
MRK_1228,STU_10077,MA102,4,Final_Exam,7.7,30
MRK_1229,STU_10077,SE301,1,Quiz_1,4.6,20
MRK_1230,STU_10077,SE301,1,Midterm_Exam,0.0,30
MRK_1231,STU_10077,SE301,1,Assignment_1,6.9,20
MRK_1232,STU_10077,SE301,1,Final_Exam,7.0,30
MRK_1233,STU_10078,CS101,2,Quiz_1,12.2,20
MRK_1234,STU_10078,CS101,2,Midterm_Exam,21.6,30
MRK_1235,STU_10078,CS101,2,Assignment_1,16.9,20
MRK_1236,STU_10078,CS101,2,Final_Exam,24.0,30
MRK_1237,STU_10078,DS201,2,Quiz_1,16.5,20
MRK_1238,STU_10078,DS201,2,Midterm_Exam,17.1,30
MRK_1239,STU_10078,DS201,2,Assignment_1,18.0,20
MRK_1240,STU_10078,DS201,2,Final_Exam,18.9,30
MRK_1241,STU_10078,MA102,1,Quiz_1,17.7,20
MRK_1242,STU_10078,MA102,1,Midterm_Exam,24.9,30
MRK_1243,STU_10078,MA102,1,Assignment_1,19.5,20
MRK_1244,STU_10078,MA102,1,Final_Exam,24.1,30
MRK_1245,STU_10078,SE301,1,Quiz_1,15.2,20
MRK_1246,STU_10078,SE301,1,Midterm_Exam,16.8,30
MRK_1247,STU_10078,SE301,1,Assignment_1,19.6,20
MRK_1248,STU_10078,SE301,1,Final_Exam,23.5,30
MRK_1249,STU_10079,CS101,2,Quiz_1,16.9,20
MRK_1250,STU_10079,CS101,2,Midterm_Exam,29.8,30
MRK_1251,STU_10079,CS101,2,Assignment_1,19.8,20
MRK_1252,STU_10079,CS101,2,Final_Exam,28.3,30
MRK_1253,STU_10079,DS201,2,Quiz_1,18.0,20
MRK_1254,STU_10079,DS201,2,Midterm_Exam,19.6,30
MRK_1255,STU_10079,DS201,2,Assignment_1,20.0,20
MRK_1256,STU_10079,DS201,2,Final_Exam,30.0,30
MRK_1257,STU_10079,MA102,1,Quiz_1,19.4,20
MRK_1258,STU_10079,MA102,1,Midterm_Exam,23.5,30
MRK_1259,STU_10079,MA102,1,Assignment_1,20.0,20
MRK_1260,STU_10079,MA102,1,Final_Exam,18.6,30
MRK_1261,STU_10079,SE301,3,Quiz_1,15.2,20
MRK_1262,STU_10079,SE301,3,Midterm_Exam,30.0,30
MRK_1263,STU_10079,SE301,3,Assignment_1,16.4,20
MRK_1264,STU_10079,SE301,3,Final_Exam,26.1,30
MRK_1265,STU_10080,CS101,3,Quiz_1,12.7,20
MRK_1266,STU_10080,CS101,3,Midterm_Exam,17.8,30
MRK_1267,STU_10080,CS101,3,Assignment_1,10.5,20
MRK_1268,STU_10080,CS101,3,Final_Exam,30.0,30
MRK_1269,STU_10080,DS201,4,Quiz_1,16.0,20
MRK_1270,STU_10080,DS201,4,Midterm_Exam,23.0,30
MRK_1271,STU_10080,DS201,4,Assignment_1,16.7,20
MRK_1272,STU_10080,DS201,4,Final_Exam,30.0,30
MRK_1273,STU_10080,MA102,3,Quiz_1,8.4,20
MRK_1274,STU_10080,MA102,3,Midterm_Exam,25.5,30
MRK_1275,STU_10080,MA102,3,Assignment_1,20.0,20
MRK_1276,STU_10080,MA102,3,Final_Exam,19.0,30
MRK_1277,STU_10080,SE301,4,Quiz_1,15.0,20
MRK_1278,STU_10080,SE301,4,Midterm_Exam,26.7,30
MRK_1279,STU_10080,SE301,4,Assignment_1,17.3,20
MRK_1280,STU_10080,SE301,4,Final_Exam,28.0,30
MRK_1281,STU_10081,CS101,3,Quiz_1,7.2,20
MRK_1282,STU_10081,CS101,3,Midterm_Exam,16.2,30
MRK_1283,STU_10081,CS101,3,Assignment_1,7.9,20
MRK_1284,STU_10081,CS101,3,Final_Exam,7.0,30
MRK_1285,STU_10081,DS201,1,Quiz_1,11.9,20
MRK_1286,STU_10081,DS201,1,Midterm_Exam,5.1,30
MRK_1287,STU_10081,DS201,1,Assignment_1,10.9,20
MRK_1288,STU_10081,DS201,1,Final_Exam,12.6,30
MRK_1289,STU_10081,MA102,4,Quiz_1,10.2,20
MRK_1290,STU_10081,MA102,4,Midterm_Exam,12.3,30
MRK_1291,STU_10081,MA102,4,Assignment_1,10.2,20
MRK_1292,STU_10081,MA102,4,Final_Exam,7.1,30
MRK_1293,STU_10081,SE301,2,Quiz_1,10.3,20
MRK_1294,STU_10081,SE301,2,Midterm_Exam,22.3,30
MRK_1295,STU_10081,SE301,2,Assignment_1,11.1,20
MRK_1296,STU_10081,SE301,2,Final_Exam,6.9,30
MRK_1297,STU_10082,CS101,4,Quiz_1,15.4,20
MRK_1298,STU_10082,CS101,4,Midterm_Exam,26.3,30
MRK_1299,STU_10082,CS101,4,Assignment_1,19.0,20
MRK_1300,STU_10082,CS101,4,Final_Exam,16.9,30
MRK_1301,STU_10082,DS201,4,Quiz_1,20.0,20
MRK_1302,STU_10082,DS201,4,Midterm_Exam,16.4,30
MRK_1303,STU_10082,DS201,4,Assignment_1,20.0,20
MRK_1304,STU_10082,DS201,4,Final_Exam,21.2,30
MRK_1305,STU_10082,MA102,2,Quiz_1,20.0,20
MRK_1306,STU_10082,MA102,2,Midterm_Exam,30.0,30
MRK_1307,STU_10082,MA102,2,Assignment_1,18.4,20
MRK_1308,STU_10082,MA102,2,Final_Exam,21.9,30
MRK_1309,STU_10082,SE301,4,Quiz_1,18.3,20
MRK_1310,STU_10082,SE301,4,Midterm_Exam,26.5,30
MRK_1311,STU_10082,SE301,4,Assignment_1,18.1,20
MRK_1312,STU_10082,SE301,4,Final_Exam,22.0,30
MRK_1313,STU_10083,CS101,3,Quiz_1,14.3,20
MRK_1314,STU_10083,CS101,3,Midterm_Exam,22.5,30
MRK_1315,STU_10083,CS101,3,Assignment_1,17.1,20
MRK_1316,STU_10083,CS101,3,Final_Exam,17.2,30
MRK_1317,STU_10083,DS201,2,Quiz_1,20.0,20
MRK_1318,STU_10083,DS201,2,Midterm_Exam,14.6,30
MRK_1319,STU_10083,DS201,2,Assignment_1,15.3,20
MRK_1320,STU_10083,DS201,2,Final_Exam,20.3,30
MRK_1321,STU_10083,MA102,3,Quiz_1,12.7,20
MRK_1322,STU_10083,MA102,3,Midterm_Exam,17.2,30
MRK_1323,STU_10083,MA102,3,Assignment_1,16.7,20
MRK_1324,STU_10083,MA102,3,Final_Exam,21.7,30
MRK_1325,STU_10083,SE301,2,Quiz_1,20.0,20
MRK_1326,STU_10083,SE301,2,Midterm_Exam,27.8,30
MRK_1327,STU_10083,SE301,2,Assignment_1,18.3,20
MRK_1328,STU_10083,SE301,2,Final_Exam,30.0,30
MRK_1329,STU_10084,CS101,3,Quiz_1,14.4,20
MRK_1330,STU_10084,CS101,3,Midterm_Exam,23.3,30
MRK_1331,STU_10084,CS101,3,Assignment_1,20.0,20
MRK_1332,STU_10084,CS101,3,Final_Exam,30.0,30
MRK_1333,STU_10084,DS201,3,Quiz_1,16.0,20
MRK_1334,STU_10084,DS201,3,Midterm_Exam,24.5,30
MRK_1335,STU_10084,DS201,3,Assignment_1,18.1,20
MRK_1336,STU_10084,DS201,3,Final_Exam,23.1,30
MRK_1337,STU_10084,MA102,2,Quiz_1,11.1,20
MRK_1338,STU_10084,MA102,2,Midterm_Exam,30.0,30
MRK_1339,STU_10084,MA102,2,Assignment_1,14.5,20
MRK_1340,STU_10084,MA102,2,Final_Exam,18.0,30
MRK_1341,STU_10084,SE301,3,Quiz_1,8.1,20
MRK_1342,STU_10084,SE301,3,Midterm_Exam,13.9,30
MRK_1343,STU_10084,SE301,3,Assignment_1,14.1,20
MRK_1344,STU_10084,SE301,3,Final_Exam,18.0,30
MRK_1345,STU_10085,CS101,2,Quiz_1,5.5,20
MRK_1346,STU_10085,CS101,2,Midterm_Exam,13.4,30
MRK_1347,STU_10085,CS101,2,Assignment_1,9.4,20
MRK_1348,STU_10085,CS101,2,Final_Exam,14.0,30
MRK_1349,STU_10085,DS201,2,Quiz_1,6.7,20
MRK_1350,STU_10085,DS201,2,Midterm_Exam,6.4,30
MRK_1351,STU_10085,DS201,2,Assignment_1,10.8,20
MRK_1352,STU_10085,DS201,2,Final_Exam,7.4,30
MRK_1353,STU_10085,MA102,4,Quiz_1,8.6,20
MRK_1354,STU_10085,MA102,4,Midterm_Exam,6.6,30
MRK_1355,STU_10085,MA102,4,Assignment_1,5.8,20
MRK_1356,STU_10085,MA102,4,Final_Exam,2.8,30
MRK_1357,STU_10085,SE301,2,Quiz_1,12.9,20
MRK_1358,STU_10085,SE301,2,Midterm_Exam,12.5,30
MRK_1359,STU_10085,SE301,2,Assignment_1,6.4,20
MRK_1360,STU_10085,SE301,2,Final_Exam,15.5,30
MRK_1361,STU_10086,CS101,3,Quiz_1,16.3,20
MRK_1362,STU_10086,CS101,3,Midterm_Exam,9.1,30
MRK_1363,STU_10086,CS101,3,Assignment_1,15.2,20
MRK_1364,STU_10086,CS101,3,Final_Exam,19.2,30
MRK_1365,STU_10086,DS201,2,Quiz_1,12.3,20
MRK_1366,STU_10086,DS201,2,Midterm_Exam,25.8,30
MRK_1367,STU_10086,DS201,2,Assignment_1,17.4,20
MRK_1368,STU_10086,DS201,2,Final_Exam,28.1,30
MRK_1369,STU_10086,MA102,3,Quiz_1,14.7,20
MRK_1370,STU_10086,MA102,3,Midterm_Exam,25.4,30
MRK_1371,STU_10086,MA102,3,Assignment_1,18.1,20
MRK_1372,STU_10086,MA102,3,Final_Exam,29.5,30
MRK_1373,STU_10086,SE301,1,Quiz_1,15.9,20
MRK_1374,STU_10086,SE301,1,Midterm_Exam,26.9,30
MRK_1375,STU_10086,SE301,1,Assignment_1,17.7,20
MRK_1376,STU_10086,SE301,1,Final_Exam,27.1,30
MRK_1377,STU_10087,CS101,3,Quiz_1,20.0,20
MRK_1378,STU_10087,CS101,3,Midterm_Exam,25.7,30
MRK_1379,STU_10087,CS101,3,Assignment_1,20.0,20
MRK_1380,STU_10087,CS101,3,Final_Exam,18.5,30
MRK_1381,STU_10087,DS201,3,Quiz_1,20.0,20
MRK_1382,STU_10087,DS201,3,Midterm_Exam,24.7,30
MRK_1383,STU_10087,DS201,3,Assignment_1,15.9,20
MRK_1384,STU_10087,DS201,3,Final_Exam,25.7,30
MRK_1385,STU_10087,MA102,4,Quiz_1,14.8,20
MRK_1386,STU_10087,MA102,4,Midterm_Exam,22.0,30
MRK_1387,STU_10087,MA102,4,Assignment_1,20.0,20
MRK_1388,STU_10087,MA102,4,Final_Exam,26.6,30
MRK_1389,STU_10087,SE301,2,Quiz_1,17.2,20
MRK_1390,STU_10087,SE301,2,Midterm_Exam,12.4,30
MRK_1391,STU_10087,SE301,2,Assignment_1,14.9,20
MRK_1392,STU_10087,SE301,2,Final_Exam,26.3,30
MRK_1393,STU_10088,CS101,4,Quiz_1,16.5,20
MRK_1394,STU_10088,CS101,4,Midterm_Exam,26.6,30
MRK_1395,STU_10088,CS101,4,Assignment_1,14.2,20
MRK_1396,STU_10088,CS101,4,Final_Exam,30.0,30
MRK_1397,STU_10088,DS201,2,Quiz_1,20.0,20
MRK_1398,STU_10088,DS201,2,Midterm_Exam,15.5,30
MRK_1399,STU_10088,DS201,2,Assignment_1,18.7,20
MRK_1400,STU_10088,DS201,2,Final_Exam,21.7,30
MRK_1401,STU_10088,MA102,1,Quiz_1,12.4,20
MRK_1402,STU_10088,MA102,1,Midterm_Exam,24.2,30
MRK_1403,STU_10088,MA102,1,Assignment_1,19.9,20
MRK_1404,STU_10088,MA102,1,Final_Exam,14.3,30
MRK_1405,STU_10088,SE301,4,Quiz_1,18.1,20
MRK_1406,STU_10088,SE301,4,Midterm_Exam,26.3,30
MRK_1407,STU_10088,SE301,4,Assignment_1,15.8,20
MRK_1408,STU_10088,SE301,4,Final_Exam,21.7,30
MRK_1409,STU_10089,CS101,1,Quiz_1,12.6,20
MRK_1410,STU_10089,CS101,1,Midterm_Exam,6.8,30
MRK_1411,STU_10089,CS101,1,Assignment_1,10.5,20
MRK_1412,STU_10089,CS101,1,Final_Exam,11.8,30
MRK_1413,STU_10089,DS201,2,Quiz_1,1.7,20
MRK_1414,STU_10089,DS201,2,Midterm_Exam,12.4,30
MRK_1415,STU_10089,DS201,2,Assignment_1,9.8,20
MRK_1416,STU_10089,DS201,2,Final_Exam,9.4,30
MRK_1417,STU_10089,MA102,2,Quiz_1,4.8,20
MRK_1418,STU_10089,MA102,2,Midterm_Exam,19.1,30
MRK_1419,STU_10089,MA102,2,Assignment_1,10.5,20
MRK_1420,STU_10089,MA102,2,Final_Exam,16.9,30
MRK_1421,STU_10089,SE301,3,Quiz_1,13.9,20
MRK_1422,STU_10089,SE301,3,Midterm_Exam,12.7,30
MRK_1423,STU_10089,SE301,3,Assignment_1,6.6,20
MRK_1424,STU_10089,SE301,3,Final_Exam,8.4,30
MRK_1425,STU_10090,CS101,4,Quiz_1,20.0,20
MRK_1426,STU_10090,CS101,4,Midterm_Exam,23.2,30
MRK_1427,STU_10090,CS101,4,Assignment_1,16.9,20
MRK_1428,STU_10090,CS101,4,Final_Exam,27.7,30
MRK_1429,STU_10090,DS201,2,Quiz_1,12.8,20
MRK_1430,STU_10090,DS201,2,Midterm_Exam,30.0,30
MRK_1431,STU_10090,DS201,2,Assignment_1,17.8,20
MRK_1432,STU_10090,DS201,2,Final_Exam,24.5,30
MRK_1433,STU_10090,MA102,2,Quiz_1,17.2,20
MRK_1434,STU_10090,MA102,2,Midterm_Exam,19.1,30
MRK_1435,STU_10090,MA102,2,Assignment_1,19.0,20
MRK_1436,STU_10090,MA102,2,Final_Exam,27.7,30
MRK_1437,STU_10090,SE301,2,Quiz_1,20.0,20
MRK_1438,STU_10090,SE301,2,Midterm_Exam,17.2,30
MRK_1439,STU_10090,SE301,2,Assignment_1,16.1,20
MRK_1440,STU_10090,SE301,2,Final_Exam,29.7,30
MRK_1441,STU_10091,CS101,2,Quiz_1,20.0,20
MRK_1442,STU_10091,CS101,2,Midterm_Exam,20.5,30
MRK_1443,STU_10091,CS101,2,Assignment_1,19.5,20
MRK_1444,STU_10091,CS101,2,Final_Exam,20.9,30
MRK_1445,STU_10091,DS201,2,Quiz_1,10.4,20
MRK_1446,STU_10091,DS201,2,Midterm_Exam,24.8,30
MRK_1447,STU_10091,DS201,2,Assignment_1,12.6,20
MRK_1448,STU_10091,DS201,2,Final_Exam,18.8,30
MRK_1449,STU_10091,MA102,2,Quiz_1,10.2,20
MRK_1450,STU_10091,MA102,2,Midterm_Exam,16.0,30
MRK_1451,STU_10091,MA102,2,Assignment_1,18.6,20
MRK_1452,STU_10091,MA102,2,Final_Exam,28.7,30
MRK_1453,STU_10091,SE301,1,Quiz_1,19.7,20
MRK_1454,STU_10091,SE301,1,Midterm_Exam,14.8,30
MRK_1455,STU_10091,SE301,1,Assignment_1,16.8,20
MRK_1456,STU_10091,SE301,1,Final_Exam,19.4,30
MRK_1457,STU_10092,CS101,3,Quiz_1,19.1,20
MRK_1458,STU_10092,CS101,3,Midterm_Exam,12.9,30
MRK_1459,STU_10092,CS101,3,Assignment_1,18.8,20
MRK_1460,STU_10092,CS101,3,Final_Exam,30.0,30
MRK_1461,STU_10092,DS201,1,Quiz_1,15.3,20
MRK_1462,STU_10092,DS201,1,Midterm_Exam,28.4,30
MRK_1463,STU_10092,DS201,1,Assignment_1,16.8,20
MRK_1464,STU_10092,DS201,1,Final_Exam,27.4,30
MRK_1465,STU_10092,MA102,2,Quiz_1,14.2,20
MRK_1466,STU_10092,MA102,2,Midterm_Exam,17.3,30
MRK_1467,STU_10092,MA102,2,Assignment_1,16.4,20
MRK_1468,STU_10092,MA102,2,Final_Exam,28.4,30
MRK_1469,STU_10092,SE301,4,Quiz_1,18.3,20
MRK_1470,STU_10092,SE301,4,Midterm_Exam,21.7,30
MRK_1471,STU_10092,SE301,4,Assignment_1,20.0,20
MRK_1472,STU_10092,SE301,4,Final_Exam,23.9,30
MRK_1473,STU_10093,CS101,1,Quiz_1,8.5,20
MRK_1474,STU_10093,CS101,1,Midterm_Exam,13.0,30
MRK_1475,STU_10093,CS101,1,Assignment_1,10.0,20
MRK_1476,STU_10093,CS101,1,Final_Exam,10.8,30
MRK_1477,STU_10093,DS201,1,Quiz_1,9.8,20
MRK_1478,STU_10093,DS201,1,Midterm_Exam,1.7,30
MRK_1479,STU_10093,DS201,1,Assignment_1,9.2,20
MRK_1480,STU_10093,DS201,1,Final_Exam,13.1,30
MRK_1481,STU_10093,MA102,1,Quiz_1,7.6,20
MRK_1482,STU_10093,MA102,1,Midterm_Exam,11.3,30
MRK_1483,STU_10093,MA102,1,Assignment_1,4.5,20
MRK_1484,STU_10093,MA102,1,Final_Exam,22.2,30
MRK_1485,STU_10093,SE301,4,Quiz_1,3.8,20
MRK_1486,STU_10093,SE301,4,Midterm_Exam,10.5,30
MRK_1487,STU_10093,SE301,4,Assignment_1,11.8,20
MRK_1488,STU_10093,SE301,4,Final_Exam,13.3,30
MRK_1489,STU_10094,CS101,2,Quiz_1,15.9,20
MRK_1490,STU_10094,CS101,2,Midterm_Exam,29.1,30
MRK_1491,STU_10094,CS101,2,Assignment_1,16.8,20
MRK_1492,STU_10094,CS101,2,Final_Exam,20.9,30
MRK_1493,STU_10094,DS201,1,Quiz_1,14.3,20
MRK_1494,STU_10094,DS201,1,Midterm_Exam,28.4,30
MRK_1495,STU_10094,DS201,1,Assignment_1,16.7,20
MRK_1496,STU_10094,DS201,1,Final_Exam,30.0,30
MRK_1497,STU_10094,MA102,4,Quiz_1,20.0,20
MRK_1498,STU_10094,MA102,4,Midterm_Exam,21.8,30
MRK_1499,STU_10094,MA102,4,Assignment_1,20.0,20
MRK_1500,STU_10094,MA102,4,Final_Exam,25.8,30
MRK_1501,STU_10094,SE301,2,Quiz_1,11.4,20
MRK_1502,STU_10094,SE301,2,Midterm_Exam,21.5,30
MRK_1503,STU_10094,SE301,2,Assignment_1,15.7,20
MRK_1504,STU_10094,SE301,2,Final_Exam,24.5,30
MRK_1505,STU_10095,CS101,4,Quiz_1,20.0,20
MRK_1506,STU_10095,CS101,4,Midterm_Exam,30.0,30
MRK_1507,STU_10095,CS101,4,Assignment_1,14.7,20
MRK_1508,STU_10095,CS101,4,Final_Exam,19.6,30
MRK_1509,STU_10095,DS201,3,Quiz_1,14.0,20
MRK_1510,STU_10095,DS201,3,Midterm_Exam,17.2,30
MRK_1511,STU_10095,DS201,3,Assignment_1,17.5,20
MRK_1512,STU_10095,DS201,3,Final_Exam,19.3,30
MRK_1513,STU_10095,MA102,2,Quiz_1,17.7,20
MRK_1514,STU_10095,MA102,2,Midterm_Exam,22.4,30
MRK_1515,STU_10095,MA102,2,Assignment_1,15.0,20
MRK_1516,STU_10095,MA102,2,Final_Exam,28.2,30
MRK_1517,STU_10095,SE301,3,Quiz_1,18.1,20
MRK_1518,STU_10095,SE301,3,Midterm_Exam,28.0,30
MRK_1519,STU_10095,SE301,3,Assignment_1,19.2,20
MRK_1520,STU_10095,SE301,3,Final_Exam,16.5,30
MRK_1521,STU_10096,CS101,2,Quiz_1,16.4,20
MRK_1522,STU_10096,CS101,2,Midterm_Exam,15.5,30
MRK_1523,STU_10096,CS101,2,Assignment_1,20.0,20
MRK_1524,STU_10096,CS101,2,Final_Exam,19.9,30
MRK_1525,STU_10096,DS201,4,Quiz_1,17.2,20
MRK_1526,STU_10096,DS201,4,Midterm_Exam,27.7,30
MRK_1527,STU_10096,DS201,4,Assignment_1,18.3,20
MRK_1528,STU_10096,DS201,4,Final_Exam,22.5,30
MRK_1529,STU_10096,MA102,2,Quiz_1,16.6,20
MRK_1530,STU_10096,MA102,2,Midterm_Exam,14.0,30
MRK_1531,STU_10096,MA102,2,Assignment_1,14.4,20
MRK_1532,STU_10096,MA102,2,Final_Exam,25.5,30
MRK_1533,STU_10096,SE301,3,Quiz_1,16.6,20
MRK_1534,STU_10096,SE301,3,Midterm_Exam,30.0,30
MRK_1535,STU_10096,SE301,3,Assignment_1,12.4,20
MRK_1536,STU_10096,SE301,3,Final_Exam,26.1,30
MRK_1537,STU_10097,CS101,1,Quiz_1,10.0,20
MRK_1538,STU_10097,CS101,1,Midterm_Exam,16.7,30
MRK_1539,STU_10097,CS101,1,Assignment_1,5.0,20
MRK_1540,STU_10097,CS101,1,Final_Exam,8.9,30
MRK_1541,STU_10097,DS201,3,Quiz_1,1.9,20
MRK_1542,STU_10097,DS201,3,Midterm_Exam,22.2,30
MRK_1543,STU_10097,DS201,3,Assignment_1,11.4,20
MRK_1544,STU_10097,DS201,3,Final_Exam,17.9,30
MRK_1545,STU_10097,MA102,2,Quiz_1,11.5,20
MRK_1546,STU_10097,MA102,2,Midterm_Exam,16.9,30
MRK_1547,STU_10097,MA102,2,Assignment_1,4.7,20
MRK_1548,STU_10097,MA102,2,Final_Exam,10.8,30
MRK_1549,STU_10097,SE301,1,Quiz_1,10.7,20
MRK_1550,STU_10097,SE301,1,Midterm_Exam,2.9,30
MRK_1551,STU_10097,SE301,1,Assignment_1,9.5,20
MRK_1552,STU_10097,SE301,1,Final_Exam,7.3,30
MRK_1553,STU_10098,CS101,2,Quiz_1,11.4,20
MRK_1554,STU_10098,CS101,2,Midterm_Exam,25.1,30
MRK_1555,STU_10098,CS101,2,Assignment_1,17.4,20
MRK_1556,STU_10098,CS101,2,Final_Exam,21.1,30
MRK_1557,STU_10098,DS201,1,Quiz_1,13.3,20
MRK_1558,STU_10098,DS201,1,Midterm_Exam,21.6,30
MRK_1559,STU_10098,DS201,1,Assignment_1,15.2,20
MRK_1560,STU_10098,DS201,1,Final_Exam,30.0,30
MRK_1561,STU_10098,MA102,1,Quiz_1,14.7,20
MRK_1562,STU_10098,MA102,1,Midterm_Exam,12.9,30
MRK_1563,STU_10098,MA102,1,Assignment_1,20.0,20
MRK_1564,STU_10098,MA102,1,Final_Exam,30.0,30
MRK_1565,STU_10098,SE301,4,Quiz_1,16.9,20
MRK_1566,STU_10098,SE301,4,Midterm_Exam,25.9,30
MRK_1567,STU_10098,SE301,4,Assignment_1,16.3,20
MRK_1568,STU_10098,SE301,4,Final_Exam,30.0,30
MRK_1569,STU_10099,CS101,2,Quiz_1,16.6,20
MRK_1570,STU_10099,CS101,2,Midterm_Exam,28.6,30
MRK_1571,STU_10099,CS101,2,Assignment_1,18.8,20
MRK_1572,STU_10099,CS101,2,Final_Exam,30.0,30
MRK_1573,STU_10099,DS201,4,Quiz_1,20.0,20
MRK_1574,STU_10099,DS201,4,Midterm_Exam,28.3,30
MRK_1575,STU_10099,DS201,4,Assignment_1,15.8,20
MRK_1576,STU_10099,DS201,4,Final_Exam,29.2,30
MRK_1577,STU_10099,MA102,4,Quiz_1,18.0,20
MRK_1578,STU_10099,MA102,4,Midterm_Exam,30.0,30
MRK_1579,STU_10099,MA102,4,Assignment_1,18.7,20
MRK_1580,STU_10099,MA102,4,Final_Exam,27.7,30
MRK_1581,STU_10099,SE301,3,Quiz_1,11.7,20
MRK_1582,STU_10099,SE301,3,Midterm_Exam,25.5,30
MRK_1583,STU_10099,SE301,3,Assignment_1,19.9,20
MRK_1584,STU_10099,SE301,3,Final_Exam,29.1,30
MRK_1585,STU_10100,CS101,4,Quiz_1,20.0,20
MRK_1586,STU_10100,CS101,4,Midterm_Exam,20.1,30
MRK_1587,STU_10100,CS101,4,Assignment_1,19.7,20
MRK_1588,STU_10100,CS101,4,Final_Exam,30.0,30
MRK_1589,STU_10100,DS201,2,Quiz_1,12.9,20
MRK_1590,STU_10100,DS201,2,Midterm_Exam,19.7,30
MRK_1591,STU_10100,DS201,2,Assignment_1,14.6,20
MRK_1592,STU_10100,DS201,2,Final_Exam,29.7,30
MRK_1593,STU_10100,MA102,3,Quiz_1,14.3,20
MRK_1594,STU_10100,MA102,3,Midterm_Exam,15.8,30
MRK_1595,STU_10100,MA102,3,Assignment_1,17.0,20
MRK_1596,STU_10100,MA102,3,Final_Exam,25.0,30
MRK_1597,STU_10100,SE301,2,Quiz_1,16.5,20
MRK_1598,STU_10100,SE301,2,Midterm_Exam,17.5,30
MRK_1599,STU_10100,SE301,2,Assignment_1,15.7,20
MRK_1600,STU_10100,SE301,2,Final_Exam,30.0,30
MRK_1601,STU_10101,CS101,3,Quiz_1,1.3,20
MRK_1602,STU_10101,CS101,3,Midterm_Exam,18.2,30
MRK_1603,STU_10101,CS101,3,Assignment_1,4.6,20
MRK_1604,STU_10101,CS101,3,Final_Exam,6.9,30
MRK_1605,STU_10101,DS201,2,Quiz_1,8.8,20
MRK_1606,STU_10101,DS201,2,Midterm_Exam,12.0,30
MRK_1607,STU_10101,DS201,2,Assignment_1,7.2,20
MRK_1608,STU_10101,DS201,2,Final_Exam,12.4,30
MRK_1609,STU_10101,MA102,2,Quiz_1,2.0,20
MRK_1610,STU_10101,MA102,2,Midterm_Exam,13.4,30
MRK_1611,STU_10101,MA102,2,Assignment_1,9.3,20
MRK_1612,STU_10101,MA102,2,Final_Exam,15.1,30
MRK_1613,STU_10101,SE301,2,Quiz_1,1.2,20
MRK_1614,STU_10101,SE301,2,Midterm_Exam,22.4,30
MRK_1615,STU_10101,SE301,2,Assignment_1,7.1,20
MRK_1616,STU_10101,SE301,2,Final_Exam,11.1,30
MRK_1617,STU_10102,CS101,3,Quiz_1,15.0,20
MRK_1618,STU_10102,CS101,3,Midterm_Exam,25.2,30
MRK_1619,STU_10102,CS101,3,Assignment_1,20.0,20
MRK_1620,STU_10102,CS101,3,Final_Exam,28.7,30
MRK_1621,STU_10102,DS201,3,Quiz_1,8.9,20
MRK_1622,STU_10102,DS201,3,Midterm_Exam,21.9,30
MRK_1623,STU_10102,DS201,3,Assignment_1,16.8,20
MRK_1624,STU_10102,DS201,3,Final_Exam,30.0,30
MRK_1625,STU_10102,MA102,4,Quiz_1,16.6,20
MRK_1626,STU_10102,MA102,4,Midterm_Exam,28.3,30
MRK_1627,STU_10102,MA102,4,Assignment_1,19.9,20
MRK_1628,STU_10102,MA102,4,Final_Exam,26.6,30
MRK_1629,STU_10102,SE301,3,Quiz_1,20.0,20
MRK_1630,STU_10102,SE301,3,Midterm_Exam,21.5,30
MRK_1631,STU_10102,SE301,3,Assignment_1,12.5,20
MRK_1632,STU_10102,SE301,3,Final_Exam,26.1,30
MRK_1633,STU_10103,CS101,2,Quiz_1,12.3,20
MRK_1634,STU_10103,CS101,2,Midterm_Exam,28.2,30
MRK_1635,STU_10103,CS101,2,Assignment_1,16.2,20
MRK_1636,STU_10103,CS101,2,Final_Exam,27.5,30
MRK_1637,STU_10103,DS201,4,Quiz_1,19.0,20
MRK_1638,STU_10103,DS201,4,Midterm_Exam,24.5,30
MRK_1639,STU_10103,DS201,4,Assignment_1,20.0,20
MRK_1640,STU_10103,DS201,4,Final_Exam,28.2,30
MRK_1641,STU_10103,MA102,4,Quiz_1,18.3,20
MRK_1642,STU_10103,MA102,4,Midterm_Exam,14.2,30
MRK_1643,STU_10103,MA102,4,Assignment_1,13.2,20
MRK_1644,STU_10103,MA102,4,Final_Exam,19.3,30
MRK_1645,STU_10103,SE301,2,Quiz_1,15.0,20
MRK_1646,STU_10103,SE301,2,Midterm_Exam,30.0,30
MRK_1647,STU_10103,SE301,2,Assignment_1,15.3,20
MRK_1648,STU_10103,SE301,2,Final_Exam,17.9,30
MRK_1649,STU_10104,CS101,3,Quiz_1,9.0,20
MRK_1650,STU_10104,CS101,3,Midterm_Exam,25.6,30
MRK_1651,STU_10104,CS101,3,Assignment_1,19.6,20
MRK_1652,STU_10104,CS101,3,Final_Exam,23.2,30
MRK_1653,STU_10104,DS201,3,Quiz_1,17.6,20
MRK_1654,STU_10104,DS201,3,Midterm_Exam,21.4,30
MRK_1655,STU_10104,DS201,3,Assignment_1,19.1,20
MRK_1656,STU_10104,DS201,3,Final_Exam,27.7,30
MRK_1657,STU_10104,MA102,2,Quiz_1,14.8,20
MRK_1658,STU_10104,MA102,2,Midterm_Exam,18.0,30
MRK_1659,STU_10104,MA102,2,Assignment_1,18.6,20
MRK_1660,STU_10104,MA102,2,Final_Exam,20.2,30
MRK_1661,STU_10104,SE301,1,Quiz_1,20.0,20
MRK_1662,STU_10104,SE301,1,Midterm_Exam,21.9,30
MRK_1663,STU_10104,SE301,1,Assignment_1,20.0,20
MRK_1664,STU_10104,SE301,1,Final_Exam,15.7,30
MRK_1665,STU_10105,CS101,4,Quiz_1,7.9,20
MRK_1666,STU_10105,CS101,4,Midterm_Exam,9.9,30
MRK_1667,STU_10105,CS101,4,Assignment_1,9.3,20
MRK_1668,STU_10105,CS101,4,Final_Exam,12.8,30
MRK_1669,STU_10105,DS201,1,Quiz_1,4.3,20
MRK_1670,STU_10105,DS201,1,Midterm_Exam,15.4,30
MRK_1671,STU_10105,DS201,1,Assignment_1,9.6,20
MRK_1672,STU_10105,DS201,1,Final_Exam,13.6,30
MRK_1673,STU_10105,MA102,4,Quiz_1,2.8,20
MRK_1674,STU_10105,MA102,4,Midterm_Exam,1.3,30
MRK_1675,STU_10105,MA102,4,Assignment_1,13.0,20
MRK_1676,STU_10105,MA102,4,Final_Exam,10.5,30
MRK_1677,STU_10105,SE301,1,Quiz_1,6.6,20
MRK_1678,STU_10105,SE301,1,Midterm_Exam,18.6,30
MRK_1679,STU_10105,SE301,1,Assignment_1,8.9,20
MRK_1680,STU_10105,SE301,1,Final_Exam,9.9,30
MRK_1681,STU_10106,CS101,3,Quiz_1,11.4,20
MRK_1682,STU_10106,CS101,3,Midterm_Exam,30.0,30
MRK_1683,STU_10106,CS101,3,Assignment_1,20.0,20
MRK_1684,STU_10106,CS101,3,Final_Exam,24.1,30
MRK_1685,STU_10106,DS201,4,Quiz_1,7.8,20
MRK_1686,STU_10106,DS201,4,Midterm_Exam,16.3,30
MRK_1687,STU_10106,DS201,4,Assignment_1,13.2,20
MRK_1688,STU_10106,DS201,4,Final_Exam,20.5,30
MRK_1689,STU_10106,MA102,2,Quiz_1,13.8,20
MRK_1690,STU_10106,MA102,2,Midterm_Exam,24.8,30
MRK_1691,STU_10106,MA102,2,Assignment_1,17.9,20
MRK_1692,STU_10106,MA102,2,Final_Exam,21.5,30
MRK_1693,STU_10106,SE301,4,Quiz_1,15.3,20
MRK_1694,STU_10106,SE301,4,Midterm_Exam,22.4,30
MRK_1695,STU_10106,SE301,4,Assignment_1,16.3,20
MRK_1696,STU_10106,SE301,4,Final_Exam,25.8,30
MRK_1697,STU_10107,CS101,4,Quiz_1,7.8,20
MRK_1698,STU_10107,CS101,4,Midterm_Exam,16.2,30
MRK_1699,STU_10107,CS101,4,Assignment_1,19.2,20
MRK_1700,STU_10107,CS101,4,Final_Exam,30.0,30
MRK_1701,STU_10107,DS201,1,Quiz_1,11.4,20
MRK_1702,STU_10107,DS201,1,Midterm_Exam,25.1,30
MRK_1703,STU_10107,DS201,1,Assignment_1,18.2,20
MRK_1704,STU_10107,DS201,1,Final_Exam,30.0,30
MRK_1705,STU_10107,MA102,4,Quiz_1,16.5,20
MRK_1706,STU_10107,MA102,4,Midterm_Exam,27.8,30
MRK_1707,STU_10107,MA102,4,Assignment_1,20.0,20
MRK_1708,STU_10107,MA102,4,Final_Exam,30.0,30
MRK_1709,STU_10107,SE301,1,Quiz_1,15.9,20
MRK_1710,STU_10107,SE301,1,Midterm_Exam,20.7,30
MRK_1711,STU_10107,SE301,1,Assignment_1,13.3,20
MRK_1712,STU_10107,SE301,1,Final_Exam,17.2,30
MRK_1713,STU_10108,CS101,4,Quiz_1,12.7,20
MRK_1714,STU_10108,CS101,4,Midterm_Exam,26.0,30
MRK_1715,STU_10108,CS101,4,Assignment_1,13.8,20
MRK_1716,STU_10108,CS101,4,Final_Exam,14.9,30
MRK_1717,STU_10108,DS201,3,Quiz_1,20.0,20
MRK_1718,STU_10108,DS201,3,Midterm_Exam,15.1,30
MRK_1719,STU_10108,DS201,3,Assignment_1,14.8,20
MRK_1720,STU_10108,DS201,3,Final_Exam,20.8,30
MRK_1721,STU_10108,MA102,3,Quiz_1,13.3,20
MRK_1722,STU_10108,MA102,3,Midterm_Exam,30.0,30
MRK_1723,STU_10108,MA102,3,Assignment_1,11.6,20
MRK_1724,STU_10108,MA102,3,Final_Exam,23.7,30
MRK_1725,STU_10108,SE301,1,Quiz_1,19.2,20
MRK_1726,STU_10108,SE301,1,Midterm_Exam,25.1,30
MRK_1727,STU_10108,SE301,1,Assignment_1,15.3,20
MRK_1728,STU_10108,SE301,1,Final_Exam,22.4,30
MRK_1729,STU_10109,CS101,2,Quiz_1,1.3,20
MRK_1730,STU_10109,CS101,2,Midterm_Exam,6.0,30
MRK_1731,STU_10109,CS101,2,Assignment_1,1.2,20
MRK_1732,STU_10109,CS101,2,Final_Exam,20.6,30
MRK_1733,STU_10109,DS201,1,Quiz_1,4.9,20
MRK_1734,STU_10109,DS201,1,Midterm_Exam,16.0,30
MRK_1735,STU_10109,DS201,1,Assignment_1,11.8,20
MRK_1736,STU_10109,DS201,1,Final_Exam,17.7,30
MRK_1737,STU_10109,MA102,1,Quiz_1,3.0,20
MRK_1738,STU_10109,MA102,1,Midterm_Exam,9.8,30
MRK_1739,STU_10109,MA102,1,Assignment_1,11.8,20
MRK_1740,STU_10109,MA102,1,Final_Exam,6.5,30
MRK_1741,STU_10109,SE301,4,Quiz_1,8.8,20
MRK_1742,STU_10109,SE301,4,Midterm_Exam,22.8,30
MRK_1743,STU_10109,SE301,4,Assignment_1,4.6,20
MRK_1744,STU_10109,SE301,4,Final_Exam,14.7,30
MRK_1745,STU_10110,CS101,4,Quiz_1,17.4,20
MRK_1746,STU_10110,CS101,4,Midterm_Exam,20.2,30
MRK_1747,STU_10110,CS101,4,Assignment_1,15.5,20
MRK_1748,STU_10110,CS101,4,Final_Exam,27.6,30
MRK_1749,STU_10110,DS201,3,Quiz_1,18.0,20
MRK_1750,STU_10110,DS201,3,Midterm_Exam,27.2,30
MRK_1751,STU_10110,DS201,3,Assignment_1,20.0,20
MRK_1752,STU_10110,DS201,3,Final_Exam,25.6,30
MRK_1753,STU_10110,MA102,4,Quiz_1,15.6,20
MRK_1754,STU_10110,MA102,4,Midterm_Exam,24.7,30
MRK_1755,STU_10110,MA102,4,Assignment_1,20.0,20
MRK_1756,STU_10110,MA102,4,Final_Exam,25.4,30
MRK_1757,STU_10110,SE301,1,Quiz_1,13.5,20
MRK_1758,STU_10110,SE301,1,Midterm_Exam,9.6,30
MRK_1759,STU_10110,SE301,1,Assignment_1,17.4,20
MRK_1760,STU_10110,SE301,1,Final_Exam,30.0,30
MRK_1761,STU_10111,CS101,1,Quiz_1,19.6,20
MRK_1762,STU_10111,CS101,1,Midterm_Exam,27.8,30
MRK_1763,STU_10111,CS101,1,Assignment_1,20.0,20
MRK_1764,STU_10111,CS101,1,Final_Exam,20.5,30
MRK_1765,STU_10111,DS201,2,Quiz_1,20.0,20
MRK_1766,STU_10111,DS201,2,Midterm_Exam,24.5,30
MRK_1767,STU_10111,DS201,2,Assignment_1,14.5,20
MRK_1768,STU_10111,DS201,2,Final_Exam,19.7,30
MRK_1769,STU_10111,MA102,4,Quiz_1,10.3,20
MRK_1770,STU_10111,MA102,4,Midterm_Exam,24.9,30
MRK_1771,STU_10111,MA102,4,Assignment_1,13.9,20
MRK_1772,STU_10111,MA102,4,Final_Exam,22.1,30
MRK_1773,STU_10111,SE301,4,Quiz_1,19.4,20
MRK_1774,STU_10111,SE301,4,Midterm_Exam,29.1,30
MRK_1775,STU_10111,SE301,4,Assignment_1,13.7,20
MRK_1776,STU_10111,SE301,4,Final_Exam,30.0,30
MRK_1777,STU_10112,CS101,4,Quiz_1,15.0,20
MRK_1778,STU_10112,CS101,4,Midterm_Exam,24.8,30
MRK_1779,STU_10112,CS101,4,Assignment_1,19.0,20
MRK_1780,STU_10112,CS101,4,Final_Exam,30.0,30
MRK_1781,STU_10112,DS201,2,Quiz_1,20.0,20
MRK_1782,STU_10112,DS201,2,Midterm_Exam,19.1,30
MRK_1783,STU_10112,DS201,2,Assignment_1,20.0,20
MRK_1784,STU_10112,DS201,2,Final_Exam,30.0,30
MRK_1785,STU_10112,MA102,2,Quiz_1,14.6,20
MRK_1786,STU_10112,MA102,2,Midterm_Exam,19.5,30
MRK_1787,STU_10112,MA102,2,Assignment_1,16.0,20
MRK_1788,STU_10112,MA102,2,Final_Exam,26.4,30
MRK_1789,STU_10112,SE301,4,Quiz_1,13.9,20
MRK_1790,STU_10112,SE301,4,Midterm_Exam,30.0,30
MRK_1791,STU_10112,SE301,4,Assignment_1,18.8,20
MRK_1792,STU_10112,SE301,4,Final_Exam,19.3,30
MRK_1793,STU_10113,CS101,4,Quiz_1,5.9,20
MRK_1794,STU_10113,CS101,4,Midterm_Exam,14.1,30
MRK_1795,STU_10113,CS101,4,Assignment_1,2.4,20
MRK_1796,STU_10113,CS101,4,Final_Exam,18.7,30
MRK_1797,STU_10113,DS201,1,Quiz_1,7.2,20
MRK_1798,STU_10113,DS201,1,Midterm_Exam,16.0,30
MRK_1799,STU_10113,DS201,1,Assignment_1,9.8,20
MRK_1800,STU_10113,DS201,1,Final_Exam,7.9,30
MRK_1801,STU_10113,MA102,2,Quiz_1,11.4,20
MRK_1802,STU_10113,MA102,2,Midterm_Exam,27.0,30
MRK_1803,STU_10113,MA102,2,Assignment_1,8.7,20
MRK_1804,STU_10113,MA102,2,Final_Exam,7.1,30
MRK_1805,STU_10113,SE301,1,Quiz_1,9.5,20
MRK_1806,STU_10113,SE301,1,Midterm_Exam,17.6,30
MRK_1807,STU_10113,SE301,1,Assignment_1,6.3,20
MRK_1808,STU_10113,SE301,1,Final_Exam,7.8,30
MRK_1809,STU_10114,CS101,3,Quiz_1,12.6,20
MRK_1810,STU_10114,CS101,3,Midterm_Exam,21.4,30
MRK_1811,STU_10114,CS101,3,Assignment_1,11.2,20
MRK_1812,STU_10114,CS101,3,Final_Exam,28.5,30
MRK_1813,STU_10114,DS201,2,Quiz_1,8.8,20
MRK_1814,STU_10114,DS201,2,Midterm_Exam,27.9,30
MRK_1815,STU_10114,DS201,2,Assignment_1,10.2,20
MRK_1816,STU_10114,DS201,2,Final_Exam,19.8,30
MRK_1817,STU_10114,MA102,1,Quiz_1,13.4,20
MRK_1818,STU_10114,MA102,1,Midterm_Exam,15.8,30
MRK_1819,STU_10114,MA102,1,Assignment_1,17.5,20
MRK_1820,STU_10114,MA102,1,Final_Exam,24.2,30
MRK_1821,STU_10114,SE301,3,Quiz_1,15.3,20
MRK_1822,STU_10114,SE301,3,Midterm_Exam,27.3,30
MRK_1823,STU_10114,SE301,3,Assignment_1,17.0,20
MRK_1824,STU_10114,SE301,3,Final_Exam,22.3,30
MRK_1825,STU_10115,CS101,3,Quiz_1,18.3,20
MRK_1826,STU_10115,CS101,3,Midterm_Exam,19.1,30
MRK_1827,STU_10115,CS101,3,Assignment_1,16.2,20
MRK_1828,STU_10115,CS101,3,Final_Exam,27.4,30
MRK_1829,STU_10115,DS201,4,Quiz_1,10.8,20
MRK_1830,STU_10115,DS201,4,Midterm_Exam,26.0,30
MRK_1831,STU_10115,DS201,4,Assignment_1,17.0,20
MRK_1832,STU_10115,DS201,4,Final_Exam,30.0,30
MRK_1833,STU_10115,MA102,1,Quiz_1,14.8,20
MRK_1834,STU_10115,MA102,1,Midterm_Exam,18.1,30
MRK_1835,STU_10115,MA102,1,Assignment_1,19.1,20
MRK_1836,STU_10115,MA102,1,Final_Exam,26.0,30
MRK_1837,STU_10115,SE301,1,Quiz_1,15.8,20
MRK_1838,STU_10115,SE301,1,Midterm_Exam,22.2,30
MRK_1839,STU_10115,SE301,1,Assignment_1,20.0,20
MRK_1840,STU_10115,SE301,1,Final_Exam,19.9,30
MRK_1841,STU_10116,CS101,4,Quiz_1,12.1,20
MRK_1842,STU_10116,CS101,4,Midterm_Exam,25.1,30
MRK_1843,STU_10116,CS101,4,Assignment_1,16.5,20
MRK_1844,STU_10116,CS101,4,Final_Exam,23.6,30
MRK_1845,STU_10116,DS201,2,Quiz_1,20.0,20
MRK_1846,STU_10116,DS201,2,Midterm_Exam,24.7,30
MRK_1847,STU_10116,DS201,2,Assignment_1,17.0,20
MRK_1848,STU_10116,DS201,2,Final_Exam,30.0,30
MRK_1849,STU_10116,MA102,3,Quiz_1,16.4,20
MRK_1850,STU_10116,MA102,3,Midterm_Exam,19.8,30
MRK_1851,STU_10116,MA102,3,Assignment_1,18.1,20
MRK_1852,STU_10116,MA102,3,Final_Exam,28.3,30
MRK_1853,STU_10116,SE301,3,Quiz_1,16.4,20
MRK_1854,STU_10116,SE301,3,Midterm_Exam,25.3,30
MRK_1855,STU_10116,SE301,3,Assignment_1,16.3,20
MRK_1856,STU_10116,SE301,3,Final_Exam,27.8,30
MRK_1857,STU_10117,CS101,3,Quiz_1,13.7,20
MRK_1858,STU_10117,CS101,3,Midterm_Exam,10.5,30
MRK_1859,STU_10117,CS101,3,Assignment_1,5.5,20
MRK_1860,STU_10117,CS101,3,Final_Exam,15.1,30
MRK_1861,STU_10117,DS201,1,Quiz_1,13.0,20
MRK_1862,STU_10117,DS201,1,Midterm_Exam,21.9,30
MRK_1863,STU_10117,DS201,1,Assignment_1,11.8,20
MRK_1864,STU_10117,DS201,1,Final_Exam,11.7,30
MRK_1865,STU_10117,MA102,1,Quiz_1,6.3,20
MRK_1866,STU_10117,MA102,1,Midterm_Exam,10.7,30
MRK_1867,STU_10117,MA102,1,Assignment_1,11.9,20
MRK_1868,STU_10117,MA102,1,Final_Exam,6.7,30
MRK_1869,STU_10117,SE301,4,Quiz_1,6.2,20
MRK_1870,STU_10117,SE301,4,Midterm_Exam,16.8,30
MRK_1871,STU_10117,SE301,4,Assignment_1,7.8,20
MRK_1872,STU_10117,SE301,4,Final_Exam,14.8,30
MRK_1873,STU_10118,CS101,4,Quiz_1,16.6,20
MRK_1874,STU_10118,CS101,4,Midterm_Exam,18.8,30
MRK_1875,STU_10118,CS101,4,Assignment_1,16.2,20
MRK_1876,STU_10118,CS101,4,Final_Exam,18.7,30
MRK_1877,STU_10118,DS201,4,Quiz_1,14.2,20
MRK_1878,STU_10118,DS201,4,Midterm_Exam,30.0,30
MRK_1879,STU_10118,DS201,4,Assignment_1,14.5,20
MRK_1880,STU_10118,DS201,4,Final_Exam,30.0,30
MRK_1881,STU_10118,MA102,2,Quiz_1,12.0,20
MRK_1882,STU_10118,MA102,2,Midterm_Exam,27.9,30
MRK_1883,STU_10118,MA102,2,Assignment_1,14.4,20
MRK_1884,STU_10118,MA102,2,Final_Exam,21.2,30
MRK_1885,STU_10118,SE301,4,Quiz_1,20.0,20
MRK_1886,STU_10118,SE301,4,Midterm_Exam,30.0,30
MRK_1887,STU_10118,SE301,4,Assignment_1,16.0,20
MRK_1888,STU_10118,SE301,4,Final_Exam,22.2,30
MRK_1889,STU_10119,CS101,1,Quiz_1,15.4,20
MRK_1890,STU_10119,CS101,1,Midterm_Exam,27.9,30
MRK_1891,STU_10119,CS101,1,Assignment_1,18.4,20
MRK_1892,STU_10119,CS101,1,Final_Exam,25.1,30
MRK_1893,STU_10119,DS201,2,Quiz_1,17.8,20
MRK_1894,STU_10119,DS201,2,Midterm_Exam,17.4,30
MRK_1895,STU_10119,DS201,2,Assignment_1,20.0,20
MRK_1896,STU_10119,DS201,2,Final_Exam,21.1,30
MRK_1897,STU_10119,MA102,3,Quiz_1,10.8,20
MRK_1898,STU_10119,MA102,3,Midterm_Exam,26.4,30
MRK_1899,STU_10119,MA102,3,Assignment_1,7.8,20
MRK_1900,STU_10119,MA102,3,Final_Exam,16.2,30
MRK_1901,STU_10119,SE301,4,Quiz_1,10.7,20
MRK_1902,STU_10119,SE301,4,Midterm_Exam,18.4,30
MRK_1903,STU_10119,SE301,4,Assignment_1,13.4,20
MRK_1904,STU_10119,SE301,4,Final_Exam,23.1,30
MRK_1905,STU_10120,CS101,2,Quiz_1,17.3,20
MRK_1906,STU_10120,CS101,2,Midterm_Exam,30.0,30
MRK_1907,STU_10120,CS101,2,Assignment_1,19.1,20
MRK_1908,STU_10120,CS101,2,Final_Exam,26.7,30
MRK_1909,STU_10120,DS201,1,Quiz_1,10.2,20
MRK_1910,STU_10120,DS201,1,Midterm_Exam,24.3,30
MRK_1911,STU_10120,DS201,1,Assignment_1,17.5,20
MRK_1912,STU_10120,DS201,1,Final_Exam,30.0,30
MRK_1913,STU_10120,MA102,4,Quiz_1,10.7,20
MRK_1914,STU_10120,MA102,4,Midterm_Exam,21.9,30
MRK_1915,STU_10120,MA102,4,Assignment_1,19.1,20
MRK_1916,STU_10120,MA102,4,Final_Exam,21.5,30
MRK_1917,STU_10120,SE301,4,Quiz_1,11.0,20
MRK_1918,STU_10120,SE301,4,Midterm_Exam,23.3,30
MRK_1919,STU_10120,SE301,4,Assignment_1,20.0,20
MRK_1920,STU_10120,SE301,4,Final_Exam,26.1,30
MRK_1921,STU_10121,CS101,2,Quiz_1,5.3,20
MRK_1922,STU_10121,CS101,2,Midterm_Exam,6.7,30
MRK_1923,STU_10121,CS101,2,Assignment_1,11.4,20
MRK_1924,STU_10121,CS101,2,Final_Exam,5.3,30
MRK_1925,STU_10121,DS201,1,Quiz_1,2.7,20
MRK_1926,STU_10121,DS201,1,Midterm_Exam,25.1,30
MRK_1927,STU_10121,DS201,1,Assignment_1,5.6,20
MRK_1928,STU_10121,DS201,1,Final_Exam,9.5,30
MRK_1929,STU_10121,MA102,1,Quiz_1,7.1,20
MRK_1930,STU_10121,MA102,1,Midterm_Exam,5.0,30
MRK_1931,STU_10121,MA102,1,Assignment_1,10.4,20
MRK_1932,STU_10121,MA102,1,Final_Exam,7.0,30
MRK_1933,STU_10121,SE301,3,Quiz_1,19.8,20
MRK_1934,STU_10121,SE301,3,Midterm_Exam,7.6,30
MRK_1935,STU_10121,SE301,3,Assignment_1,5.2,20
MRK_1936,STU_10121,SE301,3,Final_Exam,7.6,30
MRK_1937,STU_10122,CS101,1,Quiz_1,16.8,20
MRK_1938,STU_10122,CS101,1,Midterm_Exam,30.0,30
MRK_1939,STU_10122,CS101,1,Assignment_1,12.1,20
MRK_1940,STU_10122,CS101,1,Final_Exam,27.0,30
MRK_1941,STU_10122,DS201,4,Quiz_1,18.8,20
MRK_1942,STU_10122,DS201,4,Midterm_Exam,30.0,30
MRK_1943,STU_10122,DS201,4,Assignment_1,17.7,20
MRK_1944,STU_10122,DS201,4,Final_Exam,25.0,30
MRK_1945,STU_10122,MA102,1,Quiz_1,15.6,20
MRK_1946,STU_10122,MA102,1,Midterm_Exam,30.0,30
MRK_1947,STU_10122,MA102,1,Assignment_1,18.5,20
MRK_1948,STU_10122,MA102,1,Final_Exam,30.0,30
MRK_1949,STU_10122,SE301,4,Quiz_1,15.2,20
MRK_1950,STU_10122,SE301,4,Midterm_Exam,15.4,30
MRK_1951,STU_10122,SE301,4,Assignment_1,15.0,20
MRK_1952,STU_10122,SE301,4,Final_Exam,22.2,30
MRK_1953,STU_10123,CS101,3,Quiz_1,16.4,20
MRK_1954,STU_10123,CS101,3,Midterm_Exam,24.5,30
MRK_1955,STU_10123,CS101,3,Assignment_1,16.9,20
MRK_1956,STU_10123,CS101,3,Final_Exam,27.7,30
MRK_1957,STU_10123,DS201,2,Quiz_1,19.6,20
MRK_1958,STU_10123,DS201,2,Midterm_Exam,11.2,30
MRK_1959,STU_10123,DS201,2,Assignment_1,20.0,20
MRK_1960,STU_10123,DS201,2,Final_Exam,27.8,30
MRK_1961,STU_10123,MA102,4,Quiz_1,13.4,20
MRK_1962,STU_10123,MA102,4,Midterm_Exam,28.4,30
MRK_1963,STU_10123,MA102,4,Assignment_1,15.5,20
MRK_1964,STU_10123,MA102,4,Final_Exam,17.7,30
MRK_1965,STU_10123,SE301,2,Quiz_1,15.7,20
MRK_1966,STU_10123,SE301,2,Midterm_Exam,30.0,30
MRK_1967,STU_10123,SE301,2,Assignment_1,19.0,20
MRK_1968,STU_10123,SE301,2,Final_Exam,26.5,30
MRK_1969,STU_10124,CS101,2,Quiz_1,17.2,20
MRK_1970,STU_10124,CS101,2,Midterm_Exam,22.7,30
MRK_1971,STU_10124,CS101,2,Assignment_1,16.1,20
MRK_1972,STU_10124,CS101,2,Final_Exam,30.0,30
MRK_1973,STU_10124,DS201,4,Quiz_1,8.2,20
MRK_1974,STU_10124,DS201,4,Midterm_Exam,26.3,30
MRK_1975,STU_10124,DS201,4,Assignment_1,15.2,20
MRK_1976,STU_10124,DS201,4,Final_Exam,25.3,30
MRK_1977,STU_10124,MA102,3,Quiz_1,20.0,20
MRK_1978,STU_10124,MA102,3,Midterm_Exam,28.3,30
MRK_1979,STU_10124,MA102,3,Assignment_1,20.0,20
MRK_1980,STU_10124,MA102,3,Final_Exam,30.0,30
MRK_1981,STU_10124,SE301,1,Quiz_1,13.5,20
MRK_1982,STU_10124,SE301,1,Midterm_Exam,25.1,30
MRK_1983,STU_10124,SE301,1,Assignment_1,19.1,20
MRK_1984,STU_10124,SE301,1,Final_Exam,27.1,30
MRK_1985,STU_10125,CS101,2,Quiz_1,11.9,20
MRK_1986,STU_10125,CS101,2,Midterm_Exam,17.3,30
MRK_1987,STU_10125,CS101,2,Assignment_1,7.4,20
MRK_1988,STU_10125,CS101,2,Final_Exam,9.7,30
MRK_1989,STU_10125,DS201,4,Quiz_1,10.3,20
MRK_1990,STU_10125,DS201,4,Midterm_Exam,3.3,30
MRK_1991,STU_10125,DS201,4,Assignment_1,12.3,20
MRK_1992,STU_10125,DS201,4,Final_Exam,10.7,30
MRK_1993,STU_10125,MA102,1,Quiz_1,8.8,20
MRK_1994,STU_10125,MA102,1,Midterm_Exam,20.5,30
MRK_1995,STU_10125,MA102,1,Assignment_1,9.2,20
MRK_1996,STU_10125,MA102,1,Final_Exam,12.3,30
MRK_1997,STU_10125,SE301,3,Quiz_1,12.1,20
MRK_1998,STU_10125,SE301,3,Midterm_Exam,8.1,30
MRK_1999,STU_10125,SE301,3,Assignment_1,8.2,20
MRK_2000,STU_10125,SE301,3,Final_Exam,20.8,30
MRK_2001,STU_10126,CS101,2,Quiz_1,12.8,20
MRK_2002,STU_10126,CS101,2,Midterm_Exam,24.3,30
MRK_2003,STU_10126,CS101,2,Assignment_1,12.6,20
MRK_2004,STU_10126,CS101,2,Final_Exam,30.0,30
MRK_2005,STU_10126,DS201,4,Quiz_1,17.1,20
MRK_2006,STU_10126,DS201,4,Midterm_Exam,19.6,30
MRK_2007,STU_10126,DS201,4,Assignment_1,17.7,20
MRK_2008,STU_10126,DS201,4,Final_Exam,30.0,30
MRK_2009,STU_10126,MA102,4,Quiz_1,18.2,20
MRK_2010,STU_10126,MA102,4,Midterm_Exam,30.0,30
MRK_2011,STU_10126,MA102,4,Assignment_1,20.0,20
MRK_2012,STU_10126,MA102,4,Final_Exam,19.8,30
MRK_2013,STU_10126,SE301,1,Quiz_1,18.5,20
MRK_2014,STU_10126,SE301,1,Midterm_Exam,13.3,30
MRK_2015,STU_10126,SE301,1,Assignment_1,20.0,20
MRK_2016,STU_10126,SE301,1,Final_Exam,20.2,30
MRK_2017,STU_10127,CS101,2,Quiz_1,19.2,20
MRK_2018,STU_10127,CS101,2,Midterm_Exam,29.2,30
MRK_2019,STU_10127,CS101,2,Assignment_1,18.7,20
MRK_2020,STU_10127,CS101,2,Final_Exam,25.8,30
MRK_2021,STU_10127,DS201,1,Quiz_1,16.3,20
MRK_2022,STU_10127,DS201,1,Midterm_Exam,19.9,30
MRK_2023,STU_10127,DS201,1,Assignment_1,14.8,20
MRK_2024,STU_10127,DS201,1,Final_Exam,25.8,30
MRK_2025,STU_10127,MA102,3,Quiz_1,16.3,20
MRK_2026,STU_10127,MA102,3,Midterm_Exam,22.3,30
MRK_2027,STU_10127,MA102,3,Assignment_1,14.8,20
MRK_2028,STU_10127,MA102,3,Final_Exam,20.2,30
MRK_2029,STU_10127,SE301,1,Quiz_1,10.4,20
MRK_2030,STU_10127,SE301,1,Midterm_Exam,24.2,30
MRK_2031,STU_10127,SE301,1,Assignment_1,18.1,20
MRK_2032,STU_10127,SE301,1,Final_Exam,29.8,30
MRK_2033,STU_10128,CS101,4,Quiz_1,17.2,20
MRK_2034,STU_10128,CS101,4,Midterm_Exam,28.4,30
MRK_2035,STU_10128,CS101,4,Assignment_1,19.8,20
MRK_2036,STU_10128,CS101,4,Final_Exam,29.6,30
MRK_2037,STU_10128,DS201,1,Quiz_1,11.5,20
MRK_2038,STU_10128,DS201,1,Midterm_Exam,18.1,30
MRK_2039,STU_10128,DS201,1,Assignment_1,20.0,20
MRK_2040,STU_10128,DS201,1,Final_Exam,24.8,30
MRK_2041,STU_10128,MA102,3,Quiz_1,14.0,20
MRK_2042,STU_10128,MA102,3,Midterm_Exam,29.1,30
MRK_2043,STU_10128,MA102,3,Assignment_1,15.4,20
MRK_2044,STU_10128,MA102,3,Final_Exam,22.4,30
MRK_2045,STU_10128,SE301,4,Quiz_1,16.9,20
MRK_2046,STU_10128,SE301,4,Midterm_Exam,23.0,30
MRK_2047,STU_10128,SE301,4,Assignment_1,20.0,20
MRK_2048,STU_10128,SE301,4,Final_Exam,23.1,30
MRK_2049,STU_10129,CS101,4,Quiz_1,10.1,20
MRK_2050,STU_10129,CS101,4,Midterm_Exam,21.2,30
MRK_2051,STU_10129,CS101,4,Assignment_1,7.0,20
MRK_2052,STU_10129,CS101,4,Final_Exam,21.9,30
MRK_2053,STU_10129,DS201,4,Quiz_1,8.7,20
MRK_2054,STU_10129,DS201,4,Midterm_Exam,6.4,30
MRK_2055,STU_10129,DS201,4,Assignment_1,3.8,20
MRK_2056,STU_10129,DS201,4,Final_Exam,18.0,30
MRK_2057,STU_10129,MA102,1,Quiz_1,13.1,20
MRK_2058,STU_10129,MA102,1,Midterm_Exam,20.5,30
MRK_2059,STU_10129,MA102,1,Assignment_1,16.0,20
MRK_2060,STU_10129,MA102,1,Final_Exam,10.4,30
MRK_2061,STU_10129,SE301,3,Quiz_1,14.3,20
MRK_2062,STU_10129,SE301,3,Midterm_Exam,7.5,30
MRK_2063,STU_10129,SE301,3,Assignment_1,9.8,20
MRK_2064,STU_10129,SE301,3,Final_Exam,13.2,30
MRK_2065,STU_10130,CS101,1,Quiz_1,14.2,20
MRK_2066,STU_10130,CS101,1,Midterm_Exam,16.4,30
MRK_2067,STU_10130,CS101,1,Assignment_1,16.4,20
MRK_2068,STU_10130,CS101,1,Final_Exam,26.8,30
MRK_2069,STU_10130,DS201,1,Quiz_1,12.3,20
MRK_2070,STU_10130,DS201,1,Midterm_Exam,30.0,30
MRK_2071,STU_10130,DS201,1,Assignment_1,13.2,20
MRK_2072,STU_10130,DS201,1,Final_Exam,26.1,30
MRK_2073,STU_10130,MA102,3,Quiz_1,10.9,20
MRK_2074,STU_10130,MA102,3,Midterm_Exam,17.4,30
MRK_2075,STU_10130,MA102,3,Assignment_1,17.3,20
MRK_2076,STU_10130,MA102,3,Final_Exam,26.9,30
MRK_2077,STU_10130,SE301,2,Quiz_1,11.6,20
MRK_2078,STU_10130,SE301,2,Midterm_Exam,18.7,30
MRK_2079,STU_10130,SE301,2,Assignment_1,15.6,20
MRK_2080,STU_10130,SE301,2,Final_Exam,19.4,30
MRK_2081,STU_10131,CS101,1,Quiz_1,15.0,20
MRK_2082,STU_10131,CS101,1,Midterm_Exam,30.0,30
MRK_2083,STU_10131,CS101,1,Assignment_1,12.8,20
MRK_2084,STU_10131,CS101,1,Final_Exam,22.7,30
MRK_2085,STU_10131,DS201,2,Quiz_1,15.9,20
MRK_2086,STU_10131,DS201,2,Midterm_Exam,30.0,30
MRK_2087,STU_10131,DS201,2,Assignment_1,14.6,20
MRK_2088,STU_10131,DS201,2,Final_Exam,30.0,30
MRK_2089,STU_10131,MA102,3,Quiz_1,17.2,20
MRK_2090,STU_10131,MA102,3,Midterm_Exam,23.6,30
MRK_2091,STU_10131,MA102,3,Assignment_1,14.3,20
MRK_2092,STU_10131,MA102,3,Final_Exam,25.0,30
MRK_2093,STU_10131,SE301,3,Quiz_1,9.6,20
MRK_2094,STU_10131,SE301,3,Midterm_Exam,17.0,30
MRK_2095,STU_10131,SE301,3,Assignment_1,20.0,20
MRK_2096,STU_10131,SE301,3,Final_Exam,21.3,30
MRK_2097,STU_10132,CS101,1,Quiz_1,15.0,20
MRK_2098,STU_10132,CS101,1,Midterm_Exam,25.3,30
MRK_2099,STU_10132,CS101,1,Assignment_1,17.3,20
MRK_2100,STU_10132,CS101,1,Final_Exam,30.0,30
MRK_2101,STU_10132,DS201,4,Quiz_1,11.0,20
MRK_2102,STU_10132,DS201,4,Midterm_Exam,23.3,30
MRK_2103,STU_10132,DS201,4,Assignment_1,13.9,20
MRK_2104,STU_10132,DS201,4,Final_Exam,20.9,30
MRK_2105,STU_10132,MA102,3,Quiz_1,16.8,20
MRK_2106,STU_10132,MA102,3,Midterm_Exam,12.5,30
MRK_2107,STU_10132,MA102,3,Assignment_1,15.7,20
MRK_2108,STU_10132,MA102,3,Final_Exam,26.7,30
MRK_2109,STU_10132,SE301,4,Quiz_1,7.9,20
MRK_2110,STU_10132,SE301,4,Midterm_Exam,17.3,30
MRK_2111,STU_10132,SE301,4,Assignment_1,14.4,20
MRK_2112,STU_10132,SE301,4,Final_Exam,22.9,30
MRK_2113,STU_10133,CS101,3,Quiz_1,13.8,20
MRK_2114,STU_10133,CS101,3,Midterm_Exam,14.7,30
MRK_2115,STU_10133,CS101,3,Assignment_1,14.5,20
MRK_2116,STU_10133,CS101,3,Final_Exam,21.1,30
MRK_2117,STU_10133,DS201,1,Quiz_1,8.1,20
MRK_2118,STU_10133,DS201,1,Midterm_Exam,12.2,30
MRK_2119,STU_10133,DS201,1,Assignment_1,9.4,20
MRK_2120,STU_10133,DS201,1,Final_Exam,5.5,30
MRK_2121,STU_10133,MA102,2,Quiz_1,17.5,20
MRK_2122,STU_10133,MA102,2,Midterm_Exam,16.7,30
MRK_2123,STU_10133,MA102,2,Assignment_1,7.7,20
MRK_2124,STU_10133,MA102,2,Final_Exam,11.0,30
MRK_2125,STU_10133,SE301,2,Quiz_1,18.5,20
MRK_2126,STU_10133,SE301,2,Midterm_Exam,14.0,30
MRK_2127,STU_10133,SE301,2,Assignment_1,9.4,20
MRK_2128,STU_10133,SE301,2,Final_Exam,14.3,30
MRK_2129,STU_10134,CS101,4,Quiz_1,17.3,20
MRK_2130,STU_10134,CS101,4,Midterm_Exam,17.6,30
MRK_2131,STU_10134,CS101,4,Assignment_1,18.5,20
MRK_2132,STU_10134,CS101,4,Final_Exam,26.0,30
MRK_2133,STU_10134,DS201,4,Quiz_1,12.7,20
MRK_2134,STU_10134,DS201,4,Midterm_Exam,21.4,30
MRK_2135,STU_10134,DS201,4,Assignment_1,15.7,20
MRK_2136,STU_10134,DS201,4,Final_Exam,24.4,30
MRK_2137,STU_10134,MA102,2,Quiz_1,20.0,20
MRK_2138,STU_10134,MA102,2,Midterm_Exam,20.4,30
MRK_2139,STU_10134,MA102,2,Assignment_1,15.8,20
MRK_2140,STU_10134,MA102,2,Final_Exam,23.8,30
MRK_2141,STU_10134,SE301,2,Quiz_1,17.8,20
MRK_2142,STU_10134,SE301,2,Midterm_Exam,27.3,30
MRK_2143,STU_10134,SE301,2,Assignment_1,17.0,20
MRK_2144,STU_10134,SE301,2,Final_Exam,30.0,30
MRK_2145,STU_10135,CS101,3,Quiz_1,16.9,20
MRK_2146,STU_10135,CS101,3,Midterm_Exam,13.6,30
MRK_2147,STU_10135,CS101,3,Assignment_1,16.1,20
MRK_2148,STU_10135,CS101,3,Final_Exam,21.0,30
MRK_2149,STU_10135,DS201,1,Quiz_1,11.9,20
MRK_2150,STU_10135,DS201,1,Midterm_Exam,27.2,30
MRK_2151,STU_10135,DS201,1,Assignment_1,17.6,20
MRK_2152,STU_10135,DS201,1,Final_Exam,27.0,30
MRK_2153,STU_10135,MA102,1,Quiz_1,20.0,20
MRK_2154,STU_10135,MA102,1,Midterm_Exam,30.0,30
MRK_2155,STU_10135,MA102,1,Assignment_1,18.4,20
MRK_2156,STU_10135,MA102,1,Final_Exam,21.2,30
MRK_2157,STU_10135,SE301,3,Quiz_1,12.7,20
MRK_2158,STU_10135,SE301,3,Midterm_Exam,30.0,30
MRK_2159,STU_10135,SE301,3,Assignment_1,17.0,20
MRK_2160,STU_10135,SE301,3,Final_Exam,24.1,30
MRK_2161,STU_10136,CS101,3,Quiz_1,16.3,20
MRK_2162,STU_10136,CS101,3,Midterm_Exam,14.7,30
MRK_2163,STU_10136,CS101,3,Assignment_1,20.0,20
MRK_2164,STU_10136,CS101,3,Final_Exam,25.9,30
MRK_2165,STU_10136,DS201,4,Quiz_1,16.9,20
MRK_2166,STU_10136,DS201,4,Midterm_Exam,21.7,30
MRK_2167,STU_10136,DS201,4,Assignment_1,18.4,20
MRK_2168,STU_10136,DS201,4,Final_Exam,25.1,30
MRK_2169,STU_10136,MA102,4,Quiz_1,10.8,20
MRK_2170,STU_10136,MA102,4,Midterm_Exam,24.8,30
MRK_2171,STU_10136,MA102,4,Assignment_1,16.9,20
MRK_2172,STU_10136,MA102,4,Final_Exam,21.4,30
MRK_2173,STU_10136,SE301,3,Quiz_1,20.0,20
MRK_2174,STU_10136,SE301,3,Midterm_Exam,20.6,30
MRK_2175,STU_10136,SE301,3,Assignment_1,13.5,20
MRK_2176,STU_10136,SE301,3,Final_Exam,18.4,30
MRK_2177,STU_10137,CS101,1,Quiz_1,0.4,20
MRK_2178,STU_10137,CS101,1,Midterm_Exam,15.9,30
MRK_2179,STU_10137,CS101,1,Assignment_1,10.2,20
MRK_2180,STU_10137,CS101,1,Final_Exam,14.8,30
MRK_2181,STU_10137,DS201,2,Quiz_1,1.7,20
MRK_2182,STU_10137,DS201,2,Midterm_Exam,1.3,30
MRK_2183,STU_10137,DS201,2,Assignment_1,9.1,20
MRK_2184,STU_10137,DS201,2,Final_Exam,10.3,30
MRK_2185,STU_10137,MA102,3,Quiz_1,9.7,20
MRK_2186,STU_10137,MA102,3,Midterm_Exam,10.7,30
MRK_2187,STU_10137,MA102,3,Assignment_1,12.4,20
MRK_2188,STU_10137,MA102,3,Final_Exam,13.9,30
MRK_2189,STU_10137,SE301,4,Quiz_1,20.0,20
MRK_2190,STU_10137,SE301,4,Midterm_Exam,7.6,30
MRK_2191,STU_10137,SE301,4,Assignment_1,10.5,20
MRK_2192,STU_10137,SE301,4,Final_Exam,8.7,30
MRK_2193,STU_10138,CS101,3,Quiz_1,16.5,20
MRK_2194,STU_10138,CS101,3,Midterm_Exam,26.2,30
MRK_2195,STU_10138,CS101,3,Assignment_1,14.1,20
MRK_2196,STU_10138,CS101,3,Final_Exam,30.0,30
MRK_2197,STU_10138,DS201,1,Quiz_1,16.4,20
MRK_2198,STU_10138,DS201,1,Midterm_Exam,24.9,30
MRK_2199,STU_10138,DS201,1,Assignment_1,17.5,20
MRK_2200,STU_10138,DS201,1,Final_Exam,30.0,30
MRK_2201,STU_10138,MA102,4,Quiz_1,11.9,20
MRK_2202,STU_10138,MA102,4,Midterm_Exam,22.6,30
MRK_2203,STU_10138,MA102,4,Assignment_1,14.3,20
MRK_2204,STU_10138,MA102,4,Final_Exam,26.2,30
MRK_2205,STU_10138,SE301,3,Quiz_1,11.6,20
MRK_2206,STU_10138,SE301,3,Midterm_Exam,28.9,30
MRK_2207,STU_10138,SE301,3,Assignment_1,18.3,20
MRK_2208,STU_10138,SE301,3,Final_Exam,19.5,30
MRK_2209,STU_10139,CS101,2,Quiz_1,14.0,20
MRK_2210,STU_10139,CS101,2,Midterm_Exam,26.7,30
MRK_2211,STU_10139,CS101,2,Assignment_1,17.8,20
MRK_2212,STU_10139,CS101,2,Final_Exam,25.0,30
MRK_2213,STU_10139,DS201,3,Quiz_1,14.2,20
MRK_2214,STU_10139,DS201,3,Midterm_Exam,23.6,30
MRK_2215,STU_10139,DS201,3,Assignment_1,14.2,20
MRK_2216,STU_10139,DS201,3,Final_Exam,24.8,30
MRK_2217,STU_10139,MA102,1,Quiz_1,20.0,20
MRK_2218,STU_10139,MA102,1,Midterm_Exam,15.4,30
MRK_2219,STU_10139,MA102,1,Assignment_1,16.9,20
MRK_2220,STU_10139,MA102,1,Final_Exam,24.8,30
MRK_2221,STU_10139,SE301,4,Quiz_1,20.0,20
MRK_2222,STU_10139,SE301,4,Midterm_Exam,20.4,30
MRK_2223,STU_10139,SE301,4,Assignment_1,19.3,20
MRK_2224,STU_10139,SE301,4,Final_Exam,26.7,30
MRK_2225,STU_10140,CS101,1,Quiz_1,20.0,20
MRK_2226,STU_10140,CS101,1,Midterm_Exam,21.0,30
MRK_2227,STU_10140,CS101,1,Assignment_1,20.0,20
MRK_2228,STU_10140,CS101,1,Final_Exam,23.0,30
MRK_2229,STU_10140,DS201,2,Quiz_1,8.7,20
MRK_2230,STU_10140,DS201,2,Midterm_Exam,25.6,30
MRK_2231,STU_10140,DS201,2,Assignment_1,18.2,20
MRK_2232,STU_10140,DS201,2,Final_Exam,23.3,30
MRK_2233,STU_10140,MA102,4,Quiz_1,9.2,20
MRK_2234,STU_10140,MA102,4,Midterm_Exam,26.5,30
MRK_2235,STU_10140,MA102,4,Assignment_1,20.0,20
MRK_2236,STU_10140,MA102,4,Final_Exam,30.0,30
MRK_2237,STU_10140,SE301,4,Quiz_1,15.3,20
MRK_2238,STU_10140,SE301,4,Midterm_Exam,29.3,30
MRK_2239,STU_10140,SE301,4,Assignment_1,20.0,20
MRK_2240,STU_10140,SE301,4,Final_Exam,26.6,30
MRK_2241,STU_10141,CS101,2,Quiz_1,8.5,20
MRK_2242,STU_10141,CS101,2,Midterm_Exam,22.3,30
MRK_2243,STU_10141,CS101,2,Assignment_1,6.2,20
MRK_2244,STU_10141,CS101,2,Final_Exam,5.8,30
MRK_2245,STU_10141,DS201,4,Quiz_1,11.8,20
MRK_2246,STU_10141,DS201,4,Midterm_Exam,4.3,30
MRK_2247,STU_10141,DS201,4,Assignment_1,13.4,20
MRK_2248,STU_10141,DS201,4,Final_Exam,9.8,30
MRK_2249,STU_10141,MA102,4,Quiz_1,8.5,20
MRK_2250,STU_10141,MA102,4,Midterm_Exam,15.3,30
MRK_2251,STU_10141,MA102,4,Assignment_1,6.7,20
MRK_2252,STU_10141,MA102,4,Final_Exam,11.2,30
MRK_2253,STU_10141,SE301,2,Quiz_1,3.4,20
MRK_2254,STU_10141,SE301,2,Midterm_Exam,6.7,30
MRK_2255,STU_10141,SE301,2,Assignment_1,9.0,20
MRK_2256,STU_10141,SE301,2,Final_Exam,13.7,30
MRK_2257,STU_10142,CS101,1,Quiz_1,17.4,20
MRK_2258,STU_10142,CS101,1,Midterm_Exam,23.0,30
MRK_2259,STU_10142,CS101,1,Assignment_1,13.6,20
MRK_2260,STU_10142,CS101,1,Final_Exam,29.0,30
MRK_2261,STU_10142,DS201,3,Quiz_1,12.9,20
MRK_2262,STU_10142,DS201,3,Midterm_Exam,27.2,30
MRK_2263,STU_10142,DS201,3,Assignment_1,11.4,20
MRK_2264,STU_10142,DS201,3,Final_Exam,19.2,30
MRK_2265,STU_10142,MA102,4,Quiz_1,15.9,20
MRK_2266,STU_10142,MA102,4,Midterm_Exam,29.8,30
MRK_2267,STU_10142,MA102,4,Assignment_1,20.0,20
MRK_2268,STU_10142,MA102,4,Final_Exam,21.3,30
MRK_2269,STU_10142,SE301,4,Quiz_1,11.6,20
MRK_2270,STU_10142,SE301,4,Midterm_Exam,18.0,30
MRK_2271,STU_10142,SE301,4,Assignment_1,17.6,20
MRK_2272,STU_10142,SE301,4,Final_Exam,26.8,30
MRK_2273,STU_10143,CS101,4,Quiz_1,15.9,20
MRK_2274,STU_10143,CS101,4,Midterm_Exam,21.3,30
MRK_2275,STU_10143,CS101,4,Assignment_1,16.6,20
MRK_2276,STU_10143,CS101,4,Final_Exam,28.5,30
MRK_2277,STU_10143,DS201,1,Quiz_1,18.0,20
MRK_2278,STU_10143,DS201,1,Midterm_Exam,28.5,30
MRK_2279,STU_10143,DS201,1,Assignment_1,18.7,20
MRK_2280,STU_10143,DS201,1,Final_Exam,23.7,30
MRK_2281,STU_10143,MA102,4,Quiz_1,18.6,20
MRK_2282,STU_10143,MA102,4,Midterm_Exam,30.0,30
MRK_2283,STU_10143,MA102,4,Assignment_1,16.6,20
MRK_2284,STU_10143,MA102,4,Final_Exam,30.0,30
MRK_2285,STU_10143,SE301,3,Quiz_1,15.8,20
MRK_2286,STU_10143,SE301,3,Midterm_Exam,21.9,30
MRK_2287,STU_10143,SE301,3,Assignment_1,17.9,20
MRK_2288,STU_10143,SE301,3,Final_Exam,26.9,30
MRK_2289,STU_10144,CS101,2,Quiz_1,14.5,20
MRK_2290,STU_10144,CS101,2,Midterm_Exam,18.2,30
MRK_2291,STU_10144,CS101,2,Assignment_1,14.8,20
MRK_2292,STU_10144,CS101,2,Final_Exam,28.7,30
MRK_2293,STU_10144,DS201,4,Quiz_1,19.8,20
MRK_2294,STU_10144,DS201,4,Midterm_Exam,26.1,30
MRK_2295,STU_10144,DS201,4,Assignment_1,17.1,20
MRK_2296,STU_10144,DS201,4,Final_Exam,30.0,30
MRK_2297,STU_10144,MA102,1,Quiz_1,12.8,20
MRK_2298,STU_10144,MA102,1,Midterm_Exam,25.9,30
MRK_2299,STU_10144,MA102,1,Assignment_1,20.0,20
MRK_2300,STU_10144,MA102,1,Final_Exam,18.8,30
MRK_2301,STU_10144,SE301,1,Quiz_1,19.7,20
MRK_2302,STU_10144,SE301,1,Midterm_Exam,22.7,30
MRK_2303,STU_10144,SE301,1,Assignment_1,16.8,20
MRK_2304,STU_10144,SE301,1,Final_Exam,23.1,30
MRK_2305,STU_10145,CS101,2,Quiz_1,4.6,20
MRK_2306,STU_10145,CS101,2,Midterm_Exam,7.4,30
MRK_2307,STU_10145,CS101,2,Assignment_1,5.7,20
MRK_2308,STU_10145,CS101,2,Final_Exam,10.0,30
MRK_2309,STU_10145,DS201,4,Quiz_1,2.9,20
MRK_2310,STU_10145,DS201,4,Midterm_Exam,19.5,30
MRK_2311,STU_10145,DS201,4,Assignment_1,7.3,20
MRK_2312,STU_10145,DS201,4,Final_Exam,8.8,30
MRK_2313,STU_10145,MA102,4,Quiz_1,6.8,20
MRK_2314,STU_10145,MA102,4,Midterm_Exam,0.0,30
MRK_2315,STU_10145,MA102,4,Assignment_1,11.0,20
MRK_2316,STU_10145,MA102,4,Final_Exam,18.9,30
MRK_2317,STU_10145,SE301,2,Quiz_1,9.9,20
MRK_2318,STU_10145,SE301,2,Midterm_Exam,9.8,30
MRK_2319,STU_10145,SE301,2,Assignment_1,3.8,20
MRK_2320,STU_10145,SE301,2,Final_Exam,10.5,30
MRK_2321,STU_10146,CS101,1,Quiz_1,18.2,20
MRK_2322,STU_10146,CS101,1,Midterm_Exam,30.0,30
MRK_2323,STU_10146,CS101,1,Assignment_1,13.9,20
MRK_2324,STU_10146,CS101,1,Final_Exam,25.3,30
MRK_2325,STU_10146,DS201,1,Quiz_1,20.0,20
MRK_2326,STU_10146,DS201,1,Midterm_Exam,30.0,30
MRK_2327,STU_10146,DS201,1,Assignment_1,20.0,20
MRK_2328,STU_10146,DS201,1,Final_Exam,30.0,30
MRK_2329,STU_10146,MA102,2,Quiz_1,14.8,20
MRK_2330,STU_10146,MA102,2,Midterm_Exam,30.0,30
MRK_2331,STU_10146,MA102,2,Assignment_1,12.6,20
MRK_2332,STU_10146,MA102,2,Final_Exam,18.8,30
MRK_2333,STU_10146,SE301,4,Quiz_1,11.1,20
MRK_2334,STU_10146,SE301,4,Midterm_Exam,26.5,30
MRK_2335,STU_10146,SE301,4,Assignment_1,19.4,20
MRK_2336,STU_10146,SE301,4,Final_Exam,18.9,30
MRK_2337,STU_10147,CS101,1,Quiz_1,10.7,20
MRK_2338,STU_10147,CS101,1,Midterm_Exam,19.4,30
MRK_2339,STU_10147,CS101,1,Assignment_1,20.0,20
MRK_2340,STU_10147,CS101,1,Final_Exam,26.8,30
MRK_2341,STU_10147,DS201,1,Quiz_1,17.9,20
MRK_2342,STU_10147,DS201,1,Midterm_Exam,30.0,30
MRK_2343,STU_10147,DS201,1,Assignment_1,15.9,20
MRK_2344,STU_10147,DS201,1,Final_Exam,26.3,30
MRK_2345,STU_10147,MA102,1,Quiz_1,15.7,20
MRK_2346,STU_10147,MA102,1,Midterm_Exam,25.6,30
MRK_2347,STU_10147,MA102,1,Assignment_1,11.9,20
MRK_2348,STU_10147,MA102,1,Final_Exam,29.3,30
MRK_2349,STU_10147,SE301,2,Quiz_1,20.0,20
MRK_2350,STU_10147,SE301,2,Midterm_Exam,30.0,30
MRK_2351,STU_10147,SE301,2,Assignment_1,20.0,20
MRK_2352,STU_10147,SE301,2,Final_Exam,22.7,30
MRK_2353,STU_10148,CS101,3,Quiz_1,15.0,20
MRK_2354,STU_10148,CS101,3,Midterm_Exam,23.8,30
MRK_2355,STU_10148,CS101,3,Assignment_1,18.4,20
MRK_2356,STU_10148,CS101,3,Final_Exam,21.8,30
MRK_2357,STU_10148,DS201,1,Quiz_1,19.7,20
MRK_2358,STU_10148,DS201,1,Midterm_Exam,21.9,30
MRK_2359,STU_10148,DS201,1,Assignment_1,20.0,20
MRK_2360,STU_10148,DS201,1,Final_Exam,21.5,30
MRK_2361,STU_10148,MA102,4,Quiz_1,17.2,20
MRK_2362,STU_10148,MA102,4,Midterm_Exam,22.6,30
MRK_2363,STU_10148,MA102,4,Assignment_1,18.1,20
MRK_2364,STU_10148,MA102,4,Final_Exam,29.1,30
MRK_2365,STU_10148,SE301,1,Quiz_1,14.7,20
MRK_2366,STU_10148,SE301,1,Midterm_Exam,26.5,30
MRK_2367,STU_10148,SE301,1,Assignment_1,20.0,20
MRK_2368,STU_10148,SE301,1,Final_Exam,25.9,30
MRK_2369,STU_10149,CS101,4,Quiz_1,10.5,20
MRK_2370,STU_10149,CS101,4,Midterm_Exam,8.5,30
MRK_2371,STU_10149,CS101,4,Assignment_1,9.0,20
MRK_2372,STU_10149,CS101,4,Final_Exam,10.4,30
MRK_2373,STU_10149,DS201,4,Quiz_1,11.7,20
MRK_2374,STU_10149,DS201,4,Midterm_Exam,10.1,30
MRK_2375,STU_10149,DS201,4,Assignment_1,9.4,20
MRK_2376,STU_10149,DS201,4,Final_Exam,11.7,30
MRK_2377,STU_10149,MA102,2,Quiz_1,6.6,20
MRK_2378,STU_10149,MA102,2,Midterm_Exam,8.6,30
MRK_2379,STU_10149,MA102,2,Assignment_1,15.6,20
MRK_2380,STU_10149,MA102,2,Final_Exam,22.1,30
MRK_2381,STU_10149,SE301,4,Quiz_1,5.9,20
MRK_2382,STU_10149,SE301,4,Midterm_Exam,15.2,30
MRK_2383,STU_10149,SE301,4,Assignment_1,7.1,20
MRK_2384,STU_10149,SE301,4,Final_Exam,9.7,30
MRK_2385,STU_10150,CS101,4,Quiz_1,12.5,20
MRK_2386,STU_10150,CS101,4,Midterm_Exam,22.7,30
MRK_2387,STU_10150,CS101,4,Assignment_1,15.8,20
MRK_2388,STU_10150,CS101,4,Final_Exam,26.8,30
MRK_2389,STU_10150,DS201,2,Quiz_1,12.3,20
MRK_2390,STU_10150,DS201,2,Midterm_Exam,30.0,30
MRK_2391,STU_10150,DS201,2,Assignment_1,12.4,20
MRK_2392,STU_10150,DS201,2,Final_Exam,30.0,30
MRK_2393,STU_10150,MA102,2,Quiz_1,15.3,20
MRK_2394,STU_10150,MA102,2,Midterm_Exam,23.4,30
MRK_2395,STU_10150,MA102,2,Assignment_1,13.6,20
MRK_2396,STU_10150,MA102,2,Final_Exam,30.0,30
MRK_2397,STU_10150,SE301,4,Quiz_1,17.0,20
MRK_2398,STU_10150,SE301,4,Midterm_Exam,30.0,30
MRK_2399,STU_10150,SE301,4,Assignment_1,20.0,20
MRK_2400,STU_10150,SE301,4,Final_Exam,15.3,30
MRK_2401,STU_10151,CS101,2,Quiz_1,14.0,20
MRK_2402,STU_10151,CS101,2,Midterm_Exam,30.0,30
MRK_2403,STU_10151,CS101,2,Assignment_1,16.5,20
MRK_2404,STU_10151,CS101,2,Final_Exam,26.2,30
MRK_2405,STU_10151,DS201,3,Quiz_1,19.3,20
MRK_2406,STU_10151,DS201,3,Midterm_Exam,14.7,30
MRK_2407,STU_10151,DS201,3,Assignment_1,16.8,20
MRK_2408,STU_10151,DS201,3,Final_Exam,12.8,30
MRK_2409,STU_10151,MA102,4,Quiz_1,11.8,20
MRK_2410,STU_10151,MA102,4,Midterm_Exam,16.0,30
MRK_2411,STU_10151,MA102,4,Assignment_1,20.0,20
MRK_2412,STU_10151,MA102,4,Final_Exam,25.5,30
MRK_2413,STU_10151,SE301,1,Quiz_1,11.4,20
MRK_2414,STU_10151,SE301,1,Midterm_Exam,20.3,30
MRK_2415,STU_10151,SE301,1,Assignment_1,15.7,20
MRK_2416,STU_10151,SE301,1,Final_Exam,22.3,30
MRK_2417,STU_10152,CS101,1,Quiz_1,13.5,20
MRK_2418,STU_10152,CS101,1,Midterm_Exam,30.0,30
MRK_2419,STU_10152,CS101,1,Assignment_1,15.2,20
MRK_2420,STU_10152,CS101,1,Final_Exam,24.8,30
MRK_2421,STU_10152,DS201,3,Quiz_1,16.6,20
MRK_2422,STU_10152,DS201,3,Midterm_Exam,22.2,30
MRK_2423,STU_10152,DS201,3,Assignment_1,19.4,20
MRK_2424,STU_10152,DS201,3,Final_Exam,28.3,30
MRK_2425,STU_10152,MA102,4,Quiz_1,11.2,20
MRK_2426,STU_10152,MA102,4,Midterm_Exam,29.1,30
MRK_2427,STU_10152,MA102,4,Assignment_1,20.0,20
MRK_2428,STU_10152,MA102,4,Final_Exam,27.5,30
MRK_2429,STU_10152,SE301,2,Quiz_1,8.3,20
MRK_2430,STU_10152,SE301,2,Midterm_Exam,22.2,30
MRK_2431,STU_10152,SE301,2,Assignment_1,16.8,20
MRK_2432,STU_10152,SE301,2,Final_Exam,30.0,30
MRK_2433,STU_10153,CS101,4,Quiz_1,15.1,20
MRK_2434,STU_10153,CS101,4,Midterm_Exam,5.4,30
MRK_2435,STU_10153,CS101,4,Assignment_1,11.6,20
MRK_2436,STU_10153,CS101,4,Final_Exam,5.9,30
MRK_2437,STU_10153,DS201,1,Quiz_1,10.1,20
MRK_2438,STU_10153,DS201,1,Midterm_Exam,5.9,30
MRK_2439,STU_10153,DS201,1,Assignment_1,12.9,20
MRK_2440,STU_10153,DS201,1,Final_Exam,16.4,30
MRK_2441,STU_10153,MA102,3,Quiz_1,14.0,20
MRK_2442,STU_10153,MA102,3,Midterm_Exam,11.5,30
MRK_2443,STU_10153,MA102,3,Assignment_1,7.2,20
MRK_2444,STU_10153,MA102,3,Final_Exam,10.0,30
MRK_2445,STU_10153,SE301,4,Quiz_1,10.2,20
MRK_2446,STU_10153,SE301,4,Midterm_Exam,2.7,30
MRK_2447,STU_10153,SE301,4,Assignment_1,11.0,20
MRK_2448,STU_10153,SE301,4,Final_Exam,12.6,30
MRK_2449,STU_10154,CS101,2,Quiz_1,16.7,20
MRK_2450,STU_10154,CS101,2,Midterm_Exam,29.8,30
MRK_2451,STU_10154,CS101,2,Assignment_1,17.4,20
MRK_2452,STU_10154,CS101,2,Final_Exam,15.3,30
MRK_2453,STU_10154,DS201,3,Quiz_1,15.4,20
MRK_2454,STU_10154,DS201,3,Midterm_Exam,27.9,30
MRK_2455,STU_10154,DS201,3,Assignment_1,14.6,20
MRK_2456,STU_10154,DS201,3,Final_Exam,25.9,30
MRK_2457,STU_10154,MA102,1,Quiz_1,16.6,20
MRK_2458,STU_10154,MA102,1,Midterm_Exam,30.0,30
MRK_2459,STU_10154,MA102,1,Assignment_1,10.5,20
MRK_2460,STU_10154,MA102,1,Final_Exam,30.0,30
MRK_2461,STU_10154,SE301,3,Quiz_1,18.7,20
MRK_2462,STU_10154,SE301,3,Midterm_Exam,14.0,30
MRK_2463,STU_10154,SE301,3,Assignment_1,9.8,20
MRK_2464,STU_10154,SE301,3,Final_Exam,30.0,30
MRK_2465,STU_10155,CS101,1,Quiz_1,18.8,20
MRK_2466,STU_10155,CS101,1,Midterm_Exam,27.4,30
MRK_2467,STU_10155,CS101,1,Assignment_1,14.7,20
MRK_2468,STU_10155,CS101,1,Final_Exam,30.0,30
MRK_2469,STU_10155,DS201,1,Quiz_1,20.0,20
MRK_2470,STU_10155,DS201,1,Midterm_Exam,15.7,30
MRK_2471,STU_10155,DS201,1,Assignment_1,14.6,20
MRK_2472,STU_10155,DS201,1,Final_Exam,22.2,30
MRK_2473,STU_10155,MA102,1,Quiz_1,12.7,20
MRK_2474,STU_10155,MA102,1,Midterm_Exam,29.2,30
MRK_2475,STU_10155,MA102,1,Assignment_1,18.8,20
MRK_2476,STU_10155,MA102,1,Final_Exam,20.8,30
MRK_2477,STU_10155,SE301,1,Quiz_1,11.1,20
MRK_2478,STU_10155,SE301,1,Midterm_Exam,25.4,30
MRK_2479,STU_10155,SE301,1,Assignment_1,15.1,20
MRK_2480,STU_10155,SE301,1,Final_Exam,18.8,30
MRK_2481,STU_10156,CS101,1,Quiz_1,18.2,20
MRK_2482,STU_10156,CS101,1,Midterm_Exam,20.3,30
MRK_2483,STU_10156,CS101,1,Assignment_1,15.5,20
MRK_2484,STU_10156,CS101,1,Final_Exam,22.4,30
MRK_2485,STU_10156,DS201,4,Quiz_1,14.7,20
MRK_2486,STU_10156,DS201,4,Midterm_Exam,30.0,30
MRK_2487,STU_10156,DS201,4,Assignment_1,20.0,20
MRK_2488,STU_10156,DS201,4,Final_Exam,26.0,30
MRK_2489,STU_10156,MA102,4,Quiz_1,15.2,20
MRK_2490,STU_10156,MA102,4,Midterm_Exam,14.8,30
MRK_2491,STU_10156,MA102,4,Assignment_1,20.0,20
MRK_2492,STU_10156,MA102,4,Final_Exam,21.3,30
MRK_2493,STU_10156,SE301,2,Quiz_1,20.0,20
MRK_2494,STU_10156,SE301,2,Midterm_Exam,24.9,30
MRK_2495,STU_10156,SE301,2,Assignment_1,19.5,20
MRK_2496,STU_10156,SE301,2,Final_Exam,21.8,30
MRK_2497,STU_10157,CS101,3,Quiz_1,4.9,20
MRK_2498,STU_10157,CS101,3,Midterm_Exam,15.5,30
MRK_2499,STU_10157,CS101,3,Assignment_1,9.3,20
MRK_2500,STU_10157,CS101,3,Final_Exam,8.2,30
MRK_2501,STU_10157,DS201,4,Quiz_1,7.0,20
MRK_2502,STU_10157,DS201,4,Midterm_Exam,17.6,30
MRK_2503,STU_10157,DS201,4,Assignment_1,6.0,20
MRK_2504,STU_10157,DS201,4,Final_Exam,15.0,30
MRK_2505,STU_10157,MA102,3,Quiz_1,9.7,20
MRK_2506,STU_10157,MA102,3,Midterm_Exam,19.2,30
MRK_2507,STU_10157,MA102,3,Assignment_1,3.8,20
MRK_2508,STU_10157,MA102,3,Final_Exam,7.4,30
MRK_2509,STU_10157,SE301,2,Quiz_1,7.7,20
MRK_2510,STU_10157,SE301,2,Midterm_Exam,10.8,30
MRK_2511,STU_10157,SE301,2,Assignment_1,6.2,20
MRK_2512,STU_10157,SE301,2,Final_Exam,14.8,30
MRK_2513,STU_10158,CS101,1,Quiz_1,17.8,20
MRK_2514,STU_10158,CS101,1,Midterm_Exam,18.8,30
MRK_2515,STU_10158,CS101,1,Assignment_1,19.2,20
MRK_2516,STU_10158,CS101,1,Final_Exam,22.0,30
MRK_2517,STU_10158,DS201,3,Quiz_1,20.0,20
MRK_2518,STU_10158,DS201,3,Midterm_Exam,20.4,30
MRK_2519,STU_10158,DS201,3,Assignment_1,16.1,20
MRK_2520,STU_10158,DS201,3,Final_Exam,16.2,30
MRK_2521,STU_10158,MA102,2,Quiz_1,14.6,20
MRK_2522,STU_10158,MA102,2,Midterm_Exam,23.3,30
MRK_2523,STU_10158,MA102,2,Assignment_1,13.8,20
MRK_2524,STU_10158,MA102,2,Final_Exam,19.1,30
MRK_2525,STU_10158,SE301,4,Quiz_1,12.9,20
MRK_2526,STU_10158,SE301,4,Midterm_Exam,18.2,30
MRK_2527,STU_10158,SE301,4,Assignment_1,15.2,20
MRK_2528,STU_10158,SE301,4,Final_Exam,29.4,30
MRK_2529,STU_10159,CS101,2,Quiz_1,14.8,20
MRK_2530,STU_10159,CS101,2,Midterm_Exam,21.5,30
MRK_2531,STU_10159,CS101,2,Assignment_1,17.5,20
MRK_2532,STU_10159,CS101,2,Final_Exam,21.5,30
MRK_2533,STU_10159,DS201,2,Quiz_1,17.7,20
MRK_2534,STU_10159,DS201,2,Midterm_Exam,12.1,30
MRK_2535,STU_10159,DS201,2,Assignment_1,13.7,20
MRK_2536,STU_10159,DS201,2,Final_Exam,28.9,30
MRK_2537,STU_10159,MA102,1,Quiz_1,11.5,20
MRK_2538,STU_10159,MA102,1,Midterm_Exam,29.2,30
MRK_2539,STU_10159,MA102,1,Assignment_1,13.2,20
MRK_2540,STU_10159,MA102,1,Final_Exam,19.1,30
MRK_2541,STU_10159,SE301,4,Quiz_1,17.9,20
MRK_2542,STU_10159,SE301,4,Midterm_Exam,30.0,30
MRK_2543,STU_10159,SE301,4,Assignment_1,14.4,20
MRK_2544,STU_10159,SE301,4,Final_Exam,22.7,30
MRK_2545,STU_10160,CS101,4,Quiz_1,14.3,20
MRK_2546,STU_10160,CS101,4,Midterm_Exam,18.7,30
MRK_2547,STU_10160,CS101,4,Assignment_1,14.3,20
MRK_2548,STU_10160,CS101,4,Final_Exam,22.4,30
MRK_2549,STU_10160,DS201,4,Quiz_1,20.0,20
MRK_2550,STU_10160,DS201,4,Midterm_Exam,30.0,30
MRK_2551,STU_10160,DS201,4,Assignment_1,20.0,20
MRK_2552,STU_10160,DS201,4,Final_Exam,30.0,30
MRK_2553,STU_10160,MA102,3,Quiz_1,19.1,20
MRK_2554,STU_10160,MA102,3,Midterm_Exam,23.1,30
MRK_2555,STU_10160,MA102,3,Assignment_1,15.7,20
MRK_2556,STU_10160,MA102,3,Final_Exam,23.8,30
MRK_2557,STU_10160,SE301,4,Quiz_1,17.1,20
MRK_2558,STU_10160,SE301,4,Midterm_Exam,12.7,30
MRK_2559,STU_10160,SE301,4,Assignment_1,20.0,20
MRK_2560,STU_10160,SE301,4,Final_Exam,30.0,30
MRK_2561,STU_10161,CS101,3,Quiz_1,5.5,20
MRK_2562,STU_10161,CS101,3,Midterm_Exam,14.0,30
MRK_2563,STU_10161,CS101,3,Assignment_1,10.7,20
MRK_2564,STU_10161,CS101,3,Final_Exam,2.2,30
MRK_2565,STU_10161,DS201,1,Quiz_1,6.0,20
MRK_2566,STU_10161,DS201,1,Midterm_Exam,13.8,30
MRK_2567,STU_10161,DS201,1,Assignment_1,10.4,20
MRK_2568,STU_10161,DS201,1,Final_Exam,11.5,30
MRK_2569,STU_10161,MA102,4,Quiz_1,11.1,20
MRK_2570,STU_10161,MA102,4,Midterm_Exam,0.9,30
MRK_2571,STU_10161,MA102,4,Assignment_1,6.2,20
MRK_2572,STU_10161,MA102,4,Final_Exam,13.1,30
MRK_2573,STU_10161,SE301,4,Quiz_1,10.1,20
MRK_2574,STU_10161,SE301,4,Midterm_Exam,10.3,30
MRK_2575,STU_10161,SE301,4,Assignment_1,9.8,20
MRK_2576,STU_10161,SE301,4,Final_Exam,2.3,30
MRK_2577,STU_10162,CS101,2,Quiz_1,17.6,20
MRK_2578,STU_10162,CS101,2,Midterm_Exam,30.0,30
MRK_2579,STU_10162,CS101,2,Assignment_1,20.0,20
MRK_2580,STU_10162,CS101,2,Final_Exam,30.0,30
MRK_2581,STU_10162,DS201,4,Quiz_1,17.6,20
MRK_2582,STU_10162,DS201,4,Midterm_Exam,30.0,30
MRK_2583,STU_10162,DS201,4,Assignment_1,17.5,20
MRK_2584,STU_10162,DS201,4,Final_Exam,22.0,30
MRK_2585,STU_10162,MA102,2,Quiz_1,11.9,20
MRK_2586,STU_10162,MA102,2,Midterm_Exam,27.4,30
MRK_2587,STU_10162,MA102,2,Assignment_1,18.4,20
MRK_2588,STU_10162,MA102,2,Final_Exam,26.1,30
MRK_2589,STU_10162,SE301,1,Quiz_1,20.0,20
MRK_2590,STU_10162,SE301,1,Midterm_Exam,25.9,30
MRK_2591,STU_10162,SE301,1,Assignment_1,15.8,20
MRK_2592,STU_10162,SE301,1,Final_Exam,19.9,30
MRK_2593,STU_10163,CS101,4,Quiz_1,4.1,20
MRK_2594,STU_10163,CS101,4,Midterm_Exam,28.7,30
MRK_2595,STU_10163,CS101,4,Assignment_1,20.0,20
MRK_2596,STU_10163,CS101,4,Final_Exam,23.6,30
MRK_2597,STU_10163,DS201,3,Quiz_1,15.3,20
MRK_2598,STU_10163,DS201,3,Midterm_Exam,17.3,30
MRK_2599,STU_10163,DS201,3,Assignment_1,18.1,20
MRK_2600,STU_10163,DS201,3,Final_Exam,24.6,30
MRK_2601,STU_10163,MA102,2,Quiz_1,20.0,20
MRK_2602,STU_10163,MA102,2,Midterm_Exam,21.0,30
MRK_2603,STU_10163,MA102,2,Assignment_1,17.0,20
MRK_2604,STU_10163,MA102,2,Final_Exam,21.2,30
MRK_2605,STU_10163,SE301,3,Quiz_1,13.8,20
MRK_2606,STU_10163,SE301,3,Midterm_Exam,30.0,30
MRK_2607,STU_10163,SE301,3,Assignment_1,14.8,20
MRK_2608,STU_10163,SE301,3,Final_Exam,28.3,30
MRK_2609,STU_10164,CS101,4,Quiz_1,14.5,20
MRK_2610,STU_10164,CS101,4,Midterm_Exam,18.9,30
MRK_2611,STU_10164,CS101,4,Assignment_1,20.0,20
MRK_2612,STU_10164,CS101,4,Final_Exam,25.1,30
MRK_2613,STU_10164,DS201,4,Quiz_1,14.6,20
MRK_2614,STU_10164,DS201,4,Midterm_Exam,27.0,30
MRK_2615,STU_10164,DS201,4,Assignment_1,16.0,20
MRK_2616,STU_10164,DS201,4,Final_Exam,27.9,30
MRK_2617,STU_10164,MA102,1,Quiz_1,15.7,20
MRK_2618,STU_10164,MA102,1,Midterm_Exam,29.8,30
MRK_2619,STU_10164,MA102,1,Assignment_1,15.8,20
MRK_2620,STU_10164,MA102,1,Final_Exam,19.4,30
MRK_2621,STU_10164,SE301,4,Quiz_1,9.0,20
MRK_2622,STU_10164,SE301,4,Midterm_Exam,21.7,30
MRK_2623,STU_10164,SE301,4,Assignment_1,15.7,20
MRK_2624,STU_10164,SE301,4,Final_Exam,23.1,30
MRK_2625,STU_10165,CS101,2,Quiz_1,15.3,20
MRK_2626,STU_10165,CS101,2,Midterm_Exam,0.0,30
MRK_2627,STU_10165,CS101,2,Assignment_1,11.9,20
MRK_2628,STU_10165,CS101,2,Final_Exam,11.6,30
MRK_2629,STU_10165,DS201,3,Quiz_1,7.0,20
MRK_2630,STU_10165,DS201,3,Midterm_Exam,3.7,30
MRK_2631,STU_10165,DS201,3,Assignment_1,5.7,20
MRK_2632,STU_10165,DS201,3,Final_Exam,11.7,30
MRK_2633,STU_10165,MA102,1,Quiz_1,7.4,20
MRK_2634,STU_10165,MA102,1,Midterm_Exam,15.1,30
MRK_2635,STU_10165,MA102,1,Assignment_1,12.4,20
MRK_2636,STU_10165,MA102,1,Final_Exam,13.1,30
MRK_2637,STU_10165,SE301,1,Quiz_1,8.8,20
MRK_2638,STU_10165,SE301,1,Midterm_Exam,16.8,30
MRK_2639,STU_10165,SE301,1,Assignment_1,11.9,20
MRK_2640,STU_10165,SE301,1,Final_Exam,17.2,30
MRK_2641,STU_10166,CS101,4,Quiz_1,17.4,20
MRK_2642,STU_10166,CS101,4,Midterm_Exam,21.0,30
MRK_2643,STU_10166,CS101,4,Assignment_1,17.6,20
MRK_2644,STU_10166,CS101,4,Final_Exam,24.5,30
MRK_2645,STU_10166,DS201,4,Quiz_1,4.8,20
MRK_2646,STU_10166,DS201,4,Midterm_Exam,30.0,30
MRK_2647,STU_10166,DS201,4,Assignment_1,16.6,20
MRK_2648,STU_10166,DS201,4,Final_Exam,24.1,30
MRK_2649,STU_10166,MA102,1,Quiz_1,17.7,20
MRK_2650,STU_10166,MA102,1,Midterm_Exam,16.2,30
MRK_2651,STU_10166,MA102,1,Assignment_1,17.8,20
MRK_2652,STU_10166,MA102,1,Final_Exam,26.6,30
MRK_2653,STU_10166,SE301,4,Quiz_1,13.8,20
MRK_2654,STU_10166,SE301,4,Midterm_Exam,24.4,30
MRK_2655,STU_10166,SE301,4,Assignment_1,19.9,20
MRK_2656,STU_10166,SE301,4,Final_Exam,26.3,30
MRK_2657,STU_10167,CS101,3,Quiz_1,4.8,20
MRK_2658,STU_10167,CS101,3,Midterm_Exam,23.2,30
MRK_2659,STU_10167,CS101,3,Assignment_1,14.7,20
MRK_2660,STU_10167,CS101,3,Final_Exam,27.9,30
MRK_2661,STU_10167,DS201,1,Quiz_1,15.9,20
MRK_2662,STU_10167,DS201,1,Midterm_Exam,15.0,30
MRK_2663,STU_10167,DS201,1,Assignment_1,16.5,20
MRK_2664,STU_10167,DS201,1,Final_Exam,20.0,30
MRK_2665,STU_10167,MA102,4,Quiz_1,11.4,20
MRK_2666,STU_10167,MA102,4,Midterm_Exam,30.0,30
MRK_2667,STU_10167,MA102,4,Assignment_1,18.7,20
MRK_2668,STU_10167,MA102,4,Final_Exam,27.1,30
MRK_2669,STU_10167,SE301,4,Quiz_1,15.3,20
MRK_2670,STU_10167,SE301,4,Midterm_Exam,20.5,30
MRK_2671,STU_10167,SE301,4,Assignment_1,20.0,20
MRK_2672,STU_10167,SE301,4,Final_Exam,21.8,30
MRK_2673,STU_10168,CS101,1,Quiz_1,8.3,20
MRK_2674,STU_10168,CS101,1,Midterm_Exam,20.8,30
MRK_2675,STU_10168,CS101,1,Assignment_1,16.3,20
MRK_2676,STU_10168,CS101,1,Final_Exam,22.5,30
MRK_2677,STU_10168,DS201,2,Quiz_1,19.9,20
MRK_2678,STU_10168,DS201,2,Midterm_Exam,16.7,30
MRK_2679,STU_10168,DS201,2,Assignment_1,13.0,20
MRK_2680,STU_10168,DS201,2,Final_Exam,30.0,30
MRK_2681,STU_10168,MA102,4,Quiz_1,18.6,20
MRK_2682,STU_10168,MA102,4,Midterm_Exam,16.9,30
MRK_2683,STU_10168,MA102,4,Assignment_1,16.8,20
MRK_2684,STU_10168,MA102,4,Final_Exam,30.0,30
MRK_2685,STU_10168,SE301,3,Quiz_1,14.5,20
MRK_2686,STU_10168,SE301,3,Midterm_Exam,23.6,30
MRK_2687,STU_10168,SE301,3,Assignment_1,17.0,20
MRK_2688,STU_10168,SE301,3,Final_Exam,25.6,30
MRK_2689,STU_10169,CS101,2,Quiz_1,7.7,20
MRK_2690,STU_10169,CS101,2,Midterm_Exam,18.5,30
MRK_2691,STU_10169,CS101,2,Assignment_1,13.9,20
MRK_2692,STU_10169,CS101,2,Final_Exam,11.8,30
MRK_2693,STU_10169,DS201,3,Quiz_1,11.1,20
MRK_2694,STU_10169,DS201,3,Midterm_Exam,9.7,30
MRK_2695,STU_10169,DS201,3,Assignment_1,8.7,20
MRK_2696,STU_10169,DS201,3,Final_Exam,13.4,30
MRK_2697,STU_10169,MA102,4,Quiz_1,9.7,20
MRK_2698,STU_10169,MA102,4,Midterm_Exam,6.8,30
MRK_2699,STU_10169,MA102,4,Assignment_1,9.7,20
MRK_2700,STU_10169,MA102,4,Final_Exam,9.2,30
MRK_2701,STU_10169,SE301,4,Quiz_1,9.1,20
MRK_2702,STU_10169,SE301,4,Midterm_Exam,15.9,30
MRK_2703,STU_10169,SE301,4,Assignment_1,11.2,20
MRK_2704,STU_10169,SE301,4,Final_Exam,10.7,30
MRK_2705,STU_10170,CS101,2,Quiz_1,15.6,20
MRK_2706,STU_10170,CS101,2,Midterm_Exam,23.4,30
MRK_2707,STU_10170,CS101,2,Assignment_1,20.0,20
MRK_2708,STU_10170,CS101,2,Final_Exam,18.9,30
MRK_2709,STU_10170,DS201,4,Quiz_1,16.6,20
MRK_2710,STU_10170,DS201,4,Midterm_Exam,21.7,30
MRK_2711,STU_10170,DS201,4,Assignment_1,17.1,20
MRK_2712,STU_10170,DS201,4,Final_Exam,22.3,30
MRK_2713,STU_10170,MA102,1,Quiz_1,9.9,20
MRK_2714,STU_10170,MA102,1,Midterm_Exam,30.0,30
MRK_2715,STU_10170,MA102,1,Assignment_1,16.7,20
MRK_2716,STU_10170,MA102,1,Final_Exam,25.0,30
MRK_2717,STU_10170,SE301,4,Quiz_1,19.5,20
MRK_2718,STU_10170,SE301,4,Midterm_Exam,30.0,30
MRK_2719,STU_10170,SE301,4,Assignment_1,14.4,20
MRK_2720,STU_10170,SE301,4,Final_Exam,15.9,30
MRK_2721,STU_10171,CS101,3,Quiz_1,12.5,20
MRK_2722,STU_10171,CS101,3,Midterm_Exam,15.8,30
MRK_2723,STU_10171,CS101,3,Assignment_1,12.8,20
MRK_2724,STU_10171,CS101,3,Final_Exam,18.4,30
MRK_2725,STU_10171,DS201,2,Quiz_1,17.3,20
MRK_2726,STU_10171,DS201,2,Midterm_Exam,23.1,30
MRK_2727,STU_10171,DS201,2,Assignment_1,19.7,20
MRK_2728,STU_10171,DS201,2,Final_Exam,25.5,30
MRK_2729,STU_10171,MA102,1,Quiz_1,9.3,20
MRK_2730,STU_10171,MA102,1,Midterm_Exam,30.0,30
MRK_2731,STU_10171,MA102,1,Assignment_1,19.1,20
MRK_2732,STU_10171,MA102,1,Final_Exam,19.2,30
MRK_2733,STU_10171,SE301,1,Quiz_1,13.6,20
MRK_2734,STU_10171,SE301,1,Midterm_Exam,21.4,30
MRK_2735,STU_10171,SE301,1,Assignment_1,16.3,20
MRK_2736,STU_10171,SE301,1,Final_Exam,30.0,30
MRK_2737,STU_10172,CS101,1,Quiz_1,20.0,20
MRK_2738,STU_10172,CS101,1,Midterm_Exam,28.0,30
MRK_2739,STU_10172,CS101,1,Assignment_1,12.6,20
MRK_2740,STU_10172,CS101,1,Final_Exam,20.6,30
MRK_2741,STU_10172,DS201,2,Quiz_1,14.1,20
MRK_2742,STU_10172,DS201,2,Midterm_Exam,24.4,30
MRK_2743,STU_10172,DS201,2,Assignment_1,17.3,20
MRK_2744,STU_10172,DS201,2,Final_Exam,19.7,30
MRK_2745,STU_10172,MA102,4,Quiz_1,13.6,20
MRK_2746,STU_10172,MA102,4,Midterm_Exam,29.0,30
MRK_2747,STU_10172,MA102,4,Assignment_1,18.7,20
MRK_2748,STU_10172,MA102,4,Final_Exam,23.5,30
MRK_2749,STU_10172,SE301,1,Quiz_1,18.2,20
MRK_2750,STU_10172,SE301,1,Midterm_Exam,29.0,30
MRK_2751,STU_10172,SE301,1,Assignment_1,16.7,20
MRK_2752,STU_10172,SE301,1,Final_Exam,25.9,30
MRK_2753,STU_10173,CS101,2,Quiz_1,12.7,20
MRK_2754,STU_10173,CS101,2,Midterm_Exam,10.2,30
MRK_2755,STU_10173,CS101,2,Assignment_1,10.0,20
MRK_2756,STU_10173,CS101,2,Final_Exam,12.6,30
MRK_2757,STU_10173,DS201,3,Quiz_1,9.8,20
MRK_2758,STU_10173,DS201,3,Midterm_Exam,4.6,30
MRK_2759,STU_10173,DS201,3,Assignment_1,5.3,20
MRK_2760,STU_10173,DS201,3,Final_Exam,6.2,30
MRK_2761,STU_10173,MA102,2,Quiz_1,10.2,20
MRK_2762,STU_10173,MA102,2,Midterm_Exam,19.2,30
MRK_2763,STU_10173,MA102,2,Assignment_1,8.1,20
MRK_2764,STU_10173,MA102,2,Final_Exam,7.3,30
MRK_2765,STU_10173,SE301,3,Quiz_1,14.5,20
MRK_2766,STU_10173,SE301,3,Midterm_Exam,13.7,30
MRK_2767,STU_10173,SE301,3,Assignment_1,3.1,20
MRK_2768,STU_10173,SE301,3,Final_Exam,15.5,30
MRK_2769,STU_10174,CS101,1,Quiz_1,19.1,20
MRK_2770,STU_10174,CS101,1,Midterm_Exam,17.7,30
MRK_2771,STU_10174,CS101,1,Assignment_1,17.7,20
MRK_2772,STU_10174,CS101,1,Final_Exam,27.3,30
MRK_2773,STU_10174,DS201,1,Quiz_1,19.3,20
MRK_2774,STU_10174,DS201,1,Midterm_Exam,19.1,30
MRK_2775,STU_10174,DS201,1,Assignment_1,13.6,20
MRK_2776,STU_10174,DS201,1,Final_Exam,30.0,30
MRK_2777,STU_10174,MA102,4,Quiz_1,18.4,20
MRK_2778,STU_10174,MA102,4,Midterm_Exam,25.6,30
MRK_2779,STU_10174,MA102,4,Assignment_1,18.7,20
MRK_2780,STU_10174,MA102,4,Final_Exam,23.8,30
MRK_2781,STU_10174,SE301,3,Quiz_1,15.2,20
MRK_2782,STU_10174,SE301,3,Midterm_Exam,21.2,30
MRK_2783,STU_10174,SE301,3,Assignment_1,18.0,20
MRK_2784,STU_10174,SE301,3,Final_Exam,30.0,30
MRK_2785,STU_10175,CS101,1,Quiz_1,15.4,20
MRK_2786,STU_10175,CS101,1,Midterm_Exam,20.5,30
MRK_2787,STU_10175,CS101,1,Assignment_1,14.1,20
MRK_2788,STU_10175,CS101,1,Final_Exam,30.0,30
MRK_2789,STU_10175,DS201,3,Quiz_1,18.2,20
MRK_2790,STU_10175,DS201,3,Midterm_Exam,25.7,30
MRK_2791,STU_10175,DS201,3,Assignment_1,16.2,20
MRK_2792,STU_10175,DS201,3,Final_Exam,24.8,30
MRK_2793,STU_10175,MA102,4,Quiz_1,20.0,20
MRK_2794,STU_10175,MA102,4,Midterm_Exam,30.0,30
MRK_2795,STU_10175,MA102,4,Assignment_1,17.2,20
MRK_2796,STU_10175,MA102,4,Final_Exam,24.9,30
MRK_2797,STU_10175,SE301,4,Quiz_1,18.3,20
MRK_2798,STU_10175,SE301,4,Midterm_Exam,22.0,30
MRK_2799,STU_10175,SE301,4,Assignment_1,17.6,20
MRK_2800,STU_10175,SE301,4,Final_Exam,30.0,30
MRK_2801,STU_10176,CS101,3,Quiz_1,13.5,20
MRK_2802,STU_10176,CS101,3,Midterm_Exam,25.4,30
MRK_2803,STU_10176,CS101,3,Assignment_1,18.7,20
MRK_2804,STU_10176,CS101,3,Final_Exam,24.7,30
MRK_2805,STU_10176,DS201,1,Quiz_1,20.0,20
MRK_2806,STU_10176,DS201,1,Midterm_Exam,18.1,30
MRK_2807,STU_10176,DS201,1,Assignment_1,16.3,20
MRK_2808,STU_10176,DS201,1,Final_Exam,26.4,30
MRK_2809,STU_10176,MA102,2,Quiz_1,11.3,20
MRK_2810,STU_10176,MA102,2,Midterm_Exam,27.3,30
MRK_2811,STU_10176,MA102,2,Assignment_1,15.6,20
MRK_2812,STU_10176,MA102,2,Final_Exam,27.3,30
MRK_2813,STU_10176,SE301,4,Quiz_1,20.0,20
MRK_2814,STU_10176,SE301,4,Midterm_Exam,25.6,30
MRK_2815,STU_10176,SE301,4,Assignment_1,17.8,20
MRK_2816,STU_10176,SE301,4,Final_Exam,19.5,30
MRK_2817,STU_10177,CS101,2,Quiz_1,3.0,20
MRK_2818,STU_10177,CS101,2,Midterm_Exam,6.5,30
MRK_2819,STU_10177,CS101,2,Assignment_1,7.7,20
MRK_2820,STU_10177,CS101,2,Final_Exam,3.0,30
MRK_2821,STU_10177,DS201,1,Quiz_1,14.7,20
MRK_2822,STU_10177,DS201,1,Midterm_Exam,4.4,30
MRK_2823,STU_10177,DS201,1,Assignment_1,11.9,20
MRK_2824,STU_10177,DS201,1,Final_Exam,13.3,30
MRK_2825,STU_10177,MA102,1,Quiz_1,6.3,20
MRK_2826,STU_10177,MA102,1,Midterm_Exam,8.5,30
MRK_2827,STU_10177,MA102,1,Assignment_1,13.4,20
MRK_2828,STU_10177,MA102,1,Final_Exam,13.5,30
MRK_2829,STU_10177,SE301,1,Quiz_1,6.7,20
MRK_2830,STU_10177,SE301,1,Midterm_Exam,13.8,30
MRK_2831,STU_10177,SE301,1,Assignment_1,11.9,20
MRK_2832,STU_10177,SE301,1,Final_Exam,8.0,30
MRK_2833,STU_10178,CS101,4,Quiz_1,18.1,20
MRK_2834,STU_10178,CS101,4,Midterm_Exam,25.1,30
MRK_2835,STU_10178,CS101,4,Assignment_1,16.8,20
MRK_2836,STU_10178,CS101,4,Final_Exam,26.3,30
MRK_2837,STU_10178,DS201,2,Quiz_1,14.4,20
MRK_2838,STU_10178,DS201,2,Midterm_Exam,25.3,30
MRK_2839,STU_10178,DS201,2,Assignment_1,16.5,20
MRK_2840,STU_10178,DS201,2,Final_Exam,24.8,30
MRK_2841,STU_10178,MA102,2,Quiz_1,16.4,20
MRK_2842,STU_10178,MA102,2,Midterm_Exam,23.0,30
MRK_2843,STU_10178,MA102,2,Assignment_1,18.5,20
MRK_2844,STU_10178,MA102,2,Final_Exam,14.0,30
MRK_2845,STU_10178,SE301,1,Quiz_1,15.0,20
MRK_2846,STU_10178,SE301,1,Midterm_Exam,28.1,30
MRK_2847,STU_10178,SE301,1,Assignment_1,19.8,20
MRK_2848,STU_10178,SE301,1,Final_Exam,29.6,30
MRK_2849,STU_10179,CS101,3,Quiz_1,19.9,20
MRK_2850,STU_10179,CS101,3,Midterm_Exam,15.3,30
MRK_2851,STU_10179,CS101,3,Assignment_1,17.7,20
MRK_2852,STU_10179,CS101,3,Final_Exam,21.4,30
MRK_2853,STU_10179,DS201,1,Quiz_1,13.2,20
MRK_2854,STU_10179,DS201,1,Midterm_Exam,15.6,30
MRK_2855,STU_10179,DS201,1,Assignment_1,15.2,20
MRK_2856,STU_10179,DS201,1,Final_Exam,24.7,30
MRK_2857,STU_10179,MA102,1,Quiz_1,13.1,20
MRK_2858,STU_10179,MA102,1,Midterm_Exam,24.5,30
MRK_2859,STU_10179,MA102,1,Assignment_1,17.4,20
MRK_2860,STU_10179,MA102,1,Final_Exam,30.0,30
MRK_2861,STU_10179,SE301,4,Quiz_1,18.0,20
MRK_2862,STU_10179,SE301,4,Midterm_Exam,17.3,30
MRK_2863,STU_10179,SE301,4,Assignment_1,18.1,20
MRK_2864,STU_10179,SE301,4,Final_Exam,24.2,30
MRK_2865,STU_10180,CS101,1,Quiz_1,13.5,20
MRK_2866,STU_10180,CS101,1,Midterm_Exam,30.0,30
MRK_2867,STU_10180,CS101,1,Assignment_1,12.5,20
MRK_2868,STU_10180,CS101,1,Final_Exam,24.7,30
MRK_2869,STU_10180,DS201,1,Quiz_1,16.0,20
MRK_2870,STU_10180,DS201,1,Midterm_Exam,23.3,30
MRK_2871,STU_10180,DS201,1,Assignment_1,16.8,20
MRK_2872,STU_10180,DS201,1,Final_Exam,19.3,30
MRK_2873,STU_10180,MA102,4,Quiz_1,13.6,20
MRK_2874,STU_10180,MA102,4,Midterm_Exam,20.7,30
MRK_2875,STU_10180,MA102,4,Assignment_1,15.8,20
MRK_2876,STU_10180,MA102,4,Final_Exam,15.0,30
MRK_2877,STU_10180,SE301,1,Quiz_1,12.5,20
MRK_2878,STU_10180,SE301,1,Midterm_Exam,19.9,30
MRK_2879,STU_10180,SE301,1,Assignment_1,17.4,20
MRK_2880,STU_10180,SE301,1,Final_Exam,22.2,30
MRK_2881,STU_10181,CS101,2,Quiz_1,11.7,20
MRK_2882,STU_10181,CS101,2,Midterm_Exam,3.4,30
MRK_2883,STU_10181,CS101,2,Assignment_1,8.2,20
MRK_2884,STU_10181,CS101,2,Final_Exam,9.8,30
MRK_2885,STU_10181,DS201,3,Quiz_1,13.8,20
MRK_2886,STU_10181,DS201,3,Midterm_Exam,0.3,30
MRK_2887,STU_10181,DS201,3,Assignment_1,9.9,20
MRK_2888,STU_10181,DS201,3,Final_Exam,20.8,30
MRK_2889,STU_10181,MA102,4,Quiz_1,5.8,20
MRK_2890,STU_10181,MA102,4,Midterm_Exam,8.7,30
MRK_2891,STU_10181,MA102,4,Assignment_1,4.8,20
MRK_2892,STU_10181,MA102,4,Final_Exam,9.3,30
MRK_2893,STU_10181,SE301,1,Quiz_1,9.1,20
MRK_2894,STU_10181,SE301,1,Midterm_Exam,6.6,30
MRK_2895,STU_10181,SE301,1,Assignment_1,8.6,20
MRK_2896,STU_10181,SE301,1,Final_Exam,14.0,30
MRK_2897,STU_10182,CS101,2,Quiz_1,16.9,20
MRK_2898,STU_10182,CS101,2,Midterm_Exam,28.4,30
MRK_2899,STU_10182,CS101,2,Assignment_1,19.2,20
MRK_2900,STU_10182,CS101,2,Final_Exam,30.0,30
MRK_2901,STU_10182,DS201,3,Quiz_1,18.4,20
MRK_2902,STU_10182,DS201,3,Midterm_Exam,11.2,30
MRK_2903,STU_10182,DS201,3,Assignment_1,20.0,20
MRK_2904,STU_10182,DS201,3,Final_Exam,25.4,30
MRK_2905,STU_10182,MA102,2,Quiz_1,14.7,20
MRK_2906,STU_10182,MA102,2,Midterm_Exam,21.9,30
MRK_2907,STU_10182,MA102,2,Assignment_1,17.1,20
MRK_2908,STU_10182,MA102,2,Final_Exam,25.1,30
MRK_2909,STU_10182,SE301,4,Quiz_1,15.5,20
MRK_2910,STU_10182,SE301,4,Midterm_Exam,29.3,30
MRK_2911,STU_10182,SE301,4,Assignment_1,20.0,20
MRK_2912,STU_10182,SE301,4,Final_Exam,28.3,30
MRK_2913,STU_10183,CS101,4,Quiz_1,14.3,20
MRK_2914,STU_10183,CS101,4,Midterm_Exam,30.0,30
MRK_2915,STU_10183,CS101,4,Assignment_1,15.8,20
MRK_2916,STU_10183,CS101,4,Final_Exam,18.9,30
MRK_2917,STU_10183,DS201,4,Quiz_1,12.8,20
MRK_2918,STU_10183,DS201,4,Midterm_Exam,13.9,30
MRK_2919,STU_10183,DS201,4,Assignment_1,15.1,20
MRK_2920,STU_10183,DS201,4,Final_Exam,30.0,30
MRK_2921,STU_10183,MA102,4,Quiz_1,19.5,20
MRK_2922,STU_10183,MA102,4,Midterm_Exam,23.1,30
MRK_2923,STU_10183,MA102,4,Assignment_1,20.0,20
MRK_2924,STU_10183,MA102,4,Final_Exam,22.2,30
MRK_2925,STU_10183,SE301,1,Quiz_1,15.8,20
MRK_2926,STU_10183,SE301,1,Midterm_Exam,13.3,30
MRK_2927,STU_10183,SE301,1,Assignment_1,14.2,20
MRK_2928,STU_10183,SE301,1,Final_Exam,23.9,30
MRK_2929,STU_10184,CS101,2,Quiz_1,15.2,20
MRK_2930,STU_10184,CS101,2,Midterm_Exam,30.0,30
MRK_2931,STU_10184,CS101,2,Assignment_1,18.7,20
MRK_2932,STU_10184,CS101,2,Final_Exam,17.6,30
MRK_2933,STU_10184,DS201,1,Quiz_1,19.4,20
MRK_2934,STU_10184,DS201,1,Midterm_Exam,16.7,30
MRK_2935,STU_10184,DS201,1,Assignment_1,19.3,20
MRK_2936,STU_10184,DS201,1,Final_Exam,28.6,30
MRK_2937,STU_10184,MA102,1,Quiz_1,20.0,20
MRK_2938,STU_10184,MA102,1,Midterm_Exam,22.8,30
MRK_2939,STU_10184,MA102,1,Assignment_1,19.4,20
MRK_2940,STU_10184,MA102,1,Final_Exam,20.8,30
MRK_2941,STU_10184,SE301,3,Quiz_1,10.0,20
MRK_2942,STU_10184,SE301,3,Midterm_Exam,28.9,30
MRK_2943,STU_10184,SE301,3,Assignment_1,17.9,20
MRK_2944,STU_10184,SE301,3,Final_Exam,30.0,30
MRK_2945,STU_10185,CS101,1,Quiz_1,10.8,20
MRK_2946,STU_10185,CS101,1,Midterm_Exam,0.6,30
MRK_2947,STU_10185,CS101,1,Assignment_1,10.4,20
MRK_2948,STU_10185,CS101,1,Final_Exam,7.1,30
MRK_2949,STU_10185,DS201,1,Quiz_1,3.8,20
MRK_2950,STU_10185,DS201,1,Midterm_Exam,17.4,30
MRK_2951,STU_10185,DS201,1,Assignment_1,8.9,20
MRK_2952,STU_10185,DS201,1,Final_Exam,10.0,30
MRK_2953,STU_10185,MA102,1,Quiz_1,2.2,20
MRK_2954,STU_10185,MA102,1,Midterm_Exam,2.4,30
MRK_2955,STU_10185,MA102,1,Assignment_1,6.8,20
MRK_2956,STU_10185,MA102,1,Final_Exam,16.7,30
MRK_2957,STU_10185,SE301,4,Quiz_1,6.7,20
MRK_2958,STU_10185,SE301,4,Midterm_Exam,19.6,30
MRK_2959,STU_10185,SE301,4,Assignment_1,11.1,20
MRK_2960,STU_10185,SE301,4,Final_Exam,18.5,30
MRK_2961,STU_10186,CS101,4,Quiz_1,14.6,20
MRK_2962,STU_10186,CS101,4,Midterm_Exam,18.1,30
MRK_2963,STU_10186,CS101,4,Assignment_1,20.0,20
MRK_2964,STU_10186,CS101,4,Final_Exam,15.3,30
MRK_2965,STU_10186,DS201,1,Quiz_1,20.0,20
MRK_2966,STU_10186,DS201,1,Midterm_Exam,29.8,30
MRK_2967,STU_10186,DS201,1,Assignment_1,18.5,20
MRK_2968,STU_10186,DS201,1,Final_Exam,12.7,30
MRK_2969,STU_10186,MA102,3,Quiz_1,17.8,20
MRK_2970,STU_10186,MA102,3,Midterm_Exam,28.5,30
MRK_2971,STU_10186,MA102,3,Assignment_1,16.6,20
MRK_2972,STU_10186,MA102,3,Final_Exam,30.0,30
MRK_2973,STU_10186,SE301,4,Quiz_1,18.1,20
MRK_2974,STU_10186,SE301,4,Midterm_Exam,26.9,30
MRK_2975,STU_10186,SE301,4,Assignment_1,12.1,20
MRK_2976,STU_10186,SE301,4,Final_Exam,30.0,30
MRK_2977,STU_10187,CS101,3,Quiz_1,18.1,20
MRK_2978,STU_10187,CS101,3,Midterm_Exam,17.8,30
MRK_2979,STU_10187,CS101,3,Assignment_1,18.3,20
MRK_2980,STU_10187,CS101,3,Final_Exam,30.0,30
MRK_2981,STU_10187,DS201,4,Quiz_1,13.8,20
MRK_2982,STU_10187,DS201,4,Midterm_Exam,28.4,30
MRK_2983,STU_10187,DS201,4,Assignment_1,14.8,20
MRK_2984,STU_10187,DS201,4,Final_Exam,19.7,30
MRK_2985,STU_10187,MA102,2,Quiz_1,14.4,20
MRK_2986,STU_10187,MA102,2,Midterm_Exam,8.7,30
MRK_2987,STU_10187,MA102,2,Assignment_1,15.0,20
MRK_2988,STU_10187,MA102,2,Final_Exam,30.0,30
MRK_2989,STU_10187,SE301,3,Quiz_1,20.0,20
MRK_2990,STU_10187,SE301,3,Midterm_Exam,15.7,30
MRK_2991,STU_10187,SE301,3,Assignment_1,18.5,20
MRK_2992,STU_10187,SE301,3,Final_Exam,27.1,30
MRK_2993,STU_10188,CS101,1,Quiz_1,20.0,20
MRK_2994,STU_10188,CS101,1,Midterm_Exam,16.0,30
MRK_2995,STU_10188,CS101,1,Assignment_1,16.9,20
MRK_2996,STU_10188,CS101,1,Final_Exam,20.2,30
MRK_2997,STU_10188,DS201,3,Quiz_1,17.0,20
MRK_2998,STU_10188,DS201,3,Midterm_Exam,28.2,30
MRK_2999,STU_10188,DS201,3,Assignment_1,16.4,20
MRK_3000,STU_10188,DS201,3,Final_Exam,30.0,30
MRK_3001,STU_10188,MA102,3,Quiz_1,13.4,20
MRK_3002,STU_10188,MA102,3,Midterm_Exam,28.9,30
MRK_3003,STU_10188,MA102,3,Assignment_1,13.4,20
MRK_3004,STU_10188,MA102,3,Final_Exam,25.1,30
MRK_3005,STU_10188,SE301,2,Quiz_1,13.4,20
MRK_3006,STU_10188,SE301,2,Midterm_Exam,18.1,30
MRK_3007,STU_10188,SE301,2,Assignment_1,18.5,20
MRK_3008,STU_10188,SE301,2,Final_Exam,19.9,30
MRK_3009,STU_10189,CS101,2,Quiz_1,8.2,20
MRK_3010,STU_10189,CS101,2,Midterm_Exam,6.9,30
MRK_3011,STU_10189,CS101,2,Assignment_1,18.1,20
MRK_3012,STU_10189,CS101,2,Final_Exam,3.1,30
MRK_3013,STU_10189,DS201,1,Quiz_1,3.0,20
MRK_3014,STU_10189,DS201,1,Midterm_Exam,11.9,30
MRK_3015,STU_10189,DS201,1,Assignment_1,8.5,20
MRK_3016,STU_10189,DS201,1,Final_Exam,16.5,30
MRK_3017,STU_10189,MA102,1,Quiz_1,7.5,20
MRK_3018,STU_10189,MA102,1,Midterm_Exam,2.4,30
MRK_3019,STU_10189,MA102,1,Assignment_1,6.2,20
MRK_3020,STU_10189,MA102,1,Final_Exam,13.3,30
MRK_3021,STU_10189,SE301,3,Quiz_1,6.2,20
MRK_3022,STU_10189,SE301,3,Midterm_Exam,15.3,30
MRK_3023,STU_10189,SE301,3,Assignment_1,1.0,20
MRK_3024,STU_10189,SE301,3,Final_Exam,1.5,30
MRK_3025,STU_10190,CS101,3,Quiz_1,18.7,20
MRK_3026,STU_10190,CS101,3,Midterm_Exam,24.5,30
MRK_3027,STU_10190,CS101,3,Assignment_1,16.7,20
MRK_3028,STU_10190,CS101,3,Final_Exam,30.0,30
MRK_3029,STU_10190,DS201,4,Quiz_1,14.8,20
MRK_3030,STU_10190,DS201,4,Midterm_Exam,29.5,30
MRK_3031,STU_10190,DS201,4,Assignment_1,16.4,20
MRK_3032,STU_10190,DS201,4,Final_Exam,30.0,30
MRK_3033,STU_10190,MA102,1,Quiz_1,11.8,20
MRK_3034,STU_10190,MA102,1,Midterm_Exam,27.6,30
MRK_3035,STU_10190,MA102,1,Assignment_1,13.0,20
MRK_3036,STU_10190,MA102,1,Final_Exam,20.5,30
MRK_3037,STU_10190,SE301,2,Quiz_1,14.7,20
MRK_3038,STU_10190,SE301,2,Midterm_Exam,27.0,30
MRK_3039,STU_10190,SE301,2,Assignment_1,18.5,20
MRK_3040,STU_10190,SE301,2,Final_Exam,30.0,30
MRK_3041,STU_10191,CS101,1,Quiz_1,20.0,20
MRK_3042,STU_10191,CS101,1,Midterm_Exam,13.2,30
MRK_3043,STU_10191,CS101,1,Assignment_1,18.3,20
MRK_3044,STU_10191,CS101,1,Final_Exam,25.4,30
MRK_3045,STU_10191,DS201,4,Quiz_1,18.6,20
MRK_3046,STU_10191,DS201,4,Midterm_Exam,30.0,30
MRK_3047,STU_10191,DS201,4,Assignment_1,12.6,20
MRK_3048,STU_10191,DS201,4,Final_Exam,21.7,30
MRK_3049,STU_10191,MA102,1,Quiz_1,16.9,20
MRK_3050,STU_10191,MA102,1,Midterm_Exam,23.2,30
MRK_3051,STU_10191,MA102,1,Assignment_1,19.8,20
MRK_3052,STU_10191,MA102,1,Final_Exam,25.9,30
MRK_3053,STU_10191,SE301,4,Quiz_1,13.4,20
MRK_3054,STU_10191,SE301,4,Midterm_Exam,20.1,30
MRK_3055,STU_10191,SE301,4,Assignment_1,18.4,20
MRK_3056,STU_10191,SE301,4,Final_Exam,23.0,30
MRK_3057,STU_10192,CS101,2,Quiz_1,10.2,20
MRK_3058,STU_10192,CS101,2,Midterm_Exam,22.0,30
MRK_3059,STU_10192,CS101,2,Assignment_1,16.2,20
MRK_3060,STU_10192,CS101,2,Final_Exam,25.9,30
MRK_3061,STU_10192,DS201,4,Quiz_1,17.7,20
MRK_3062,STU_10192,DS201,4,Midterm_Exam,25.2,30
MRK_3063,STU_10192,DS201,4,Assignment_1,20.0,20
MRK_3064,STU_10192,DS201,4,Final_Exam,15.4,30
MRK_3065,STU_10192,MA102,4,Quiz_1,11.2,20
MRK_3066,STU_10192,MA102,4,Midterm_Exam,9.3,30
MRK_3067,STU_10192,MA102,4,Assignment_1,15.5,20
MRK_3068,STU_10192,MA102,4,Final_Exam,18.8,30
MRK_3069,STU_10192,SE301,1,Quiz_1,16.8,20
MRK_3070,STU_10192,SE301,1,Midterm_Exam,18.4,30
MRK_3071,STU_10192,SE301,1,Assignment_1,20.0,20
MRK_3072,STU_10192,SE301,1,Final_Exam,21.8,30
MRK_3073,STU_10193,CS101,3,Quiz_1,13.5,20
MRK_3074,STU_10193,CS101,3,Midterm_Exam,14.5,30
MRK_3075,STU_10193,CS101,3,Assignment_1,10.9,20
MRK_3076,STU_10193,CS101,3,Final_Exam,9.0,30
MRK_3077,STU_10193,DS201,1,Quiz_1,8.2,20
MRK_3078,STU_10193,DS201,1,Midterm_Exam,15.0,30
MRK_3079,STU_10193,DS201,1,Assignment_1,9.6,20
MRK_3080,STU_10193,DS201,1,Final_Exam,6.9,30
MRK_3081,STU_10193,MA102,4,Quiz_1,8.7,20
MRK_3082,STU_10193,MA102,4,Midterm_Exam,10.1,30
MRK_3083,STU_10193,MA102,4,Assignment_1,9.3,20
MRK_3084,STU_10193,MA102,4,Final_Exam,14.0,30
MRK_3085,STU_10193,SE301,3,Quiz_1,3.2,20
MRK_3086,STU_10193,SE301,3,Midterm_Exam,21.4,30
MRK_3087,STU_10193,SE301,3,Assignment_1,13.7,20
MRK_3088,STU_10193,SE301,3,Final_Exam,6.1,30
MRK_3089,STU_10194,CS101,2,Quiz_1,9.4,20
MRK_3090,STU_10194,CS101,2,Midterm_Exam,29.3,30
MRK_3091,STU_10194,CS101,2,Assignment_1,17.2,20
MRK_3092,STU_10194,CS101,2,Final_Exam,24.7,30
MRK_3093,STU_10194,DS201,2,Quiz_1,16.4,20
MRK_3094,STU_10194,DS201,2,Midterm_Exam,27.3,30
MRK_3095,STU_10194,DS201,2,Assignment_1,20.0,20
MRK_3096,STU_10194,DS201,2,Final_Exam,19.8,30
MRK_3097,STU_10194,MA102,4,Quiz_1,12.0,20
MRK_3098,STU_10194,MA102,4,Midterm_Exam,17.6,30
MRK_3099,STU_10194,MA102,4,Assignment_1,18.4,20
MRK_3100,STU_10194,MA102,4,Final_Exam,25.0,30
MRK_3101,STU_10194,SE301,2,Quiz_1,20.0,20
MRK_3102,STU_10194,SE301,2,Midterm_Exam,21.9,30
MRK_3103,STU_10194,SE301,2,Assignment_1,17.1,20
MRK_3104,STU_10194,SE301,2,Final_Exam,30.0,30
MRK_3105,STU_10195,CS101,3,Quiz_1,18.1,20
MRK_3106,STU_10195,CS101,3,Midterm_Exam,25.6,30
MRK_3107,STU_10195,CS101,3,Assignment_1,17.5,20
MRK_3108,STU_10195,CS101,3,Final_Exam,25.5,30
MRK_3109,STU_10195,DS201,1,Quiz_1,14.6,20
MRK_3110,STU_10195,DS201,1,Midterm_Exam,30.0,30
MRK_3111,STU_10195,DS201,1,Assignment_1,14.8,20
MRK_3112,STU_10195,DS201,1,Final_Exam,21.3,30
MRK_3113,STU_10195,MA102,1,Quiz_1,15.0,20
MRK_3114,STU_10195,MA102,1,Midterm_Exam,18.4,30
MRK_3115,STU_10195,MA102,1,Assignment_1,17.3,20
MRK_3116,STU_10195,MA102,1,Final_Exam,30.0,30
MRK_3117,STU_10195,SE301,1,Quiz_1,12.3,20
MRK_3118,STU_10195,SE301,1,Midterm_Exam,20.4,30
MRK_3119,STU_10195,SE301,1,Assignment_1,16.7,20
MRK_3120,STU_10195,SE301,1,Final_Exam,17.2,30
MRK_3121,STU_10196,CS101,4,Quiz_1,12.0,20
MRK_3122,STU_10196,CS101,4,Midterm_Exam,28.1,30
MRK_3123,STU_10196,CS101,4,Assignment_1,15.8,20
MRK_3124,STU_10196,CS101,4,Final_Exam,28.4,30
MRK_3125,STU_10196,DS201,3,Quiz_1,17.0,20
MRK_3126,STU_10196,DS201,3,Midterm_Exam,18.3,30
MRK_3127,STU_10196,DS201,3,Assignment_1,18.5,20
MRK_3128,STU_10196,DS201,3,Final_Exam,21.9,30
MRK_3129,STU_10196,MA102,2,Quiz_1,13.6,20
MRK_3130,STU_10196,MA102,2,Midterm_Exam,21.0,30
MRK_3131,STU_10196,MA102,2,Assignment_1,20.0,20
MRK_3132,STU_10196,MA102,2,Final_Exam,14.0,30
MRK_3133,STU_10196,SE301,4,Quiz_1,16.7,20
MRK_3134,STU_10196,SE301,4,Midterm_Exam,28.1,30
MRK_3135,STU_10196,SE301,4,Assignment_1,19.1,20
MRK_3136,STU_10196,SE301,4,Final_Exam,25.2,30
MRK_3137,STU_10197,CS101,1,Quiz_1,7.7,20
MRK_3138,STU_10197,CS101,1,Midterm_Exam,14.7,30
MRK_3139,STU_10197,CS101,1,Assignment_1,6.3,20
MRK_3140,STU_10197,CS101,1,Final_Exam,3.1,30
MRK_3141,STU_10197,DS201,2,Quiz_1,9.3,20
MRK_3142,STU_10197,DS201,2,Midterm_Exam,30.0,30
MRK_3143,STU_10197,DS201,2,Assignment_1,10.0,20
MRK_3144,STU_10197,DS201,2,Final_Exam,14.4,30
MRK_3145,STU_10197,MA102,1,Quiz_1,16.7,20
MRK_3146,STU_10197,MA102,1,Midterm_Exam,10.5,30
MRK_3147,STU_10197,MA102,1,Assignment_1,5.4,20
MRK_3148,STU_10197,MA102,1,Final_Exam,4.3,30
MRK_3149,STU_10197,SE301,1,Quiz_1,7.5,20
MRK_3150,STU_10197,SE301,1,Midterm_Exam,11.5,30
MRK_3151,STU_10197,SE301,1,Assignment_1,10.3,20
MRK_3152,STU_10197,SE301,1,Final_Exam,11.1,30
MRK_3153,STU_10198,CS101,3,Quiz_1,19.1,20
MRK_3154,STU_10198,CS101,3,Midterm_Exam,29.2,30
MRK_3155,STU_10198,CS101,3,Assignment_1,16.8,20
MRK_3156,STU_10198,CS101,3,Final_Exam,22.7,30
MRK_3157,STU_10198,DS201,4,Quiz_1,15.7,20
MRK_3158,STU_10198,DS201,4,Midterm_Exam,19.0,30
MRK_3159,STU_10198,DS201,4,Assignment_1,16.1,20
MRK_3160,STU_10198,DS201,4,Final_Exam,29.4,30
MRK_3161,STU_10198,MA102,4,Quiz_1,13.5,20
MRK_3162,STU_10198,MA102,4,Midterm_Exam,18.7,30
MRK_3163,STU_10198,MA102,4,Assignment_1,12.8,20
MRK_3164,STU_10198,MA102,4,Final_Exam,25.3,30
MRK_3165,STU_10198,SE301,2,Quiz_1,13.1,20
MRK_3166,STU_10198,SE301,2,Midterm_Exam,18.7,30
MRK_3167,STU_10198,SE301,2,Assignment_1,17.3,20
MRK_3168,STU_10198,SE301,2,Final_Exam,19.5,30
MRK_3169,STU_10199,CS101,3,Quiz_1,18.6,20
MRK_3170,STU_10199,CS101,3,Midterm_Exam,26.1,30
MRK_3171,STU_10199,CS101,3,Assignment_1,20.0,20
MRK_3172,STU_10199,CS101,3,Final_Exam,22.6,30
MRK_3173,STU_10199,DS201,3,Quiz_1,15.8,20
MRK_3174,STU_10199,DS201,3,Midterm_Exam,17.7,30
MRK_3175,STU_10199,DS201,3,Assignment_1,17.9,20
MRK_3176,STU_10199,DS201,3,Final_Exam,27.5,30
MRK_3177,STU_10199,MA102,3,Quiz_1,7.2,20
MRK_3178,STU_10199,MA102,3,Midterm_Exam,27.5,30
MRK_3179,STU_10199,MA102,3,Assignment_1,16.2,20
MRK_3180,STU_10199,MA102,3,Final_Exam,26.1,30
MRK_3181,STU_10199,SE301,4,Quiz_1,13.0,20
MRK_3182,STU_10199,SE301,4,Midterm_Exam,30.0,30
MRK_3183,STU_10199,SE301,4,Assignment_1,17.0,20
MRK_3184,STU_10199,SE301,4,Final_Exam,24.7,30
MRK_3185,STU_10200,CS101,1,Quiz_1,13.6,20
MRK_3186,STU_10200,CS101,1,Midterm_Exam,19.3,30
MRK_3187,STU_10200,CS101,1,Assignment_1,14.7,20
MRK_3188,STU_10200,CS101,1,Final_Exam,22.0,30
MRK_3189,STU_10200,DS201,1,Quiz_1,13.7,20
MRK_3190,STU_10200,DS201,1,Midterm_Exam,27.7,30
MRK_3191,STU_10200,DS201,1,Assignment_1,11.2,20
MRK_3192,STU_10200,DS201,1,Final_Exam,22.2,30
MRK_3193,STU_10200,MA102,3,Quiz_1,19.2,20
MRK_3194,STU_10200,MA102,3,Midterm_Exam,25.8,30
MRK_3195,STU_10200,MA102,3,Assignment_1,12.9,20
MRK_3196,STU_10200,MA102,3,Final_Exam,24.6,30
MRK_3197,STU_10200,SE301,4,Quiz_1,15.7,20
MRK_3198,STU_10200,SE301,4,Midterm_Exam,24.6,30
MRK_3199,STU_10200,SE301,4,Assignment_1,17.0,20
MRK_3200,STU_10200,SE301,4,Final_Exam,30.0,30
MRK_3201,STU_10201,CS101,3,Quiz_1,5.4,20
MRK_3202,STU_10201,CS101,3,Midterm_Exam,4.9,30
MRK_3203,STU_10201,CS101,3,Assignment_1,7.9,20
MRK_3204,STU_10201,CS101,3,Final_Exam,15.5,30
MRK_3205,STU_10201,DS201,4,Quiz_1,11.6,20
MRK_3206,STU_10201,DS201,4,Midterm_Exam,10.5,30
MRK_3207,STU_10201,DS201,4,Assignment_1,3.5,20
MRK_3208,STU_10201,DS201,4,Final_Exam,15.5,30
MRK_3209,STU_10201,MA102,1,Quiz_1,9.8,20
MRK_3210,STU_10201,MA102,1,Midterm_Exam,16.2,30
MRK_3211,STU_10201,MA102,1,Assignment_1,10.2,20
MRK_3212,STU_10201,MA102,1,Final_Exam,11.6,30
MRK_3213,STU_10201,SE301,3,Quiz_1,11.7,20
MRK_3214,STU_10201,SE301,3,Midterm_Exam,18.1,30
MRK_3215,STU_10201,SE301,3,Assignment_1,9.5,20
MRK_3216,STU_10201,SE301,3,Final_Exam,10.2,30
MRK_3217,STU_10202,CS101,1,Quiz_1,13.1,20
MRK_3218,STU_10202,CS101,1,Midterm_Exam,29.4,30
MRK_3219,STU_10202,CS101,1,Assignment_1,19.4,20
MRK_3220,STU_10202,CS101,1,Final_Exam,30.0,30
MRK_3221,STU_10202,DS201,3,Quiz_1,16.9,20
MRK_3222,STU_10202,DS201,3,Midterm_Exam,26.4,30
MRK_3223,STU_10202,DS201,3,Assignment_1,16.9,20
MRK_3224,STU_10202,DS201,3,Final_Exam,19.5,30
MRK_3225,STU_10202,MA102,2,Quiz_1,19.3,20
MRK_3226,STU_10202,MA102,2,Midterm_Exam,25.3,30
MRK_3227,STU_10202,MA102,2,Assignment_1,16.9,20
MRK_3228,STU_10202,MA102,2,Final_Exam,28.2,30
MRK_3229,STU_10202,SE301,2,Quiz_1,13.7,20
MRK_3230,STU_10202,SE301,2,Midterm_Exam,30.0,30
MRK_3231,STU_10202,SE301,2,Assignment_1,20.0,20
MRK_3232,STU_10202,SE301,2,Final_Exam,28.4,30
MRK_3233,STU_10203,CS101,3,Quiz_1,9.7,20
MRK_3234,STU_10203,CS101,3,Midterm_Exam,26.2,30
MRK_3235,STU_10203,CS101,3,Assignment_1,14.6,20
MRK_3236,STU_10203,CS101,3,Final_Exam,25.7,30
MRK_3237,STU_10203,DS201,2,Quiz_1,18.2,20
MRK_3238,STU_10203,DS201,2,Midterm_Exam,23.2,30
MRK_3239,STU_10203,DS201,2,Assignment_1,20.0,20
MRK_3240,STU_10203,DS201,2,Final_Exam,26.9,30
MRK_3241,STU_10203,MA102,2,Quiz_1,15.3,20
MRK_3242,STU_10203,MA102,2,Midterm_Exam,26.5,30
MRK_3243,STU_10203,MA102,2,Assignment_1,18.2,20
MRK_3244,STU_10203,MA102,2,Final_Exam,30.0,30
MRK_3245,STU_10203,SE301,4,Quiz_1,10.9,20
MRK_3246,STU_10203,SE301,4,Midterm_Exam,25.7,30
MRK_3247,STU_10203,SE301,4,Assignment_1,11.2,20
MRK_3248,STU_10203,SE301,4,Final_Exam,24.1,30
MRK_3249,STU_10204,CS101,3,Quiz_1,18.1,20
MRK_3250,STU_10204,CS101,3,Midterm_Exam,30.0,30
MRK_3251,STU_10204,CS101,3,Assignment_1,14.3,20
MRK_3252,STU_10204,CS101,3,Final_Exam,15.0,30
MRK_3253,STU_10204,DS201,2,Quiz_1,14.5,20
MRK_3254,STU_10204,DS201,2,Midterm_Exam,28.7,30
MRK_3255,STU_10204,DS201,2,Assignment_1,17.1,20
MRK_3256,STU_10204,DS201,2,Final_Exam,29.4,30
MRK_3257,STU_10204,MA102,3,Quiz_1,18.3,20
MRK_3258,STU_10204,MA102,3,Midterm_Exam,27.3,30
MRK_3259,STU_10204,MA102,3,Assignment_1,19.2,20
MRK_3260,STU_10204,MA102,3,Final_Exam,24.3,30
MRK_3261,STU_10204,SE301,1,Quiz_1,14.8,20
MRK_3262,STU_10204,SE301,1,Midterm_Exam,30.0,30
MRK_3263,STU_10204,SE301,1,Assignment_1,18.7,20
MRK_3264,STU_10204,SE301,1,Final_Exam,27.9,30
MRK_3265,STU_10205,CS101,1,Quiz_1,12.8,20
MRK_3266,STU_10205,CS101,1,Midterm_Exam,11.3,30
MRK_3267,STU_10205,CS101,1,Assignment_1,6.1,20
MRK_3268,STU_10205,CS101,1,Final_Exam,9.2,30
MRK_3269,STU_10205,DS201,1,Quiz_1,5.2,20
MRK_3270,STU_10205,DS201,1,Midterm_Exam,14.1,30
MRK_3271,STU_10205,DS201,1,Assignment_1,14.3,20
MRK_3272,STU_10205,DS201,1,Final_Exam,19.1,30
MRK_3273,STU_10205,MA102,3,Quiz_1,7.7,20
MRK_3274,STU_10205,MA102,3,Midterm_Exam,6.3,30
MRK_3275,STU_10205,MA102,3,Assignment_1,10.6,20
MRK_3276,STU_10205,MA102,3,Final_Exam,3.9,30
MRK_3277,STU_10205,SE301,4,Quiz_1,5.3,20
MRK_3278,STU_10205,SE301,4,Midterm_Exam,9.8,30
MRK_3279,STU_10205,SE301,4,Assignment_1,4.3,20
MRK_3280,STU_10205,SE301,4,Final_Exam,11.2,30
MRK_3281,STU_10206,CS101,1,Quiz_1,20.0,20
MRK_3282,STU_10206,CS101,1,Midterm_Exam,30.0,30
MRK_3283,STU_10206,CS101,1,Assignment_1,20.0,20
MRK_3284,STU_10206,CS101,1,Final_Exam,23.4,30
MRK_3285,STU_10206,DS201,1,Quiz_1,17.8,20
MRK_3286,STU_10206,DS201,1,Midterm_Exam,21.0,30
MRK_3287,STU_10206,DS201,1,Assignment_1,15.7,20
MRK_3288,STU_10206,DS201,1,Final_Exam,28.5,30
MRK_3289,STU_10206,MA102,3,Quiz_1,12.8,20
MRK_3290,STU_10206,MA102,3,Midterm_Exam,30.0,30
MRK_3291,STU_10206,MA102,3,Assignment_1,20.0,20
MRK_3292,STU_10206,MA102,3,Final_Exam,20.6,30
MRK_3293,STU_10206,SE301,2,Quiz_1,20.0,20
MRK_3294,STU_10206,SE301,2,Midterm_Exam,22.4,30
MRK_3295,STU_10206,SE301,2,Assignment_1,15.1,20
MRK_3296,STU_10206,SE301,2,Final_Exam,29.8,30
MRK_3297,STU_10207,CS101,3,Quiz_1,9.7,20
MRK_3298,STU_10207,CS101,3,Midterm_Exam,25.6,30
MRK_3299,STU_10207,CS101,3,Assignment_1,20.0,20
MRK_3300,STU_10207,CS101,3,Final_Exam,20.5,30
MRK_3301,STU_10207,DS201,3,Quiz_1,19.8,20
MRK_3302,STU_10207,DS201,3,Midterm_Exam,22.0,30
MRK_3303,STU_10207,DS201,3,Assignment_1,17.2,20
MRK_3304,STU_10207,DS201,3,Final_Exam,29.3,30
MRK_3305,STU_10207,MA102,3,Quiz_1,20.0,20
MRK_3306,STU_10207,MA102,3,Midterm_Exam,28.2,30
MRK_3307,STU_10207,MA102,3,Assignment_1,15.2,20
MRK_3308,STU_10207,MA102,3,Final_Exam,30.0,30
MRK_3309,STU_10207,SE301,2,Quiz_1,12.3,20
MRK_3310,STU_10207,SE301,2,Midterm_Exam,25.5,30
MRK_3311,STU_10207,SE301,2,Assignment_1,14.0,20
MRK_3312,STU_10207,SE301,2,Final_Exam,19.4,30
MRK_3313,STU_10208,CS101,1,Quiz_1,18.1,20
MRK_3314,STU_10208,CS101,1,Midterm_Exam,22.0,30
MRK_3315,STU_10208,CS101,1,Assignment_1,19.4,20
MRK_3316,STU_10208,CS101,1,Final_Exam,22.8,30
MRK_3317,STU_10208,DS201,2,Quiz_1,13.1,20
MRK_3318,STU_10208,DS201,2,Midterm_Exam,19.4,30
MRK_3319,STU_10208,DS201,2,Assignment_1,17.1,20
MRK_3320,STU_10208,DS201,2,Final_Exam,30.0,30
MRK_3321,STU_10208,MA102,3,Quiz_1,20.0,20
MRK_3322,STU_10208,MA102,3,Midterm_Exam,26.7,30
MRK_3323,STU_10208,MA102,3,Assignment_1,18.7,20
MRK_3324,STU_10208,MA102,3,Final_Exam,27.8,30
MRK_3325,STU_10208,SE301,3,Quiz_1,16.1,20
MRK_3326,STU_10208,SE301,3,Midterm_Exam,16.7,30
MRK_3327,STU_10208,SE301,3,Assignment_1,13.1,20
MRK_3328,STU_10208,SE301,3,Final_Exam,18.2,30
MRK_3329,STU_10209,CS101,3,Quiz_1,4.9,20
MRK_3330,STU_10209,CS101,3,Midterm_Exam,15.9,30
MRK_3331,STU_10209,CS101,3,Assignment_1,10.0,20
MRK_3332,STU_10209,CS101,3,Final_Exam,15.0,30
MRK_3333,STU_10209,DS201,2,Quiz_1,12.2,20
MRK_3334,STU_10209,DS201,2,Midterm_Exam,12.8,30
MRK_3335,STU_10209,DS201,2,Assignment_1,13.4,20
MRK_3336,STU_10209,DS201,2,Final_Exam,2.8,30
MRK_3337,STU_10209,MA102,2,Quiz_1,7.2,20
MRK_3338,STU_10209,MA102,2,Midterm_Exam,14.9,30
MRK_3339,STU_10209,MA102,2,Assignment_1,8.3,20
MRK_3340,STU_10209,MA102,2,Final_Exam,12.2,30
MRK_3341,STU_10209,SE301,3,Quiz_1,0.0,20
MRK_3342,STU_10209,SE301,3,Midterm_Exam,12.7,30
MRK_3343,STU_10209,SE301,3,Assignment_1,11.3,20
MRK_3344,STU_10209,SE301,3,Final_Exam,5.7,30
MRK_3345,STU_10210,CS101,3,Quiz_1,12.4,20
MRK_3346,STU_10210,CS101,3,Midterm_Exam,30.0,30
MRK_3347,STU_10210,CS101,3,Assignment_1,20.0,20
MRK_3348,STU_10210,CS101,3,Final_Exam,30.0,30
MRK_3349,STU_10210,DS201,2,Quiz_1,17.9,20
MRK_3350,STU_10210,DS201,2,Midterm_Exam,30.0,30
MRK_3351,STU_10210,DS201,2,Assignment_1,13.3,20
MRK_3352,STU_10210,DS201,2,Final_Exam,18.7,30
MRK_3353,STU_10210,MA102,1,Quiz_1,14.0,20
MRK_3354,STU_10210,MA102,1,Midterm_Exam,15.3,30
MRK_3355,STU_10210,MA102,1,Assignment_1,16.2,20
MRK_3356,STU_10210,MA102,1,Final_Exam,18.8,30
MRK_3357,STU_10210,SE301,1,Quiz_1,10.0,20
MRK_3358,STU_10210,SE301,1,Midterm_Exam,4.3,30
MRK_3359,STU_10210,SE301,1,Assignment_1,17.7,20
MRK_3360,STU_10210,SE301,1,Final_Exam,30.0,30
MRK_3361,STU_10211,CS101,2,Quiz_1,20.0,20
MRK_3362,STU_10211,CS101,2,Midterm_Exam,17.2,30
MRK_3363,STU_10211,CS101,2,Assignment_1,17.6,20
MRK_3364,STU_10211,CS101,2,Final_Exam,24.4,30
MRK_3365,STU_10211,DS201,1,Quiz_1,20.0,20
MRK_3366,STU_10211,DS201,1,Midterm_Exam,20.8,30
MRK_3367,STU_10211,DS201,1,Assignment_1,17.8,20
MRK_3368,STU_10211,DS201,1,Final_Exam,18.7,30
MRK_3369,STU_10211,MA102,1,Quiz_1,19.9,20
MRK_3370,STU_10211,MA102,1,Midterm_Exam,16.9,30
MRK_3371,STU_10211,MA102,1,Assignment_1,10.6,20
MRK_3372,STU_10211,MA102,1,Final_Exam,21.4,30
MRK_3373,STU_10211,SE301,1,Quiz_1,14.6,20
MRK_3374,STU_10211,SE301,1,Midterm_Exam,18.2,30
MRK_3375,STU_10211,SE301,1,Assignment_1,14.6,20
MRK_3376,STU_10211,SE301,1,Final_Exam,28.5,30
MRK_3377,STU_10212,CS101,3,Quiz_1,20.0,20
MRK_3378,STU_10212,CS101,3,Midterm_Exam,19.3,30
MRK_3379,STU_10212,CS101,3,Assignment_1,20.0,20
MRK_3380,STU_10212,CS101,3,Final_Exam,23.0,30
MRK_3381,STU_10212,DS201,1,Quiz_1,13.7,20
MRK_3382,STU_10212,DS201,1,Midterm_Exam,21.6,30
MRK_3383,STU_10212,DS201,1,Assignment_1,17.9,20
MRK_3384,STU_10212,DS201,1,Final_Exam,23.9,30
MRK_3385,STU_10212,MA102,2,Quiz_1,9.0,20
MRK_3386,STU_10212,MA102,2,Midterm_Exam,24.6,30
MRK_3387,STU_10212,MA102,2,Assignment_1,16.3,20
MRK_3388,STU_10212,MA102,2,Final_Exam,24.1,30
MRK_3389,STU_10212,SE301,3,Quiz_1,19.2,20
MRK_3390,STU_10212,SE301,3,Midterm_Exam,25.7,30
MRK_3391,STU_10212,SE301,3,Assignment_1,19.2,20
MRK_3392,STU_10212,SE301,3,Final_Exam,24.9,30
MRK_3393,STU_10213,CS101,4,Quiz_1,12.7,20
MRK_3394,STU_10213,CS101,4,Midterm_Exam,10.3,30
MRK_3395,STU_10213,CS101,4,Assignment_1,5.6,20
MRK_3396,STU_10213,CS101,4,Final_Exam,10.2,30
MRK_3397,STU_10213,DS201,2,Quiz_1,4.8,20
MRK_3398,STU_10213,DS201,2,Midterm_Exam,11.5,30
MRK_3399,STU_10213,DS201,2,Assignment_1,4.4,20
MRK_3400,STU_10213,DS201,2,Final_Exam,5.9,30
MRK_3401,STU_10213,MA102,4,Quiz_1,9.7,20
MRK_3402,STU_10213,MA102,4,Midterm_Exam,17.2,30
MRK_3403,STU_10213,MA102,4,Assignment_1,7.7,20
MRK_3404,STU_10213,MA102,4,Final_Exam,10.8,30
MRK_3405,STU_10213,SE301,3,Quiz_1,8.8,20
MRK_3406,STU_10213,SE301,3,Midterm_Exam,3.2,30
MRK_3407,STU_10213,SE301,3,Assignment_1,7.3,20
MRK_3408,STU_10213,SE301,3,Final_Exam,14.0,30
MRK_3409,STU_10214,CS101,4,Quiz_1,16.4,20
MRK_3410,STU_10214,CS101,4,Midterm_Exam,24.9,30
MRK_3411,STU_10214,CS101,4,Assignment_1,18.6,20
MRK_3412,STU_10214,CS101,4,Final_Exam,30.0,30
MRK_3413,STU_10214,DS201,1,Quiz_1,17.0,20
MRK_3414,STU_10214,DS201,1,Midterm_Exam,26.5,30
MRK_3415,STU_10214,DS201,1,Assignment_1,16.7,20
MRK_3416,STU_10214,DS201,1,Final_Exam,22.3,30
MRK_3417,STU_10214,MA102,4,Quiz_1,17.8,20
MRK_3418,STU_10214,MA102,4,Midterm_Exam,25.1,30
MRK_3419,STU_10214,MA102,4,Assignment_1,17.4,20
MRK_3420,STU_10214,MA102,4,Final_Exam,29.6,30
MRK_3421,STU_10214,SE301,3,Quiz_1,15.2,20
MRK_3422,STU_10214,SE301,3,Midterm_Exam,25.4,30
MRK_3423,STU_10214,SE301,3,Assignment_1,20.0,20
MRK_3424,STU_10214,SE301,3,Final_Exam,28.5,30
MRK_3425,STU_10215,CS101,4,Quiz_1,20.0,20
MRK_3426,STU_10215,CS101,4,Midterm_Exam,12.9,30
MRK_3427,STU_10215,CS101,4,Assignment_1,18.2,20
MRK_3428,STU_10215,CS101,4,Final_Exam,24.1,30
MRK_3429,STU_10215,DS201,2,Quiz_1,12.9,20
MRK_3430,STU_10215,DS201,2,Midterm_Exam,28.1,30
MRK_3431,STU_10215,DS201,2,Assignment_1,16.4,20
MRK_3432,STU_10215,DS201,2,Final_Exam,28.4,30
MRK_3433,STU_10215,MA102,4,Quiz_1,9.8,20
MRK_3434,STU_10215,MA102,4,Midterm_Exam,25.3,30
MRK_3435,STU_10215,MA102,4,Assignment_1,19.0,20
MRK_3436,STU_10215,MA102,4,Final_Exam,18.8,30
MRK_3437,STU_10215,SE301,1,Quiz_1,20.0,20
MRK_3438,STU_10215,SE301,1,Midterm_Exam,27.7,30
MRK_3439,STU_10215,SE301,1,Assignment_1,20.0,20
MRK_3440,STU_10215,SE301,1,Final_Exam,28.4,30
MRK_3441,STU_10216,CS101,4,Quiz_1,20.0,20
MRK_3442,STU_10216,CS101,4,Midterm_Exam,18.8,30
MRK_3443,STU_10216,CS101,4,Assignment_1,17.8,20
MRK_3444,STU_10216,CS101,4,Final_Exam,29.2,30
MRK_3445,STU_10216,DS201,4,Quiz_1,15.5,20
MRK_3446,STU_10216,DS201,4,Midterm_Exam,30.0,30
MRK_3447,STU_10216,DS201,4,Assignment_1,14.2,20
MRK_3448,STU_10216,DS201,4,Final_Exam,24.2,30
MRK_3449,STU_10216,MA102,4,Quiz_1,15.6,20
MRK_3450,STU_10216,MA102,4,Midterm_Exam,29.8,30
MRK_3451,STU_10216,MA102,4,Assignment_1,12.1,20
MRK_3452,STU_10216,MA102,4,Final_Exam,25.4,30
MRK_3453,STU_10216,SE301,1,Quiz_1,9.7,20
MRK_3454,STU_10216,SE301,1,Midterm_Exam,27.5,30
MRK_3455,STU_10216,SE301,1,Assignment_1,17.3,20
MRK_3456,STU_10216,SE301,1,Final_Exam,24.8,30
MRK_3457,STU_10217,CS101,2,Quiz_1,0.0,20
MRK_3458,STU_10217,CS101,2,Midterm_Exam,18.6,30
MRK_3459,STU_10217,CS101,2,Assignment_1,6.5,20
MRK_3460,STU_10217,CS101,2,Final_Exam,13.6,30
MRK_3461,STU_10217,DS201,2,Quiz_1,0.0,20
MRK_3462,STU_10217,DS201,2,Midterm_Exam,12.3,30
MRK_3463,STU_10217,DS201,2,Assignment_1,9.9,20
MRK_3464,STU_10217,DS201,2,Final_Exam,15.0,30
MRK_3465,STU_10217,MA102,1,Quiz_1,7.3,20
MRK_3466,STU_10217,MA102,1,Midterm_Exam,11.1,30
MRK_3467,STU_10217,MA102,1,Assignment_1,11.4,20
MRK_3468,STU_10217,MA102,1,Final_Exam,3.7,30
MRK_3469,STU_10217,SE301,1,Quiz_1,9.2,20
MRK_3470,STU_10217,SE301,1,Midterm_Exam,15.3,30
MRK_3471,STU_10217,SE301,1,Assignment_1,10.0,20
MRK_3472,STU_10217,SE301,1,Final_Exam,10.0,30
MRK_3473,STU_10218,CS101,2,Quiz_1,12.3,20
MRK_3474,STU_10218,CS101,2,Midterm_Exam,25.8,30
MRK_3475,STU_10218,CS101,2,Assignment_1,20.0,20
MRK_3476,STU_10218,CS101,2,Final_Exam,27.2,30
MRK_3477,STU_10218,DS201,2,Quiz_1,12.3,20
MRK_3478,STU_10218,DS201,2,Midterm_Exam,29.7,30
MRK_3479,STU_10218,DS201,2,Assignment_1,20.0,20
MRK_3480,STU_10218,DS201,2,Final_Exam,24.2,30
MRK_3481,STU_10218,MA102,4,Quiz_1,15.4,20
MRK_3482,STU_10218,MA102,4,Midterm_Exam,26.8,30
MRK_3483,STU_10218,MA102,4,Assignment_1,19.4,20
MRK_3484,STU_10218,MA102,4,Final_Exam,29.3,30
MRK_3485,STU_10218,SE301,3,Quiz_1,18.1,20
MRK_3486,STU_10218,SE301,3,Midterm_Exam,30.0,30
MRK_3487,STU_10218,SE301,3,Assignment_1,16.0,20
MRK_3488,STU_10218,SE301,3,Final_Exam,8.5,30
MRK_3489,STU_10219,CS101,4,Quiz_1,15.8,20
MRK_3490,STU_10219,CS101,4,Midterm_Exam,30.0,30
MRK_3491,STU_10219,CS101,4,Assignment_1,16.2,20
MRK_3492,STU_10219,CS101,4,Final_Exam,23.5,30
MRK_3493,STU_10219,DS201,3,Quiz_1,20.0,20
MRK_3494,STU_10219,DS201,3,Midterm_Exam,27.3,30
MRK_3495,STU_10219,DS201,3,Assignment_1,15.6,20
MRK_3496,STU_10219,DS201,3,Final_Exam,30.0,30
MRK_3497,STU_10219,MA102,1,Quiz_1,17.3,20
MRK_3498,STU_10219,MA102,1,Midterm_Exam,30.0,30
MRK_3499,STU_10219,MA102,1,Assignment_1,13.1,20
MRK_3500,STU_10219,MA102,1,Final_Exam,27.7,30
MRK_3501,STU_10219,SE301,3,Quiz_1,16.4,20
MRK_3502,STU_10219,SE301,3,Midterm_Exam,15.1,30
MRK_3503,STU_10219,SE301,3,Assignment_1,12.0,20
MRK_3504,STU_10219,SE301,3,Final_Exam,24.8,30
MRK_3505,STU_10220,CS101,1,Quiz_1,13.4,20
MRK_3506,STU_10220,CS101,1,Midterm_Exam,19.6,30
MRK_3507,STU_10220,CS101,1,Assignment_1,17.3,20
MRK_3508,STU_10220,CS101,1,Final_Exam,30.0,30
MRK_3509,STU_10220,DS201,2,Quiz_1,10.9,20
MRK_3510,STU_10220,DS201,2,Midterm_Exam,26.4,30
MRK_3511,STU_10220,DS201,2,Assignment_1,19.4,20
MRK_3512,STU_10220,DS201,2,Final_Exam,27.4,30
MRK_3513,STU_10220,MA102,3,Quiz_1,20.0,20
MRK_3514,STU_10220,MA102,3,Midterm_Exam,24.1,30
MRK_3515,STU_10220,MA102,3,Assignment_1,18.4,20
MRK_3516,STU_10220,MA102,3,Final_Exam,22.5,30
MRK_3517,STU_10220,SE301,1,Quiz_1,12.1,20
MRK_3518,STU_10220,SE301,1,Midterm_Exam,19.6,30
MRK_3519,STU_10220,SE301,1,Assignment_1,20.0,20
MRK_3520,STU_10220,SE301,1,Final_Exam,27.8,30
MRK_3521,STU_10221,CS101,2,Quiz_1,5.8,20
MRK_3522,STU_10221,CS101,2,Midterm_Exam,1.0,30
MRK_3523,STU_10221,CS101,2,Assignment_1,12.2,20
MRK_3524,STU_10221,CS101,2,Final_Exam,7.6,30
MRK_3525,STU_10221,DS201,2,Quiz_1,4.7,20
MRK_3526,STU_10221,DS201,2,Midterm_Exam,12.1,30
MRK_3527,STU_10221,DS201,2,Assignment_1,4.8,20
MRK_3528,STU_10221,DS201,2,Final_Exam,13.5,30
MRK_3529,STU_10221,MA102,3,Quiz_1,6.8,20
MRK_3530,STU_10221,MA102,3,Midterm_Exam,16.8,30
MRK_3531,STU_10221,MA102,3,Assignment_1,11.8,20
MRK_3532,STU_10221,MA102,3,Final_Exam,1.9,30
MRK_3533,STU_10221,SE301,3,Quiz_1,4.6,20
MRK_3534,STU_10221,SE301,3,Midterm_Exam,16.6,30
MRK_3535,STU_10221,SE301,3,Assignment_1,3.7,20
MRK_3536,STU_10221,SE301,3,Final_Exam,6.9,30
MRK_3537,STU_10222,CS101,1,Quiz_1,16.0,20
MRK_3538,STU_10222,CS101,1,Midterm_Exam,26.5,30
MRK_3539,STU_10222,CS101,1,Assignment_1,20.0,20
MRK_3540,STU_10222,CS101,1,Final_Exam,28.7,30
MRK_3541,STU_10222,DS201,2,Quiz_1,19.3,20
MRK_3542,STU_10222,DS201,2,Midterm_Exam,15.8,30
MRK_3543,STU_10222,DS201,2,Assignment_1,20.0,20
MRK_3544,STU_10222,DS201,2,Final_Exam,24.1,30
MRK_3545,STU_10222,MA102,1,Quiz_1,12.0,20
MRK_3546,STU_10222,MA102,1,Midterm_Exam,30.0,30
MRK_3547,STU_10222,MA102,1,Assignment_1,14.7,20
MRK_3548,STU_10222,MA102,1,Final_Exam,29.9,30
MRK_3549,STU_10222,SE301,1,Quiz_1,18.2,20
MRK_3550,STU_10222,SE301,1,Midterm_Exam,29.4,30
MRK_3551,STU_10222,SE301,1,Assignment_1,20.0,20
MRK_3552,STU_10222,SE301,1,Final_Exam,24.0,30
MRK_3553,STU_10223,CS101,4,Quiz_1,12.4,20
MRK_3554,STU_10223,CS101,4,Midterm_Exam,28.8,30
MRK_3555,STU_10223,CS101,4,Assignment_1,15.3,20
MRK_3556,STU_10223,CS101,4,Final_Exam,24.0,30
MRK_3557,STU_10223,DS201,2,Quiz_1,16.3,20
MRK_3558,STU_10223,DS201,2,Midterm_Exam,29.8,30
MRK_3559,STU_10223,DS201,2,Assignment_1,20.0,20
MRK_3560,STU_10223,DS201,2,Final_Exam,28.2,30
MRK_3561,STU_10223,MA102,3,Quiz_1,15.4,20
MRK_3562,STU_10223,MA102,3,Midterm_Exam,20.4,30
MRK_3563,STU_10223,MA102,3,Assignment_1,16.3,20
MRK_3564,STU_10223,MA102,3,Final_Exam,18.6,30
MRK_3565,STU_10223,SE301,3,Quiz_1,15.5,20
MRK_3566,STU_10223,SE301,3,Midterm_Exam,24.9,30
MRK_3567,STU_10223,SE301,3,Assignment_1,19.7,20
MRK_3568,STU_10223,SE301,3,Final_Exam,27.4,30
MRK_3569,STU_10224,CS101,1,Quiz_1,20.0,20
MRK_3570,STU_10224,CS101,1,Midterm_Exam,27.9,30
MRK_3571,STU_10224,CS101,1,Assignment_1,20.0,20
MRK_3572,STU_10224,CS101,1,Final_Exam,29.3,30
MRK_3573,STU_10224,DS201,2,Quiz_1,17.6,20
MRK_3574,STU_10224,DS201,2,Midterm_Exam,19.8,30
MRK_3575,STU_10224,DS201,2,Assignment_1,20.0,20
MRK_3576,STU_10224,DS201,2,Final_Exam,26.9,30
MRK_3577,STU_10224,MA102,1,Quiz_1,12.7,20
MRK_3578,STU_10224,MA102,1,Midterm_Exam,23.7,30
MRK_3579,STU_10224,MA102,1,Assignment_1,15.7,20
MRK_3580,STU_10224,MA102,1,Final_Exam,30.0,30
MRK_3581,STU_10224,SE301,4,Quiz_1,9.8,20
MRK_3582,STU_10224,SE301,4,Midterm_Exam,30.0,30
MRK_3583,STU_10224,SE301,4,Assignment_1,15.8,20
MRK_3584,STU_10224,SE301,4,Final_Exam,17.7,30
MRK_3585,STU_10225,CS101,3,Quiz_1,9.3,20
MRK_3586,STU_10225,CS101,3,Midterm_Exam,9.7,30
MRK_3587,STU_10225,CS101,3,Assignment_1,13.7,20
MRK_3588,STU_10225,CS101,3,Final_Exam,7.8,30
MRK_3589,STU_10225,DS201,2,Quiz_1,8.1,20
MRK_3590,STU_10225,DS201,2,Midterm_Exam,8.1,30
MRK_3591,STU_10225,DS201,2,Assignment_1,11.5,20
MRK_3592,STU_10225,DS201,2,Final_Exam,12.9,30
MRK_3593,STU_10225,MA102,3,Quiz_1,10.4,20
MRK_3594,STU_10225,MA102,3,Midterm_Exam,6.4,30
MRK_3595,STU_10225,MA102,3,Assignment_1,6.5,20
MRK_3596,STU_10225,MA102,3,Final_Exam,15.5,30
MRK_3597,STU_10225,SE301,3,Quiz_1,7.9,20
MRK_3598,STU_10225,SE301,3,Midterm_Exam,9.7,30
MRK_3599,STU_10225,SE301,3,Assignment_1,2.8,20
MRK_3600,STU_10225,SE301,3,Final_Exam,19.5,30
MRK_3601,STU_10226,CS101,3,Quiz_1,12.9,20
MRK_3602,STU_10226,CS101,3,Midterm_Exam,30.0,30
MRK_3603,STU_10226,CS101,3,Assignment_1,19.7,20
MRK_3604,STU_10226,CS101,3,Final_Exam,28.0,30
MRK_3605,STU_10226,DS201,4,Quiz_1,16.0,20
MRK_3606,STU_10226,DS201,4,Midterm_Exam,26.4,30
MRK_3607,STU_10226,DS201,4,Assignment_1,17.2,20
MRK_3608,STU_10226,DS201,4,Final_Exam,26.6,30
MRK_3609,STU_10226,MA102,1,Quiz_1,14.2,20
MRK_3610,STU_10226,MA102,1,Midterm_Exam,24.3,30
MRK_3611,STU_10226,MA102,1,Assignment_1,20.0,20
MRK_3612,STU_10226,MA102,1,Final_Exam,20.8,30
MRK_3613,STU_10226,SE301,2,Quiz_1,17.8,20
MRK_3614,STU_10226,SE301,2,Midterm_Exam,21.5,30
MRK_3615,STU_10226,SE301,2,Assignment_1,15.1,20
MRK_3616,STU_10226,SE301,2,Final_Exam,18.9,30
MRK_3617,STU_10227,CS101,3,Quiz_1,11.3,20
MRK_3618,STU_10227,CS101,3,Midterm_Exam,30.0,30
MRK_3619,STU_10227,CS101,3,Assignment_1,12.7,20
MRK_3620,STU_10227,CS101,3,Final_Exam,21.9,30
MRK_3621,STU_10227,DS201,3,Quiz_1,18.8,20
MRK_3622,STU_10227,DS201,3,Midterm_Exam,26.4,30
MRK_3623,STU_10227,DS201,3,Assignment_1,15.6,20
MRK_3624,STU_10227,DS201,3,Final_Exam,30.0,30
MRK_3625,STU_10227,MA102,1,Quiz_1,16.6,20
MRK_3626,STU_10227,MA102,1,Midterm_Exam,19.4,30
MRK_3627,STU_10227,MA102,1,Assignment_1,20.0,20
MRK_3628,STU_10227,MA102,1,Final_Exam,25.4,30
MRK_3629,STU_10227,SE301,2,Quiz_1,8.8,20
MRK_3630,STU_10227,SE301,2,Midterm_Exam,22.8,30
MRK_3631,STU_10227,SE301,2,Assignment_1,20.0,20
MRK_3632,STU_10227,SE301,2,Final_Exam,25.6,30
MRK_3633,STU_10228,CS101,3,Quiz_1,16.1,20
MRK_3634,STU_10228,CS101,3,Midterm_Exam,22.8,30
MRK_3635,STU_10228,CS101,3,Assignment_1,20.0,20
MRK_3636,STU_10228,CS101,3,Final_Exam,24.4,30
MRK_3637,STU_10228,DS201,4,Quiz_1,13.8,20
MRK_3638,STU_10228,DS201,4,Midterm_Exam,15.3,30
MRK_3639,STU_10228,DS201,4,Assignment_1,12.0,20
MRK_3640,STU_10228,DS201,4,Final_Exam,19.6,30
MRK_3641,STU_10228,MA102,4,Quiz_1,10.0,20
MRK_3642,STU_10228,MA102,4,Midterm_Exam,18.2,30
MRK_3643,STU_10228,MA102,4,Assignment_1,12.6,20
MRK_3644,STU_10228,MA102,4,Final_Exam,28.7,30
MRK_3645,STU_10228,SE301,1,Quiz_1,16.3,20
MRK_3646,STU_10228,SE301,1,Midterm_Exam,26.8,30
MRK_3647,STU_10228,SE301,1,Assignment_1,17.5,20
MRK_3648,STU_10228,SE301,1,Final_Exam,24.3,30
MRK_3649,STU_10229,CS101,4,Quiz_1,6.4,20
MRK_3650,STU_10229,CS101,4,Midterm_Exam,11.7,30
MRK_3651,STU_10229,CS101,4,Assignment_1,6.8,20
MRK_3652,STU_10229,CS101,4,Final_Exam,12.3,30
MRK_3653,STU_10229,DS201,1,Quiz_1,3.9,20
MRK_3654,STU_10229,DS201,1,Midterm_Exam,15.2,30
MRK_3655,STU_10229,DS201,1,Assignment_1,6.7,20
MRK_3656,STU_10229,DS201,1,Final_Exam,13.0,30
MRK_3657,STU_10229,MA102,4,Quiz_1,13.0,20
MRK_3658,STU_10229,MA102,4,Midterm_Exam,14.4,30
MRK_3659,STU_10229,MA102,4,Assignment_1,11.6,20
MRK_3660,STU_10229,MA102,4,Final_Exam,7.9,30
MRK_3661,STU_10229,SE301,3,Quiz_1,11.1,20
MRK_3662,STU_10229,SE301,3,Midterm_Exam,16.3,30
MRK_3663,STU_10229,SE301,3,Assignment_1,9.9,20
MRK_3664,STU_10229,SE301,3,Final_Exam,14.0,30
MRK_3665,STU_10230,CS101,3,Quiz_1,18.9,20
MRK_3666,STU_10230,CS101,3,Midterm_Exam,29.7,30
MRK_3667,STU_10230,CS101,3,Assignment_1,14.5,20
MRK_3668,STU_10230,CS101,3,Final_Exam,25.8,30
MRK_3669,STU_10230,DS201,1,Quiz_1,20.0,20
MRK_3670,STU_10230,DS201,1,Midterm_Exam,28.8,30
MRK_3671,STU_10230,DS201,1,Assignment_1,19.3,20
MRK_3672,STU_10230,DS201,1,Final_Exam,23.7,30
MRK_3673,STU_10230,MA102,1,Quiz_1,11.2,20
MRK_3674,STU_10230,MA102,1,Midterm_Exam,11.7,30
MRK_3675,STU_10230,MA102,1,Assignment_1,12.8,20
MRK_3676,STU_10230,MA102,1,Final_Exam,30.0,30
MRK_3677,STU_10230,SE301,3,Quiz_1,20.0,20
MRK_3678,STU_10230,SE301,3,Midterm_Exam,28.0,30
MRK_3679,STU_10230,SE301,3,Assignment_1,16.2,20
MRK_3680,STU_10230,SE301,3,Final_Exam,23.4,30
MRK_3681,STU_10231,CS101,4,Quiz_1,20.0,20
MRK_3682,STU_10231,CS101,4,Midterm_Exam,23.3,30
MRK_3683,STU_10231,CS101,4,Assignment_1,18.1,20
MRK_3684,STU_10231,CS101,4,Final_Exam,30.0,30
MRK_3685,STU_10231,DS201,1,Quiz_1,12.7,20
MRK_3686,STU_10231,DS201,1,Midterm_Exam,22.1,30
MRK_3687,STU_10231,DS201,1,Assignment_1,15.7,20
MRK_3688,STU_10231,DS201,1,Final_Exam,18.5,30
MRK_3689,STU_10231,MA102,4,Quiz_1,18.9,20
MRK_3690,STU_10231,MA102,4,Midterm_Exam,19.0,30
MRK_3691,STU_10231,MA102,4,Assignment_1,15.7,20
MRK_3692,STU_10231,MA102,4,Final_Exam,25.6,30
MRK_3693,STU_10231,SE301,4,Quiz_1,13.0,20
MRK_3694,STU_10231,SE301,4,Midterm_Exam,21.8,30
MRK_3695,STU_10231,SE301,4,Assignment_1,17.8,20
MRK_3696,STU_10231,SE301,4,Final_Exam,26.7,30
MRK_3697,STU_10232,CS101,2,Quiz_1,16.2,20
MRK_3698,STU_10232,CS101,2,Midterm_Exam,19.1,30
MRK_3699,STU_10232,CS101,2,Assignment_1,18.2,20
MRK_3700,STU_10232,CS101,2,Final_Exam,29.5,30
MRK_3701,STU_10232,DS201,2,Quiz_1,10.7,20
MRK_3702,STU_10232,DS201,2,Midterm_Exam,17.2,30
MRK_3703,STU_10232,DS201,2,Assignment_1,13.9,20
MRK_3704,STU_10232,DS201,2,Final_Exam,29.7,30
MRK_3705,STU_10232,MA102,4,Quiz_1,18.3,20
MRK_3706,STU_10232,MA102,4,Midterm_Exam,26.4,30
MRK_3707,STU_10232,MA102,4,Assignment_1,20.0,20
MRK_3708,STU_10232,MA102,4,Final_Exam,20.7,30
MRK_3709,STU_10232,SE301,3,Quiz_1,14.8,20
MRK_3710,STU_10232,SE301,3,Midterm_Exam,24.4,30
MRK_3711,STU_10232,SE301,3,Assignment_1,9.6,20
MRK_3712,STU_10232,SE301,3,Final_Exam,30.0,30
MRK_3713,STU_10233,CS101,3,Quiz_1,10.1,20
MRK_3714,STU_10233,CS101,3,Midterm_Exam,13.4,30
MRK_3715,STU_10233,CS101,3,Assignment_1,8.3,20
MRK_3716,STU_10233,CS101,3,Final_Exam,0.7,30
MRK_3717,STU_10233,DS201,1,Quiz_1,10.2,20
MRK_3718,STU_10233,DS201,1,Midterm_Exam,18.5,30
MRK_3719,STU_10233,DS201,1,Assignment_1,2.4,20
MRK_3720,STU_10233,DS201,1,Final_Exam,14.9,30
MRK_3721,STU_10233,MA102,2,Quiz_1,12.8,20
MRK_3722,STU_10233,MA102,2,Midterm_Exam,14.0,30
MRK_3723,STU_10233,MA102,2,Assignment_1,13.0,20
MRK_3724,STU_10233,MA102,2,Final_Exam,6.3,30
MRK_3725,STU_10233,SE301,4,Quiz_1,9.2,20
MRK_3726,STU_10233,SE301,4,Midterm_Exam,11.4,30
MRK_3727,STU_10233,SE301,4,Assignment_1,12.0,20
MRK_3728,STU_10233,SE301,4,Final_Exam,11.1,30
MRK_3729,STU_10234,CS101,2,Quiz_1,15.7,20
MRK_3730,STU_10234,CS101,2,Midterm_Exam,17.7,30
MRK_3731,STU_10234,CS101,2,Assignment_1,20.0,20
MRK_3732,STU_10234,CS101,2,Final_Exam,17.8,30
MRK_3733,STU_10234,DS201,2,Quiz_1,10.3,20
MRK_3734,STU_10234,DS201,2,Midterm_Exam,30.0,30
MRK_3735,STU_10234,DS201,2,Assignment_1,18.0,20
MRK_3736,STU_10234,DS201,2,Final_Exam,17.3,30
MRK_3737,STU_10234,MA102,2,Quiz_1,13.7,20
MRK_3738,STU_10234,MA102,2,Midterm_Exam,25.3,30
MRK_3739,STU_10234,MA102,2,Assignment_1,20.0,20
MRK_3740,STU_10234,MA102,2,Final_Exam,18.7,30
MRK_3741,STU_10234,SE301,3,Quiz_1,18.0,20
MRK_3742,STU_10234,SE301,3,Midterm_Exam,30.0,30
MRK_3743,STU_10234,SE301,3,Assignment_1,20.0,20
MRK_3744,STU_10234,SE301,3,Final_Exam,30.0,30
MRK_3745,STU_10235,CS101,1,Quiz_1,11.9,20
MRK_3746,STU_10235,CS101,1,Midterm_Exam,26.8,30
MRK_3747,STU_10235,CS101,1,Assignment_1,20.0,20
MRK_3748,STU_10235,CS101,1,Final_Exam,23.1,30
MRK_3749,STU_10235,DS201,1,Quiz_1,12.6,20
MRK_3750,STU_10235,DS201,1,Midterm_Exam,29.9,30
MRK_3751,STU_10235,DS201,1,Assignment_1,17.1,20
MRK_3752,STU_10235,DS201,1,Final_Exam,25.9,30
MRK_3753,STU_10235,MA102,4,Quiz_1,14.7,20
MRK_3754,STU_10235,MA102,4,Midterm_Exam,28.0,30
MRK_3755,STU_10235,MA102,4,Assignment_1,17.5,20
MRK_3756,STU_10235,MA102,4,Final_Exam,20.2,30
MRK_3757,STU_10235,SE301,1,Quiz_1,20.0,20
MRK_3758,STU_10235,SE301,1,Midterm_Exam,20.7,30
MRK_3759,STU_10235,SE301,1,Assignment_1,16.7,20
MRK_3760,STU_10235,SE301,1,Final_Exam,25.0,30
MRK_3761,STU_10236,CS101,4,Quiz_1,14.0,20
MRK_3762,STU_10236,CS101,4,Midterm_Exam,22.8,30
MRK_3763,STU_10236,CS101,4,Assignment_1,16.9,20
MRK_3764,STU_10236,CS101,4,Final_Exam,27.6,30
MRK_3765,STU_10236,DS201,4,Quiz_1,17.2,20
MRK_3766,STU_10236,DS201,4,Midterm_Exam,23.1,30
MRK_3767,STU_10236,DS201,4,Assignment_1,20.0,20
MRK_3768,STU_10236,DS201,4,Final_Exam,22.3,30
MRK_3769,STU_10236,MA102,4,Quiz_1,18.0,20
MRK_3770,STU_10236,MA102,4,Midterm_Exam,28.1,30
MRK_3771,STU_10236,MA102,4,Assignment_1,13.1,20
MRK_3772,STU_10236,MA102,4,Final_Exam,27.3,30
MRK_3773,STU_10236,SE301,1,Quiz_1,20.0,20
MRK_3774,STU_10236,SE301,1,Midterm_Exam,16.4,30
MRK_3775,STU_10236,SE301,1,Assignment_1,10.4,20
MRK_3776,STU_10236,SE301,1,Final_Exam,30.0,30
MRK_3777,STU_10237,CS101,2,Quiz_1,2.7,20
MRK_3778,STU_10237,CS101,2,Midterm_Exam,14.5,30
MRK_3779,STU_10237,CS101,2,Assignment_1,9.1,20
MRK_3780,STU_10237,CS101,2,Final_Exam,9.8,30
MRK_3781,STU_10237,DS201,3,Quiz_1,8.1,20
MRK_3782,STU_10237,DS201,3,Midterm_Exam,5.5,30
MRK_3783,STU_10237,DS201,3,Assignment_1,13.6,20
MRK_3784,STU_10237,DS201,3,Final_Exam,11.1,30
MRK_3785,STU_10237,MA102,2,Quiz_1,13.2,20
MRK_3786,STU_10237,MA102,2,Midterm_Exam,11.5,30
MRK_3787,STU_10237,MA102,2,Assignment_1,3.5,20
MRK_3788,STU_10237,MA102,2,Final_Exam,7.2,30
MRK_3789,STU_10237,SE301,4,Quiz_1,13.1,20
MRK_3790,STU_10237,SE301,4,Midterm_Exam,12.1,30
MRK_3791,STU_10237,SE301,4,Assignment_1,11.4,20
MRK_3792,STU_10237,SE301,4,Final_Exam,7.0,30
MRK_3793,STU_10238,CS101,1,Quiz_1,15.0,20
MRK_3794,STU_10238,CS101,1,Midterm_Exam,27.3,30
MRK_3795,STU_10238,CS101,1,Assignment_1,16.8,20
MRK_3796,STU_10238,CS101,1,Final_Exam,17.4,30
MRK_3797,STU_10238,DS201,3,Quiz_1,15.6,20
MRK_3798,STU_10238,DS201,3,Midterm_Exam,26.5,30
MRK_3799,STU_10238,DS201,3,Assignment_1,18.4,20
MRK_3800,STU_10238,DS201,3,Final_Exam,23.8,30
MRK_3801,STU_10238,MA102,2,Quiz_1,16.7,20
MRK_3802,STU_10238,MA102,2,Midterm_Exam,21.5,30
MRK_3803,STU_10238,MA102,2,Assignment_1,20.0,20
MRK_3804,STU_10238,MA102,2,Final_Exam,14.7,30
MRK_3805,STU_10238,SE301,4,Quiz_1,14.2,20
MRK_3806,STU_10238,SE301,4,Midterm_Exam,20.1,30
MRK_3807,STU_10238,SE301,4,Assignment_1,20.0,20
MRK_3808,STU_10238,SE301,4,Final_Exam,26.5,30
MRK_3809,STU_10239,CS101,3,Quiz_1,18.6,20
MRK_3810,STU_10239,CS101,3,Midterm_Exam,16.0,30
MRK_3811,STU_10239,CS101,3,Assignment_1,16.7,20
MRK_3812,STU_10239,CS101,3,Final_Exam,30.0,30
MRK_3813,STU_10239,DS201,2,Quiz_1,20.0,20
MRK_3814,STU_10239,DS201,2,Midterm_Exam,30.0,30
MRK_3815,STU_10239,DS201,2,Assignment_1,20.0,20
MRK_3816,STU_10239,DS201,2,Final_Exam,15.5,30
MRK_3817,STU_10239,MA102,1,Quiz_1,16.3,20
MRK_3818,STU_10239,MA102,1,Midterm_Exam,28.8,30
MRK_3819,STU_10239,MA102,1,Assignment_1,20.0,20
MRK_3820,STU_10239,MA102,1,Final_Exam,26.0,30
MRK_3821,STU_10239,SE301,3,Quiz_1,19.1,20
MRK_3822,STU_10239,SE301,3,Midterm_Exam,14.6,30
MRK_3823,STU_10239,SE301,3,Assignment_1,13.1,20
MRK_3824,STU_10239,SE301,3,Final_Exam,17.0,30
MRK_3825,STU_10240,CS101,3,Quiz_1,15.9,20
MRK_3826,STU_10240,CS101,3,Midterm_Exam,18.9,30
MRK_3827,STU_10240,CS101,3,Assignment_1,20.0,20
MRK_3828,STU_10240,CS101,3,Final_Exam,26.6,30
MRK_3829,STU_10240,DS201,2,Quiz_1,20.0,20
MRK_3830,STU_10240,DS201,2,Midterm_Exam,20.1,30
MRK_3831,STU_10240,DS201,2,Assignment_1,15.4,20
MRK_3832,STU_10240,DS201,2,Final_Exam,18.8,30
MRK_3833,STU_10240,MA102,4,Quiz_1,0.9,20
MRK_3834,STU_10240,MA102,4,Midterm_Exam,21.4,30
MRK_3835,STU_10240,MA102,4,Assignment_1,20.0,20
MRK_3836,STU_10240,MA102,4,Final_Exam,30.0,30
MRK_3837,STU_10240,SE301,3,Quiz_1,10.0,20
MRK_3838,STU_10240,SE301,3,Midterm_Exam,23.6,30
MRK_3839,STU_10240,SE301,3,Assignment_1,17.8,20
MRK_3840,STU_10240,SE301,3,Final_Exam,20.0,30
MRK_3841,STU_10241,CS101,4,Quiz_1,7.6,20
MRK_3842,STU_10241,CS101,4,Midterm_Exam,24.3,30
MRK_3843,STU_10241,CS101,4,Assignment_1,9.9,20
MRK_3844,STU_10241,CS101,4,Final_Exam,13.7,30
MRK_3845,STU_10241,DS201,4,Quiz_1,11.0,20
MRK_3846,STU_10241,DS201,4,Midterm_Exam,11.2,30
MRK_3847,STU_10241,DS201,4,Assignment_1,9.2,20
MRK_3848,STU_10241,DS201,4,Final_Exam,10.4,30
MRK_3849,STU_10241,MA102,4,Quiz_1,7.2,20
MRK_3850,STU_10241,MA102,4,Midterm_Exam,18.6,30
MRK_3851,STU_10241,MA102,4,Assignment_1,18.1,20
MRK_3852,STU_10241,MA102,4,Final_Exam,4.0,30
MRK_3853,STU_10241,SE301,4,Quiz_1,7.0,20
MRK_3854,STU_10241,SE301,4,Midterm_Exam,17.7,30
MRK_3855,STU_10241,SE301,4,Assignment_1,10.5,20
MRK_3856,STU_10241,SE301,4,Final_Exam,5.2,30
MRK_3857,STU_10242,CS101,3,Quiz_1,20.0,20
MRK_3858,STU_10242,CS101,3,Midterm_Exam,16.0,30
MRK_3859,STU_10242,CS101,3,Assignment_1,12.6,20
MRK_3860,STU_10242,CS101,3,Final_Exam,29.9,30
MRK_3861,STU_10242,DS201,2,Quiz_1,15.9,20
MRK_3862,STU_10242,DS201,2,Midterm_Exam,25.4,30
MRK_3863,STU_10242,DS201,2,Assignment_1,20.0,20
MRK_3864,STU_10242,DS201,2,Final_Exam,28.2,30
MRK_3865,STU_10242,MA102,1,Quiz_1,19.1,20
MRK_3866,STU_10242,MA102,1,Midterm_Exam,30.0,30
MRK_3867,STU_10242,MA102,1,Assignment_1,14.4,20
MRK_3868,STU_10242,MA102,1,Final_Exam,10.2,30
MRK_3869,STU_10242,SE301,1,Quiz_1,19.3,20
MRK_3870,STU_10242,SE301,1,Midterm_Exam,27.7,30
MRK_3871,STU_10242,SE301,1,Assignment_1,15.2,20
MRK_3872,STU_10242,SE301,1,Final_Exam,25.9,30
MRK_3873,STU_10243,CS101,1,Quiz_1,20.0,20
MRK_3874,STU_10243,CS101,1,Midterm_Exam,26.0,30
MRK_3875,STU_10243,CS101,1,Assignment_1,13.5,20
MRK_3876,STU_10243,CS101,1,Final_Exam,29.3,30
MRK_3877,STU_10243,DS201,2,Quiz_1,13.9,20
MRK_3878,STU_10243,DS201,2,Midterm_Exam,26.1,30
MRK_3879,STU_10243,DS201,2,Assignment_1,15.3,20
MRK_3880,STU_10243,DS201,2,Final_Exam,27.8,30
MRK_3881,STU_10243,MA102,2,Quiz_1,15.7,20
MRK_3882,STU_10243,MA102,2,Midterm_Exam,20.5,30
MRK_3883,STU_10243,MA102,2,Assignment_1,16.2,20
MRK_3884,STU_10243,MA102,2,Final_Exam,26.3,30
MRK_3885,STU_10243,SE301,3,Quiz_1,17.0,20
MRK_3886,STU_10243,SE301,3,Midterm_Exam,24.7,30
MRK_3887,STU_10243,SE301,3,Assignment_1,15.0,20
MRK_3888,STU_10243,SE301,3,Final_Exam,22.8,30
MRK_3889,STU_10244,CS101,2,Quiz_1,17.6,20
MRK_3890,STU_10244,CS101,2,Midterm_Exam,29.1,30
MRK_3891,STU_10244,CS101,2,Assignment_1,19.1,20
MRK_3892,STU_10244,CS101,2,Final_Exam,22.6,30
MRK_3893,STU_10244,DS201,3,Quiz_1,18.3,20
MRK_3894,STU_10244,DS201,3,Midterm_Exam,12.7,30
MRK_3895,STU_10244,DS201,3,Assignment_1,16.3,20
MRK_3896,STU_10244,DS201,3,Final_Exam,21.1,30
MRK_3897,STU_10244,MA102,4,Quiz_1,15.8,20
MRK_3898,STU_10244,MA102,4,Midterm_Exam,14.6,30
MRK_3899,STU_10244,MA102,4,Assignment_1,11.9,20
MRK_3900,STU_10244,MA102,4,Final_Exam,25.5,30
MRK_3901,STU_10244,SE301,4,Quiz_1,17.8,20
MRK_3902,STU_10244,SE301,4,Midterm_Exam,22.2,30
MRK_3903,STU_10244,SE301,4,Assignment_1,15.0,20
MRK_3904,STU_10244,SE301,4,Final_Exam,25.2,30
MRK_3905,STU_10245,CS101,4,Quiz_1,16.6,20
MRK_3906,STU_10245,CS101,4,Midterm_Exam,15.1,30
MRK_3907,STU_10245,CS101,4,Assignment_1,7.9,20
MRK_3908,STU_10245,CS101,4,Final_Exam,15.6,30
MRK_3909,STU_10245,DS201,1,Quiz_1,8.8,20
MRK_3910,STU_10245,DS201,1,Midterm_Exam,16.7,30
MRK_3911,STU_10245,DS201,1,Assignment_1,8.3,20
MRK_3912,STU_10245,DS201,1,Final_Exam,15.5,30
MRK_3913,STU_10245,MA102,1,Quiz_1,6.6,20
MRK_3914,STU_10245,MA102,1,Midterm_Exam,10.9,30
MRK_3915,STU_10245,MA102,1,Assignment_1,5.9,20
MRK_3916,STU_10245,MA102,1,Final_Exam,13.2,30
MRK_3917,STU_10245,SE301,3,Quiz_1,5.5,20
MRK_3918,STU_10245,SE301,3,Midterm_Exam,0.9,30
MRK_3919,STU_10245,SE301,3,Assignment_1,10.5,20
MRK_3920,STU_10245,SE301,3,Final_Exam,12.3,30
MRK_3921,STU_10246,CS101,1,Quiz_1,16.7,20
MRK_3922,STU_10246,CS101,1,Midterm_Exam,24.8,30
MRK_3923,STU_10246,CS101,1,Assignment_1,14.1,20
MRK_3924,STU_10246,CS101,1,Final_Exam,17.8,30
MRK_3925,STU_10246,DS201,2,Quiz_1,20.0,20
MRK_3926,STU_10246,DS201,2,Midterm_Exam,22.1,30
MRK_3927,STU_10246,DS201,2,Assignment_1,18.8,20
MRK_3928,STU_10246,DS201,2,Final_Exam,18.9,30
MRK_3929,STU_10246,MA102,1,Quiz_1,13.4,20
MRK_3930,STU_10246,MA102,1,Midterm_Exam,24.1,30
MRK_3931,STU_10246,MA102,1,Assignment_1,19.2,20
MRK_3932,STU_10246,MA102,1,Final_Exam,16.0,30
MRK_3933,STU_10246,SE301,3,Quiz_1,16.9,20
MRK_3934,STU_10246,SE301,3,Midterm_Exam,26.6,30
MRK_3935,STU_10246,SE301,3,Assignment_1,16.9,20
MRK_3936,STU_10246,SE301,3,Final_Exam,16.9,30
MRK_3937,STU_10247,CS101,2,Quiz_1,15.6,20
MRK_3938,STU_10247,CS101,2,Midterm_Exam,26.0,30
MRK_3939,STU_10247,CS101,2,Assignment_1,15.8,20
MRK_3940,STU_10247,CS101,2,Final_Exam,21.4,30
MRK_3941,STU_10247,DS201,2,Quiz_1,17.4,20
MRK_3942,STU_10247,DS201,2,Midterm_Exam,26.3,30
MRK_3943,STU_10247,DS201,2,Assignment_1,15.2,20
MRK_3944,STU_10247,DS201,2,Final_Exam,16.6,30
MRK_3945,STU_10247,MA102,1,Quiz_1,8.7,20
MRK_3946,STU_10247,MA102,1,Midterm_Exam,29.9,30
MRK_3947,STU_10247,MA102,1,Assignment_1,17.7,20
MRK_3948,STU_10247,MA102,1,Final_Exam,25.4,30
MRK_3949,STU_10247,SE301,3,Quiz_1,17.4,20
MRK_3950,STU_10247,SE301,3,Midterm_Exam,19.8,30
MRK_3951,STU_10247,SE301,3,Assignment_1,16.6,20
MRK_3952,STU_10247,SE301,3,Final_Exam,30.0,30
MRK_3953,STU_10248,CS101,3,Quiz_1,12.3,20
MRK_3954,STU_10248,CS101,3,Midterm_Exam,26.7,30
MRK_3955,STU_10248,CS101,3,Assignment_1,13.8,20
MRK_3956,STU_10248,CS101,3,Final_Exam,29.2,30
MRK_3957,STU_10248,DS201,1,Quiz_1,16.5,20
MRK_3958,STU_10248,DS201,1,Midterm_Exam,22.4,30
MRK_3959,STU_10248,DS201,1,Assignment_1,20.0,20
MRK_3960,STU_10248,DS201,1,Final_Exam,29.3,30
MRK_3961,STU_10248,MA102,1,Quiz_1,13.8,20
MRK_3962,STU_10248,MA102,1,Midterm_Exam,26.9,30
MRK_3963,STU_10248,MA102,1,Assignment_1,20.0,20
MRK_3964,STU_10248,MA102,1,Final_Exam,22.6,30
MRK_3965,STU_10248,SE301,4,Quiz_1,12.1,20
MRK_3966,STU_10248,SE301,4,Midterm_Exam,18.5,30
MRK_3967,STU_10248,SE301,4,Assignment_1,15.8,20
MRK_3968,STU_10248,SE301,4,Final_Exam,29.7,30
MRK_3969,STU_10249,CS101,3,Quiz_1,4.6,20
MRK_3970,STU_10249,CS101,3,Midterm_Exam,14.9,30
MRK_3971,STU_10249,CS101,3,Assignment_1,6.4,20
MRK_3972,STU_10249,CS101,3,Final_Exam,13.3,30
MRK_3973,STU_10249,DS201,4,Quiz_1,11.5,20
MRK_3974,STU_10249,DS201,4,Midterm_Exam,0.0,30
MRK_3975,STU_10249,DS201,4,Assignment_1,8.5,20
MRK_3976,STU_10249,DS201,4,Final_Exam,7.6,30
MRK_3977,STU_10249,MA102,1,Quiz_1,3.9,20
MRK_3978,STU_10249,MA102,1,Midterm_Exam,17.0,30
MRK_3979,STU_10249,MA102,1,Assignment_1,13.8,20
MRK_3980,STU_10249,MA102,1,Final_Exam,10.3,30
MRK_3981,STU_10249,SE301,3,Quiz_1,10.3,20
MRK_3982,STU_10249,SE301,3,Midterm_Exam,9.8,30
MRK_3983,STU_10249,SE301,3,Assignment_1,8.5,20
MRK_3984,STU_10249,SE301,3,Final_Exam,13.6,30
MRK_3985,STU_10250,CS101,1,Quiz_1,10.5,20
MRK_3986,STU_10250,CS101,1,Midterm_Exam,28.3,30
MRK_3987,STU_10250,CS101,1,Assignment_1,16.9,20
MRK_3988,STU_10250,CS101,1,Final_Exam,21.7,30
MRK_3989,STU_10250,DS201,2,Quiz_1,18.3,20
MRK_3990,STU_10250,DS201,2,Midterm_Exam,20.5,30
MRK_3991,STU_10250,DS201,2,Assignment_1,20.0,20
MRK_3992,STU_10250,DS201,2,Final_Exam,24.9,30
MRK_3993,STU_10250,MA102,2,Quiz_1,18.9,20
MRK_3994,STU_10250,MA102,2,Midterm_Exam,28.1,30
MRK_3995,STU_10250,MA102,2,Assignment_1,19.4,20
MRK_3996,STU_10250,MA102,2,Final_Exam,25.3,30
MRK_3997,STU_10250,SE301,2,Quiz_1,13.8,20
MRK_3998,STU_10250,SE301,2,Midterm_Exam,30.0,30
MRK_3999,STU_10250,SE301,2,Assignment_1,18.4,20
MRK_4000,STU_10250,SE301,2,Final_Exam,21.1,30
MRK_4001,STU_10251,CS101,1,Quiz_1,16.9,20
MRK_4002,STU_10251,CS101,1,Midterm_Exam,9.0,30
MRK_4003,STU_10251,CS101,1,Assignment_1,18.0,20
MRK_4004,STU_10251,CS101,1,Final_Exam,29.5,30
MRK_4005,STU_10251,DS201,3,Quiz_1,14.9,20
MRK_4006,STU_10251,DS201,3,Midterm_Exam,25.2,30
MRK_4007,STU_10251,DS201,3,Assignment_1,16.0,20
MRK_4008,STU_10251,DS201,3,Final_Exam,23.8,30
MRK_4009,STU_10251,MA102,2,Quiz_1,12.3,20
MRK_4010,STU_10251,MA102,2,Midterm_Exam,24.7,30
MRK_4011,STU_10251,MA102,2,Assignment_1,14.1,20
MRK_4012,STU_10251,MA102,2,Final_Exam,20.5,30
MRK_4013,STU_10251,SE301,1,Quiz_1,20.0,20
MRK_4014,STU_10251,SE301,1,Midterm_Exam,25.5,30
MRK_4015,STU_10251,SE301,1,Assignment_1,12.0,20
MRK_4016,STU_10251,SE301,1,Final_Exam,22.9,30
MRK_4017,STU_10252,CS101,1,Quiz_1,17.3,20
MRK_4018,STU_10252,CS101,1,Midterm_Exam,24.2,30
MRK_4019,STU_10252,CS101,1,Assignment_1,12.0,20
MRK_4020,STU_10252,CS101,1,Final_Exam,30.0,30
MRK_4021,STU_10252,DS201,3,Quiz_1,20.0,20
MRK_4022,STU_10252,DS201,3,Midterm_Exam,29.1,30
MRK_4023,STU_10252,DS201,3,Assignment_1,17.6,20
MRK_4024,STU_10252,DS201,3,Final_Exam,29.3,30
MRK_4025,STU_10252,MA102,3,Quiz_1,20.0,20
MRK_4026,STU_10252,MA102,3,Midterm_Exam,30.0,30
MRK_4027,STU_10252,MA102,3,Assignment_1,17.8,20
MRK_4028,STU_10252,MA102,3,Final_Exam,24.8,30
MRK_4029,STU_10252,SE301,3,Quiz_1,18.9,20
MRK_4030,STU_10252,SE301,3,Midterm_Exam,30.0,30
MRK_4031,STU_10252,SE301,3,Assignment_1,16.7,20
MRK_4032,STU_10252,SE301,3,Final_Exam,23.6,30
MRK_4033,STU_10253,CS101,3,Quiz_1,7.8,20
MRK_4034,STU_10253,CS101,3,Midterm_Exam,11.8,30
MRK_4035,STU_10253,CS101,3,Assignment_1,10.9,20
MRK_4036,STU_10253,CS101,3,Final_Exam,19.3,30
MRK_4037,STU_10253,DS201,2,Quiz_1,9.6,20
MRK_4038,STU_10253,DS201,2,Midterm_Exam,3.0,30
MRK_4039,STU_10253,DS201,2,Assignment_1,11.2,20
MRK_4040,STU_10253,DS201,2,Final_Exam,13.6,30
MRK_4041,STU_10253,MA102,3,Quiz_1,1.1,20
MRK_4042,STU_10253,MA102,3,Midterm_Exam,6.8,30
MRK_4043,STU_10253,MA102,3,Assignment_1,8.8,20
MRK_4044,STU_10253,MA102,3,Final_Exam,4.5,30
MRK_4045,STU_10253,SE301,2,Quiz_1,9.3,20
MRK_4046,STU_10253,SE301,2,Midterm_Exam,10.8,30
MRK_4047,STU_10253,SE301,2,Assignment_1,8.5,20
MRK_4048,STU_10253,SE301,2,Final_Exam,8.7,30
MRK_4049,STU_10254,CS101,4,Quiz_1,11.4,20
MRK_4050,STU_10254,CS101,4,Midterm_Exam,30.0,30
MRK_4051,STU_10254,CS101,4,Assignment_1,18.1,20
MRK_4052,STU_10254,CS101,4,Final_Exam,30.0,30
MRK_4053,STU_10254,DS201,1,Quiz_1,14.2,20
MRK_4054,STU_10254,DS201,1,Midterm_Exam,23.2,30
MRK_4055,STU_10254,DS201,1,Assignment_1,16.9,20
MRK_4056,STU_10254,DS201,1,Final_Exam,25.0,30
MRK_4057,STU_10254,MA102,2,Quiz_1,10.3,20
MRK_4058,STU_10254,MA102,2,Midterm_Exam,21.3,30
MRK_4059,STU_10254,MA102,2,Assignment_1,18.6,20
MRK_4060,STU_10254,MA102,2,Final_Exam,28.8,30
MRK_4061,STU_10254,SE301,2,Quiz_1,9.5,20
MRK_4062,STU_10254,SE301,2,Midterm_Exam,30.0,30
MRK_4063,STU_10254,SE301,2,Assignment_1,16.4,20
MRK_4064,STU_10254,SE301,2,Final_Exam,30.0,30
MRK_4065,STU_10255,CS101,1,Quiz_1,13.7,20
MRK_4066,STU_10255,CS101,1,Midterm_Exam,24.7,30
MRK_4067,STU_10255,CS101,1,Assignment_1,19.8,20
MRK_4068,STU_10255,CS101,1,Final_Exam,27.2,30
MRK_4069,STU_10255,DS201,1,Quiz_1,13.0,20
MRK_4070,STU_10255,DS201,1,Midterm_Exam,30.0,30
MRK_4071,STU_10255,DS201,1,Assignment_1,11.1,20
MRK_4072,STU_10255,DS201,1,Final_Exam,22.1,30
MRK_4073,STU_10255,MA102,1,Quiz_1,20.0,20
MRK_4074,STU_10255,MA102,1,Midterm_Exam,15.1,30
MRK_4075,STU_10255,MA102,1,Assignment_1,19.5,20
MRK_4076,STU_10255,MA102,1,Final_Exam,21.9,30
MRK_4077,STU_10255,SE301,4,Quiz_1,19.7,20
MRK_4078,STU_10255,SE301,4,Midterm_Exam,22.2,30
MRK_4079,STU_10255,SE301,4,Assignment_1,18.6,20
MRK_4080,STU_10255,SE301,4,Final_Exam,27.5,30
MRK_4081,STU_10256,CS101,1,Quiz_1,17.8,20
MRK_4082,STU_10256,CS101,1,Midterm_Exam,29.1,30
MRK_4083,STU_10256,CS101,1,Assignment_1,12.1,20
MRK_4084,STU_10256,CS101,1,Final_Exam,22.6,30
MRK_4085,STU_10256,DS201,3,Quiz_1,11.3,20
MRK_4086,STU_10256,DS201,3,Midterm_Exam,30.0,30
MRK_4087,STU_10256,DS201,3,Assignment_1,14.3,20
MRK_4088,STU_10256,DS201,3,Final_Exam,30.0,30
MRK_4089,STU_10256,MA102,4,Quiz_1,18.6,20
MRK_4090,STU_10256,MA102,4,Midterm_Exam,22.1,30
MRK_4091,STU_10256,MA102,4,Assignment_1,17.5,20
MRK_4092,STU_10256,MA102,4,Final_Exam,27.3,30
MRK_4093,STU_10256,SE301,1,Quiz_1,18.3,20
MRK_4094,STU_10256,SE301,1,Midterm_Exam,30.0,30
MRK_4095,STU_10256,SE301,1,Assignment_1,18.4,20
MRK_4096,STU_10256,SE301,1,Final_Exam,12.0,30
MRK_4097,STU_10257,CS101,2,Quiz_1,6.9,20
MRK_4098,STU_10257,CS101,2,Midterm_Exam,16.3,30
MRK_4099,STU_10257,CS101,2,Assignment_1,7.5,20
MRK_4100,STU_10257,CS101,2,Final_Exam,6.8,30
MRK_4101,STU_10257,DS201,4,Quiz_1,11.8,20
MRK_4102,STU_10257,DS201,4,Midterm_Exam,17.9,30
MRK_4103,STU_10257,DS201,4,Assignment_1,15.6,20
MRK_4104,STU_10257,DS201,4,Final_Exam,8.2,30
MRK_4105,STU_10257,MA102,4,Quiz_1,9.6,20
MRK_4106,STU_10257,MA102,4,Midterm_Exam,11.6,30
MRK_4107,STU_10257,MA102,4,Assignment_1,9.3,20
MRK_4108,STU_10257,MA102,4,Final_Exam,15.0,30
MRK_4109,STU_10257,SE301,3,Quiz_1,11.9,20
MRK_4110,STU_10257,SE301,3,Midterm_Exam,12.5,30
MRK_4111,STU_10257,SE301,3,Assignment_1,15.4,20
MRK_4112,STU_10257,SE301,3,Final_Exam,16.6,30
MRK_4113,STU_10258,CS101,4,Quiz_1,15.1,20
MRK_4114,STU_10258,CS101,4,Midterm_Exam,14.8,30
MRK_4115,STU_10258,CS101,4,Assignment_1,20.0,20
MRK_4116,STU_10258,CS101,4,Final_Exam,25.5,30
MRK_4117,STU_10258,DS201,3,Quiz_1,13.3,20
MRK_4118,STU_10258,DS201,3,Midterm_Exam,21.2,30
MRK_4119,STU_10258,DS201,3,Assignment_1,19.6,20
MRK_4120,STU_10258,DS201,3,Final_Exam,23.1,30
MRK_4121,STU_10258,MA102,2,Quiz_1,14.7,20
MRK_4122,STU_10258,MA102,2,Midterm_Exam,25.0,30
MRK_4123,STU_10258,MA102,2,Assignment_1,13.4,20
MRK_4124,STU_10258,MA102,2,Final_Exam,25.8,30
MRK_4125,STU_10258,SE301,2,Quiz_1,17.5,20
MRK_4126,STU_10258,SE301,2,Midterm_Exam,20.9,30
MRK_4127,STU_10258,SE301,2,Assignment_1,17.7,20
MRK_4128,STU_10258,SE301,2,Final_Exam,30.0,30
MRK_4129,STU_10259,CS101,2,Quiz_1,20.0,20
MRK_4130,STU_10259,CS101,2,Midterm_Exam,20.1,30
MRK_4131,STU_10259,CS101,2,Assignment_1,16.0,20
MRK_4132,STU_10259,CS101,2,Final_Exam,30.0,30
MRK_4133,STU_10259,DS201,3,Quiz_1,16.7,20
MRK_4134,STU_10259,DS201,3,Midterm_Exam,24.9,30
MRK_4135,STU_10259,DS201,3,Assignment_1,20.0,20
MRK_4136,STU_10259,DS201,3,Final_Exam,25.1,30
MRK_4137,STU_10259,MA102,4,Quiz_1,14.5,20
MRK_4138,STU_10259,MA102,4,Midterm_Exam,26.5,30
MRK_4139,STU_10259,MA102,4,Assignment_1,19.3,20
MRK_4140,STU_10259,MA102,4,Final_Exam,24.0,30
MRK_4141,STU_10259,SE301,2,Quiz_1,10.9,20
MRK_4142,STU_10259,SE301,2,Midterm_Exam,23.7,30
MRK_4143,STU_10259,SE301,2,Assignment_1,20.0,20
MRK_4144,STU_10259,SE301,2,Final_Exam,23.0,30
MRK_4145,STU_10260,CS101,4,Quiz_1,18.3,20
MRK_4146,STU_10260,CS101,4,Midterm_Exam,26.1,30
MRK_4147,STU_10260,CS101,4,Assignment_1,19.7,20
MRK_4148,STU_10260,CS101,4,Final_Exam,25.0,30
MRK_4149,STU_10260,DS201,4,Quiz_1,9.0,20
MRK_4150,STU_10260,DS201,4,Midterm_Exam,15.4,30
MRK_4151,STU_10260,DS201,4,Assignment_1,20.0,20
MRK_4152,STU_10260,DS201,4,Final_Exam,25.3,30
MRK_4153,STU_10260,MA102,1,Quiz_1,14.4,20
MRK_4154,STU_10260,MA102,1,Midterm_Exam,16.3,30
MRK_4155,STU_10260,MA102,1,Assignment_1,15.4,20
MRK_4156,STU_10260,MA102,1,Final_Exam,25.3,30
MRK_4157,STU_10260,SE301,3,Quiz_1,20.0,20
MRK_4158,STU_10260,SE301,3,Midterm_Exam,21.5,30
MRK_4159,STU_10260,SE301,3,Assignment_1,13.8,20
MRK_4160,STU_10260,SE301,3,Final_Exam,30.0,30
MRK_4161,STU_10261,CS101,2,Quiz_1,4.9,20
MRK_4162,STU_10261,CS101,2,Midterm_Exam,16.0,30
MRK_4163,STU_10261,CS101,2,Assignment_1,11.3,20
MRK_4164,STU_10261,CS101,2,Final_Exam,21.4,30
MRK_4165,STU_10261,DS201,2,Quiz_1,8.3,20
MRK_4166,STU_10261,DS201,2,Midterm_Exam,2.2,30
MRK_4167,STU_10261,DS201,2,Assignment_1,9.0,20
MRK_4168,STU_10261,DS201,2,Final_Exam,3.3,30
MRK_4169,STU_10261,MA102,4,Quiz_1,8.1,20
MRK_4170,STU_10261,MA102,4,Midterm_Exam,19.5,30
MRK_4171,STU_10261,MA102,4,Assignment_1,6.5,20
MRK_4172,STU_10261,MA102,4,Final_Exam,12.1,30
MRK_4173,STU_10261,SE301,1,Quiz_1,9.2,20
MRK_4174,STU_10261,SE301,1,Midterm_Exam,13.6,30
MRK_4175,STU_10261,SE301,1,Assignment_1,10.7,20
MRK_4176,STU_10261,SE301,1,Final_Exam,12.7,30
MRK_4177,STU_10262,CS101,3,Quiz_1,10.4,20
MRK_4178,STU_10262,CS101,3,Midterm_Exam,17.3,30
MRK_4179,STU_10262,CS101,3,Assignment_1,18.5,20
MRK_4180,STU_10262,CS101,3,Final_Exam,30.0,30
MRK_4181,STU_10262,DS201,3,Quiz_1,18.3,20
MRK_4182,STU_10262,DS201,3,Midterm_Exam,29.5,30
MRK_4183,STU_10262,DS201,3,Assignment_1,19.7,20
MRK_4184,STU_10262,DS201,3,Final_Exam,30.0,30
MRK_4185,STU_10262,MA102,2,Quiz_1,20.0,20
MRK_4186,STU_10262,MA102,2,Midterm_Exam,20.1,30
MRK_4187,STU_10262,MA102,2,Assignment_1,11.9,20
MRK_4188,STU_10262,MA102,2,Final_Exam,24.4,30
MRK_4189,STU_10262,SE301,4,Quiz_1,12.2,20
MRK_4190,STU_10262,SE301,4,Midterm_Exam,30.0,30
MRK_4191,STU_10262,SE301,4,Assignment_1,17.2,20
MRK_4192,STU_10262,SE301,4,Final_Exam,24.2,30
MRK_4193,STU_10263,CS101,1,Quiz_1,18.6,20
MRK_4194,STU_10263,CS101,1,Midterm_Exam,30.0,30
MRK_4195,STU_10263,CS101,1,Assignment_1,16.3,20
MRK_4196,STU_10263,CS101,1,Final_Exam,30.0,30
MRK_4197,STU_10263,DS201,1,Quiz_1,12.3,20
MRK_4198,STU_10263,DS201,1,Midterm_Exam,29.0,30
MRK_4199,STU_10263,DS201,1,Assignment_1,17.7,20
MRK_4200,STU_10263,DS201,1,Final_Exam,29.4,30
MRK_4201,STU_10263,MA102,2,Quiz_1,12.1,20
MRK_4202,STU_10263,MA102,2,Midterm_Exam,18.6,30
MRK_4203,STU_10263,MA102,2,Assignment_1,20.0,20
MRK_4204,STU_10263,MA102,2,Final_Exam,30.0,30
MRK_4205,STU_10263,SE301,3,Quiz_1,18.6,20
MRK_4206,STU_10263,SE301,3,Midterm_Exam,22.1,30
MRK_4207,STU_10263,SE301,3,Assignment_1,16.6,20
MRK_4208,STU_10263,SE301,3,Final_Exam,26.3,30
MRK_4209,STU_10264,CS101,3,Quiz_1,17.2,20
MRK_4210,STU_10264,CS101,3,Midterm_Exam,30.0,30
MRK_4211,STU_10264,CS101,3,Assignment_1,15.2,20
MRK_4212,STU_10264,CS101,3,Final_Exam,23.1,30
MRK_4213,STU_10264,DS201,4,Quiz_1,20.0,20
MRK_4214,STU_10264,DS201,4,Midterm_Exam,25.5,30
MRK_4215,STU_10264,DS201,4,Assignment_1,18.4,20
MRK_4216,STU_10264,DS201,4,Final_Exam,22.6,30
MRK_4217,STU_10264,MA102,2,Quiz_1,16.2,20
MRK_4218,STU_10264,MA102,2,Midterm_Exam,26.9,30
MRK_4219,STU_10264,MA102,2,Assignment_1,18.6,20
MRK_4220,STU_10264,MA102,2,Final_Exam,28.2,30
MRK_4221,STU_10264,SE301,4,Quiz_1,14.7,20
MRK_4222,STU_10264,SE301,4,Midterm_Exam,30.0,30
MRK_4223,STU_10264,SE301,4,Assignment_1,18.1,20
MRK_4224,STU_10264,SE301,4,Final_Exam,20.1,30
MRK_4225,STU_10265,CS101,1,Quiz_1,11.8,20
MRK_4226,STU_10265,CS101,1,Midterm_Exam,5.2,30
MRK_4227,STU_10265,CS101,1,Assignment_1,5.6,20
MRK_4228,STU_10265,CS101,1,Final_Exam,3.3,30
MRK_4229,STU_10265,DS201,4,Quiz_1,0.5,20
MRK_4230,STU_10265,DS201,4,Midterm_Exam,11.7,30
MRK_4231,STU_10265,DS201,4,Assignment_1,7.8,20
MRK_4232,STU_10265,DS201,4,Final_Exam,13.4,30
MRK_4233,STU_10265,MA102,3,Quiz_1,9.8,20
MRK_4234,STU_10265,MA102,3,Midterm_Exam,10.7,30
MRK_4235,STU_10265,MA102,3,Assignment_1,6.2,20
MRK_4236,STU_10265,MA102,3,Final_Exam,6.0,30
MRK_4237,STU_10265,SE301,4,Quiz_1,5.0,20
MRK_4238,STU_10265,SE301,4,Midterm_Exam,27.3,30
MRK_4239,STU_10265,SE301,4,Assignment_1,7.8,20
MRK_4240,STU_10265,SE301,4,Final_Exam,20.3,30
MRK_4241,STU_10266,CS101,2,Quiz_1,14.0,20
MRK_4242,STU_10266,CS101,2,Midterm_Exam,24.8,30
MRK_4243,STU_10266,CS101,2,Assignment_1,16.7,20
MRK_4244,STU_10266,CS101,2,Final_Exam,20.4,30
MRK_4245,STU_10266,DS201,1,Quiz_1,17.9,20
MRK_4246,STU_10266,DS201,1,Midterm_Exam,23.1,30
MRK_4247,STU_10266,DS201,1,Assignment_1,17.0,20
MRK_4248,STU_10266,DS201,1,Final_Exam,21.1,30
MRK_4249,STU_10266,MA102,2,Quiz_1,13.2,20
MRK_4250,STU_10266,MA102,2,Midterm_Exam,27.1,30
MRK_4251,STU_10266,MA102,2,Assignment_1,15.3,20
MRK_4252,STU_10266,MA102,2,Final_Exam,26.0,30
MRK_4253,STU_10266,SE301,1,Quiz_1,19.5,20
MRK_4254,STU_10266,SE301,1,Midterm_Exam,28.8,30
MRK_4255,STU_10266,SE301,1,Assignment_1,16.5,20
MRK_4256,STU_10266,SE301,1,Final_Exam,29.2,30
MRK_4257,STU_10267,CS101,1,Quiz_1,17.3,20
MRK_4258,STU_10267,CS101,1,Midterm_Exam,17.8,30
MRK_4259,STU_10267,CS101,1,Assignment_1,15.7,20
MRK_4260,STU_10267,CS101,1,Final_Exam,19.0,30
MRK_4261,STU_10267,DS201,2,Quiz_1,20.0,20
MRK_4262,STU_10267,DS201,2,Midterm_Exam,28.2,30
MRK_4263,STU_10267,DS201,2,Assignment_1,14.6,20
MRK_4264,STU_10267,DS201,2,Final_Exam,28.9,30
MRK_4265,STU_10267,MA102,2,Quiz_1,11.3,20
MRK_4266,STU_10267,MA102,2,Midterm_Exam,30.0,30
MRK_4267,STU_10267,MA102,2,Assignment_1,20.0,20
MRK_4268,STU_10267,MA102,2,Final_Exam,30.0,30
MRK_4269,STU_10267,SE301,3,Quiz_1,12.6,20
MRK_4270,STU_10267,SE301,3,Midterm_Exam,11.7,30
MRK_4271,STU_10267,SE301,3,Assignment_1,18.6,20
MRK_4272,STU_10267,SE301,3,Final_Exam,29.7,30
MRK_4273,STU_10268,CS101,1,Quiz_1,12.9,20
MRK_4274,STU_10268,CS101,1,Midterm_Exam,18.5,30
MRK_4275,STU_10268,CS101,1,Assignment_1,19.8,20
MRK_4276,STU_10268,CS101,1,Final_Exam,25.9,30
MRK_4277,STU_10268,DS201,1,Quiz_1,20.0,20
MRK_4278,STU_10268,DS201,1,Midterm_Exam,22.0,30
MRK_4279,STU_10268,DS201,1,Assignment_1,19.8,20
MRK_4280,STU_10268,DS201,1,Final_Exam,19.9,30
MRK_4281,STU_10268,MA102,3,Quiz_1,17.4,20
MRK_4282,STU_10268,MA102,3,Midterm_Exam,25.9,30
MRK_4283,STU_10268,MA102,3,Assignment_1,20.0,20
MRK_4284,STU_10268,MA102,3,Final_Exam,11.4,30
MRK_4285,STU_10268,SE301,3,Quiz_1,16.1,20
MRK_4286,STU_10268,SE301,3,Midterm_Exam,15.4,30
MRK_4287,STU_10268,SE301,3,Assignment_1,15.8,20
MRK_4288,STU_10268,SE301,3,Final_Exam,30.0,30
MRK_4289,STU_10269,CS101,3,Quiz_1,14.4,20
MRK_4290,STU_10269,CS101,3,Midterm_Exam,9.4,30
MRK_4291,STU_10269,CS101,3,Assignment_1,8.9,20
MRK_4292,STU_10269,CS101,3,Final_Exam,6.0,30
MRK_4293,STU_10269,DS201,1,Quiz_1,9.7,20
MRK_4294,STU_10269,DS201,1,Midterm_Exam,8.6,30
MRK_4295,STU_10269,DS201,1,Assignment_1,9.1,20
MRK_4296,STU_10269,DS201,1,Final_Exam,9.9,30
MRK_4297,STU_10269,MA102,4,Quiz_1,10.3,20
MRK_4298,STU_10269,MA102,4,Midterm_Exam,12.9,30
MRK_4299,STU_10269,MA102,4,Assignment_1,12.3,20
MRK_4300,STU_10269,MA102,4,Final_Exam,4.6,30
MRK_4301,STU_10269,SE301,2,Quiz_1,5.5,20
MRK_4302,STU_10269,SE301,2,Midterm_Exam,16.4,30
MRK_4303,STU_10269,SE301,2,Assignment_1,7.5,20
MRK_4304,STU_10269,SE301,2,Final_Exam,10.9,30
MRK_4305,STU_10270,CS101,2,Quiz_1,20.0,20
MRK_4306,STU_10270,CS101,2,Midterm_Exam,24.6,30
MRK_4307,STU_10270,CS101,2,Assignment_1,20.0,20
MRK_4308,STU_10270,CS101,2,Final_Exam,23.1,30
MRK_4309,STU_10270,DS201,1,Quiz_1,18.1,20
MRK_4310,STU_10270,DS201,1,Midterm_Exam,8.1,30
MRK_4311,STU_10270,DS201,1,Assignment_1,20.0,20
MRK_4312,STU_10270,DS201,1,Final_Exam,21.9,30
MRK_4313,STU_10270,MA102,4,Quiz_1,20.0,20
MRK_4314,STU_10270,MA102,4,Midterm_Exam,23.3,30
MRK_4315,STU_10270,MA102,4,Assignment_1,15.0,20
MRK_4316,STU_10270,MA102,4,Final_Exam,30.0,30
MRK_4317,STU_10270,SE301,4,Quiz_1,11.9,20
MRK_4318,STU_10270,SE301,4,Midterm_Exam,17.0,30
MRK_4319,STU_10270,SE301,4,Assignment_1,15.3,20
MRK_4320,STU_10270,SE301,4,Final_Exam,27.8,30
MRK_4321,STU_10271,CS101,3,Quiz_1,12.6,20
MRK_4322,STU_10271,CS101,3,Midterm_Exam,29.9,30
MRK_4323,STU_10271,CS101,3,Assignment_1,19.6,20
MRK_4324,STU_10271,CS101,3,Final_Exam,30.0,30
MRK_4325,STU_10271,DS201,3,Quiz_1,10.2,20
MRK_4326,STU_10271,DS201,3,Midterm_Exam,18.0,30
MRK_4327,STU_10271,DS201,3,Assignment_1,13.0,20
MRK_4328,STU_10271,DS201,3,Final_Exam,21.9,30
MRK_4329,STU_10271,MA102,3,Quiz_1,16.6,20
MRK_4330,STU_10271,MA102,3,Midterm_Exam,18.4,30
MRK_4331,STU_10271,MA102,3,Assignment_1,19.4,20
MRK_4332,STU_10271,MA102,3,Final_Exam,19.5,30
MRK_4333,STU_10271,SE301,4,Quiz_1,15.0,20
MRK_4334,STU_10271,SE301,4,Midterm_Exam,24.2,30
MRK_4335,STU_10271,SE301,4,Assignment_1,14.4,20
MRK_4336,STU_10271,SE301,4,Final_Exam,30.0,30
MRK_4337,STU_10272,CS101,3,Quiz_1,11.5,20
MRK_4338,STU_10272,CS101,3,Midterm_Exam,30.0,30
MRK_4339,STU_10272,CS101,3,Assignment_1,20.0,20
MRK_4340,STU_10272,CS101,3,Final_Exam,20.0,30
MRK_4341,STU_10272,DS201,2,Quiz_1,16.6,20
MRK_4342,STU_10272,DS201,2,Midterm_Exam,25.4,30
MRK_4343,STU_10272,DS201,2,Assignment_1,14.7,20
MRK_4344,STU_10272,DS201,2,Final_Exam,30.0,30
MRK_4345,STU_10272,MA102,4,Quiz_1,20.0,20
MRK_4346,STU_10272,MA102,4,Midterm_Exam,19.3,30
MRK_4347,STU_10272,MA102,4,Assignment_1,19.7,20
MRK_4348,STU_10272,MA102,4,Final_Exam,20.2,30
MRK_4349,STU_10272,SE301,2,Quiz_1,11.3,20
MRK_4350,STU_10272,SE301,2,Midterm_Exam,18.8,30
MRK_4351,STU_10272,SE301,2,Assignment_1,19.8,20
MRK_4352,STU_10272,SE301,2,Final_Exam,20.6,30
MRK_4353,STU_10273,CS101,4,Quiz_1,8.4,20
MRK_4354,STU_10273,CS101,4,Midterm_Exam,20.7,30
MRK_4355,STU_10273,CS101,4,Assignment_1,7.0,20
MRK_4356,STU_10273,CS101,4,Final_Exam,4.2,30
MRK_4357,STU_10273,DS201,4,Quiz_1,13.6,20
MRK_4358,STU_10273,DS201,4,Midterm_Exam,13.5,30
MRK_4359,STU_10273,DS201,4,Assignment_1,9.0,20
MRK_4360,STU_10273,DS201,4,Final_Exam,8.2,30
MRK_4361,STU_10273,MA102,1,Quiz_1,9.6,20
MRK_4362,STU_10273,MA102,1,Midterm_Exam,12.1,30
MRK_4363,STU_10273,MA102,1,Assignment_1,16.0,20
MRK_4364,STU_10273,MA102,1,Final_Exam,18.0,30
MRK_4365,STU_10273,SE301,3,Quiz_1,11.7,20
MRK_4366,STU_10273,SE301,3,Midterm_Exam,10.8,30
MRK_4367,STU_10273,SE301,3,Assignment_1,11.6,20
MRK_4368,STU_10273,SE301,3,Final_Exam,3.2,30
MRK_4369,STU_10274,CS101,2,Quiz_1,20.0,20
MRK_4370,STU_10274,CS101,2,Midterm_Exam,30.0,30
MRK_4371,STU_10274,CS101,2,Assignment_1,16.1,20
MRK_4372,STU_10274,CS101,2,Final_Exam,23.0,30
MRK_4373,STU_10274,DS201,4,Quiz_1,20.0,20
MRK_4374,STU_10274,DS201,4,Midterm_Exam,30.0,30
MRK_4375,STU_10274,DS201,4,Assignment_1,15.4,20
MRK_4376,STU_10274,DS201,4,Final_Exam,18.4,30
MRK_4377,STU_10274,MA102,4,Quiz_1,15.4,20
MRK_4378,STU_10274,MA102,4,Midterm_Exam,30.0,30
MRK_4379,STU_10274,MA102,4,Assignment_1,14.5,20
MRK_4380,STU_10274,MA102,4,Final_Exam,29.1,30
MRK_4381,STU_10274,SE301,4,Quiz_1,20.0,20
MRK_4382,STU_10274,SE301,4,Midterm_Exam,26.7,30
MRK_4383,STU_10274,SE301,4,Assignment_1,17.7,20
MRK_4384,STU_10274,SE301,4,Final_Exam,29.9,30
MRK_4385,STU_10275,CS101,4,Quiz_1,15.3,20
MRK_4386,STU_10275,CS101,4,Midterm_Exam,22.3,30
MRK_4387,STU_10275,CS101,4,Assignment_1,14.3,20
MRK_4388,STU_10275,CS101,4,Final_Exam,28.9,30
MRK_4389,STU_10275,DS201,1,Quiz_1,14.5,20
MRK_4390,STU_10275,DS201,1,Midterm_Exam,19.1,30
MRK_4391,STU_10275,DS201,1,Assignment_1,10.4,20
MRK_4392,STU_10275,DS201,1,Final_Exam,24.8,30
MRK_4393,STU_10275,MA102,1,Quiz_1,10.8,20
MRK_4394,STU_10275,MA102,1,Midterm_Exam,30.0,30
MRK_4395,STU_10275,MA102,1,Assignment_1,20.0,20
MRK_4396,STU_10275,MA102,1,Final_Exam,27.9,30
MRK_4397,STU_10275,SE301,4,Quiz_1,14.3,20
MRK_4398,STU_10275,SE301,4,Midterm_Exam,28.6,30
MRK_4399,STU_10275,SE301,4,Assignment_1,18.4,20
MRK_4400,STU_10275,SE301,4,Final_Exam,30.0,30
MRK_4401,STU_10276,CS101,4,Quiz_1,14.4,20
MRK_4402,STU_10276,CS101,4,Midterm_Exam,26.0,30
MRK_4403,STU_10276,CS101,4,Assignment_1,18.3,20
MRK_4404,STU_10276,CS101,4,Final_Exam,28.3,30
MRK_4405,STU_10276,DS201,4,Quiz_1,18.8,20
MRK_4406,STU_10276,DS201,4,Midterm_Exam,25.6,30
MRK_4407,STU_10276,DS201,4,Assignment_1,17.0,20
MRK_4408,STU_10276,DS201,4,Final_Exam,25.0,30
MRK_4409,STU_10276,MA102,3,Quiz_1,20.0,20
MRK_4410,STU_10276,MA102,3,Midterm_Exam,13.3,30
MRK_4411,STU_10276,MA102,3,Assignment_1,11.9,20
MRK_4412,STU_10276,MA102,3,Final_Exam,21.8,30
MRK_4413,STU_10276,SE301,4,Quiz_1,18.9,20
MRK_4414,STU_10276,SE301,4,Midterm_Exam,24.8,30
MRK_4415,STU_10276,SE301,4,Assignment_1,18.1,20
MRK_4416,STU_10276,SE301,4,Final_Exam,26.1,30
MRK_4417,STU_10277,CS101,3,Quiz_1,5.1,20
MRK_4418,STU_10277,CS101,3,Midterm_Exam,3.9,30
MRK_4419,STU_10277,CS101,3,Assignment_1,6.4,20
MRK_4420,STU_10277,CS101,3,Final_Exam,12.5,30
MRK_4421,STU_10277,DS201,1,Quiz_1,7.0,20
MRK_4422,STU_10277,DS201,1,Midterm_Exam,10.8,30
MRK_4423,STU_10277,DS201,1,Assignment_1,8.5,20
MRK_4424,STU_10277,DS201,1,Final_Exam,18.3,30
MRK_4425,STU_10277,MA102,3,Quiz_1,17.9,20
MRK_4426,STU_10277,MA102,3,Midterm_Exam,16.8,30
MRK_4427,STU_10277,MA102,3,Assignment_1,0.0,20
MRK_4428,STU_10277,MA102,3,Final_Exam,13.8,30
MRK_4429,STU_10277,SE301,2,Quiz_1,6.8,20
MRK_4430,STU_10277,SE301,2,Midterm_Exam,8.1,30
MRK_4431,STU_10277,SE301,2,Assignment_1,8.3,20
MRK_4432,STU_10277,SE301,2,Final_Exam,16.1,30
MRK_4433,STU_10278,CS101,1,Quiz_1,12.5,20
MRK_4434,STU_10278,CS101,1,Midterm_Exam,30.0,30
MRK_4435,STU_10278,CS101,1,Assignment_1,15.7,20
MRK_4436,STU_10278,CS101,1,Final_Exam,22.7,30
MRK_4437,STU_10278,DS201,3,Quiz_1,11.1,20
MRK_4438,STU_10278,DS201,3,Midterm_Exam,16.3,30
MRK_4439,STU_10278,DS201,3,Assignment_1,20.0,20
MRK_4440,STU_10278,DS201,3,Final_Exam,22.9,30
MRK_4441,STU_10278,MA102,2,Quiz_1,19.6,20
MRK_4442,STU_10278,MA102,2,Midterm_Exam,25.9,30
MRK_4443,STU_10278,MA102,2,Assignment_1,19.0,20
MRK_4444,STU_10278,MA102,2,Final_Exam,26.4,30
MRK_4445,STU_10278,SE301,1,Quiz_1,20.0,20
MRK_4446,STU_10278,SE301,1,Midterm_Exam,13.9,30
MRK_4447,STU_10278,SE301,1,Assignment_1,20.0,20
MRK_4448,STU_10278,SE301,1,Final_Exam,20.9,30
MRK_4449,STU_10279,CS101,2,Quiz_1,20.0,20
MRK_4450,STU_10279,CS101,2,Midterm_Exam,30.0,30
MRK_4451,STU_10279,CS101,2,Assignment_1,15.3,20
MRK_4452,STU_10279,CS101,2,Final_Exam,21.6,30
MRK_4453,STU_10279,DS201,1,Quiz_1,14.7,20
MRK_4454,STU_10279,DS201,1,Midterm_Exam,26.5,30
MRK_4455,STU_10279,DS201,1,Assignment_1,20.0,20
MRK_4456,STU_10279,DS201,1,Final_Exam,15.7,30
MRK_4457,STU_10279,MA102,2,Quiz_1,15.4,20
MRK_4458,STU_10279,MA102,2,Midterm_Exam,30.0,30
MRK_4459,STU_10279,MA102,2,Assignment_1,20.0,20
MRK_4460,STU_10279,MA102,2,Final_Exam,28.1,30
MRK_4461,STU_10279,SE301,4,Quiz_1,20.0,20
MRK_4462,STU_10279,SE301,4,Midterm_Exam,26.0,30
MRK_4463,STU_10279,SE301,4,Assignment_1,15.8,20
MRK_4464,STU_10279,SE301,4,Final_Exam,25.2,30
MRK_4465,STU_10280,CS101,2,Quiz_1,6.2,20
MRK_4466,STU_10280,CS101,2,Midterm_Exam,25.1,30
MRK_4467,STU_10280,CS101,2,Assignment_1,12.9,20
MRK_4468,STU_10280,CS101,2,Final_Exam,30.0,30
MRK_4469,STU_10280,DS201,1,Quiz_1,13.2,20
MRK_4470,STU_10280,DS201,1,Midterm_Exam,17.6,30
MRK_4471,STU_10280,DS201,1,Assignment_1,20.0,20
MRK_4472,STU_10280,DS201,1,Final_Exam,28.2,30
MRK_4473,STU_10280,MA102,4,Quiz_1,19.5,20
MRK_4474,STU_10280,MA102,4,Midterm_Exam,25.8,30
MRK_4475,STU_10280,MA102,4,Assignment_1,20.0,20
MRK_4476,STU_10280,MA102,4,Final_Exam,19.5,30
MRK_4477,STU_10280,SE301,3,Quiz_1,17.8,20
MRK_4478,STU_10280,SE301,3,Midterm_Exam,24.5,30
MRK_4479,STU_10280,SE301,3,Assignment_1,15.2,20
MRK_4480,STU_10280,SE301,3,Final_Exam,24.2,30
MRK_4481,STU_10281,CS101,3,Quiz_1,14.1,20
MRK_4482,STU_10281,CS101,3,Midterm_Exam,13.3,30
MRK_4483,STU_10281,CS101,3,Assignment_1,11.0,20
MRK_4484,STU_10281,CS101,3,Final_Exam,13.4,30
MRK_4485,STU_10281,DS201,3,Quiz_1,13.4,20
MRK_4486,STU_10281,DS201,3,Midterm_Exam,14.1,30
MRK_4487,STU_10281,DS201,3,Assignment_1,8.0,20
MRK_4488,STU_10281,DS201,3,Final_Exam,21.9,30
MRK_4489,STU_10281,MA102,2,Quiz_1,7.2,20
MRK_4490,STU_10281,MA102,2,Midterm_Exam,14.5,30
MRK_4491,STU_10281,MA102,2,Assignment_1,9.6,20
MRK_4492,STU_10281,MA102,2,Final_Exam,13.6,30
MRK_4493,STU_10281,SE301,3,Quiz_1,4.6,20
MRK_4494,STU_10281,SE301,3,Midterm_Exam,14.3,30
MRK_4495,STU_10281,SE301,3,Assignment_1,8.2,20
MRK_4496,STU_10281,SE301,3,Final_Exam,8.4,30
MRK_4497,STU_10282,CS101,3,Quiz_1,15.0,20
MRK_4498,STU_10282,CS101,3,Midterm_Exam,22.0,30
MRK_4499,STU_10282,CS101,3,Assignment_1,17.0,20
MRK_4500,STU_10282,CS101,3,Final_Exam,28.9,30
MRK_4501,STU_10282,DS201,3,Quiz_1,20.0,20
MRK_4502,STU_10282,DS201,3,Midterm_Exam,16.3,30
MRK_4503,STU_10282,DS201,3,Assignment_1,19.5,20
MRK_4504,STU_10282,DS201,3,Final_Exam,28.1,30
MRK_4505,STU_10282,MA102,2,Quiz_1,18.8,20
MRK_4506,STU_10282,MA102,2,Midterm_Exam,19.8,30
MRK_4507,STU_10282,MA102,2,Assignment_1,15.0,20
MRK_4508,STU_10282,MA102,2,Final_Exam,24.1,30
MRK_4509,STU_10282,SE301,2,Quiz_1,11.1,20
MRK_4510,STU_10282,SE301,2,Midterm_Exam,25.3,30
MRK_4511,STU_10282,SE301,2,Assignment_1,19.8,20
MRK_4512,STU_10282,SE301,2,Final_Exam,18.5,30
MRK_4513,STU_10283,CS101,4,Quiz_1,17.2,20
MRK_4514,STU_10283,CS101,4,Midterm_Exam,16.7,30
MRK_4515,STU_10283,CS101,4,Assignment_1,13.0,20
MRK_4516,STU_10283,CS101,4,Final_Exam,29.3,30
MRK_4517,STU_10283,DS201,4,Quiz_1,20.0,20
MRK_4518,STU_10283,DS201,4,Midterm_Exam,20.4,30
MRK_4519,STU_10283,DS201,4,Assignment_1,16.4,20
MRK_4520,STU_10283,DS201,4,Final_Exam,30.0,30
MRK_4521,STU_10283,MA102,3,Quiz_1,6.6,20
MRK_4522,STU_10283,MA102,3,Midterm_Exam,29.7,30
MRK_4523,STU_10283,MA102,3,Assignment_1,20.0,20
MRK_4524,STU_10283,MA102,3,Final_Exam,16.8,30
MRK_4525,STU_10283,SE301,3,Quiz_1,10.1,20
MRK_4526,STU_10283,SE301,3,Midterm_Exam,24.5,30
MRK_4527,STU_10283,SE301,3,Assignment_1,13.5,20
MRK_4528,STU_10283,SE301,3,Final_Exam,27.8,30
MRK_4529,STU_10284,CS101,2,Quiz_1,18.9,20
MRK_4530,STU_10284,CS101,2,Midterm_Exam,23.0,30
MRK_4531,STU_10284,CS101,2,Assignment_1,16.9,20
MRK_4532,STU_10284,CS101,2,Final_Exam,14.9,30
MRK_4533,STU_10284,DS201,3,Quiz_1,15.7,20
MRK_4534,STU_10284,DS201,3,Midterm_Exam,23.6,30
MRK_4535,STU_10284,DS201,3,Assignment_1,14.8,20
MRK_4536,STU_10284,DS201,3,Final_Exam,19.8,30
MRK_4537,STU_10284,MA102,3,Quiz_1,8.8,20
MRK_4538,STU_10284,MA102,3,Midterm_Exam,27.2,30
MRK_4539,STU_10284,MA102,3,Assignment_1,16.7,20
MRK_4540,STU_10284,MA102,3,Final_Exam,30.0,30
MRK_4541,STU_10284,SE301,1,Quiz_1,15.8,20
MRK_4542,STU_10284,SE301,1,Midterm_Exam,20.4,30
MRK_4543,STU_10284,SE301,1,Assignment_1,17.0,20
MRK_4544,STU_10284,SE301,1,Final_Exam,23.3,30
MRK_4545,STU_10285,CS101,4,Quiz_1,18.0,20
MRK_4546,STU_10285,CS101,4,Midterm_Exam,25.2,30
MRK_4547,STU_10285,CS101,4,Assignment_1,7.9,20
MRK_4548,STU_10285,CS101,4,Final_Exam,15.6,30
MRK_4549,STU_10285,DS201,3,Quiz_1,8.9,20
MRK_4550,STU_10285,DS201,3,Midterm_Exam,11.3,30
MRK_4551,STU_10285,DS201,3,Assignment_1,15.9,20
MRK_4552,STU_10285,DS201,3,Final_Exam,10.9,30
MRK_4553,STU_10285,MA102,4,Quiz_1,9.6,20
MRK_4554,STU_10285,MA102,4,Midterm_Exam,12.2,30
MRK_4555,STU_10285,MA102,4,Assignment_1,11.0,20
MRK_4556,STU_10285,MA102,4,Final_Exam,12.7,30
MRK_4557,STU_10285,SE301,4,Quiz_1,16.2,20
MRK_4558,STU_10285,SE301,4,Midterm_Exam,0.0,30
MRK_4559,STU_10285,SE301,4,Assignment_1,10.1,20
MRK_4560,STU_10285,SE301,4,Final_Exam,11.4,30
MRK_4561,STU_10286,CS101,1,Quiz_1,13.7,20
MRK_4562,STU_10286,CS101,1,Midterm_Exam,14.5,30
MRK_4563,STU_10286,CS101,1,Assignment_1,16.0,20
MRK_4564,STU_10286,CS101,1,Final_Exam,25.3,30
MRK_4565,STU_10286,DS201,1,Quiz_1,20.0,20
MRK_4566,STU_10286,DS201,1,Midterm_Exam,25.8,30
MRK_4567,STU_10286,DS201,1,Assignment_1,12.7,20
MRK_4568,STU_10286,DS201,1,Final_Exam,24.6,30
MRK_4569,STU_10286,MA102,3,Quiz_1,15.0,20
MRK_4570,STU_10286,MA102,3,Midterm_Exam,19.7,30
MRK_4571,STU_10286,MA102,3,Assignment_1,14.5,20
MRK_4572,STU_10286,MA102,3,Final_Exam,30.0,30
MRK_4573,STU_10286,SE301,2,Quiz_1,13.4,20
MRK_4574,STU_10286,SE301,2,Midterm_Exam,29.5,30
MRK_4575,STU_10286,SE301,2,Assignment_1,20.0,20
MRK_4576,STU_10286,SE301,2,Final_Exam,30.0,30
MRK_4577,STU_10287,CS101,1,Quiz_1,9.5,20
MRK_4578,STU_10287,CS101,1,Midterm_Exam,19.9,30
MRK_4579,STU_10287,CS101,1,Assignment_1,20.0,20
MRK_4580,STU_10287,CS101,1,Final_Exam,29.7,30
MRK_4581,STU_10287,DS201,1,Quiz_1,12.5,20
MRK_4582,STU_10287,DS201,1,Midterm_Exam,21.6,30
MRK_4583,STU_10287,DS201,1,Assignment_1,14.9,20
MRK_4584,STU_10287,DS201,1,Final_Exam,16.9,30
MRK_4585,STU_10287,MA102,4,Quiz_1,11.9,20
MRK_4586,STU_10287,MA102,4,Midterm_Exam,30.0,30
MRK_4587,STU_10287,MA102,4,Assignment_1,16.0,20
MRK_4588,STU_10287,MA102,4,Final_Exam,22.9,30
MRK_4589,STU_10287,SE301,4,Quiz_1,15.1,20
MRK_4590,STU_10287,SE301,4,Midterm_Exam,26.2,30
MRK_4591,STU_10287,SE301,4,Assignment_1,17.6,20
MRK_4592,STU_10287,SE301,4,Final_Exam,22.1,30
MRK_4593,STU_10288,CS101,1,Quiz_1,16.3,20
MRK_4594,STU_10288,CS101,1,Midterm_Exam,23.4,30
MRK_4595,STU_10288,CS101,1,Assignment_1,20.0,20
MRK_4596,STU_10288,CS101,1,Final_Exam,25.0,30
MRK_4597,STU_10288,DS201,4,Quiz_1,13.9,20
MRK_4598,STU_10288,DS201,4,Midterm_Exam,20.1,30
MRK_4599,STU_10288,DS201,4,Assignment_1,17.6,20
MRK_4600,STU_10288,DS201,4,Final_Exam,20.8,30
MRK_4601,STU_10288,MA102,4,Quiz_1,17.9,20
MRK_4602,STU_10288,MA102,4,Midterm_Exam,21.8,30
MRK_4603,STU_10288,MA102,4,Assignment_1,18.2,20
MRK_4604,STU_10288,MA102,4,Final_Exam,29.3,30
MRK_4605,STU_10288,SE301,4,Quiz_1,18.5,20
MRK_4606,STU_10288,SE301,4,Midterm_Exam,9.0,30
MRK_4607,STU_10288,SE301,4,Assignment_1,16.5,20
MRK_4608,STU_10288,SE301,4,Final_Exam,23.1,30
MRK_4609,STU_10289,CS101,3,Quiz_1,4.5,20
MRK_4610,STU_10289,CS101,3,Midterm_Exam,9.8,30
MRK_4611,STU_10289,CS101,3,Assignment_1,7.9,20
MRK_4612,STU_10289,CS101,3,Final_Exam,10.6,30
MRK_4613,STU_10289,DS201,1,Quiz_1,7.2,20
MRK_4614,STU_10289,DS201,1,Midterm_Exam,5.1,30
MRK_4615,STU_10289,DS201,1,Assignment_1,10.9,20
MRK_4616,STU_10289,DS201,1,Final_Exam,15.1,30
MRK_4617,STU_10289,MA102,1,Quiz_1,0.0,20
MRK_4618,STU_10289,MA102,1,Midterm_Exam,2.9,30
MRK_4619,STU_10289,MA102,1,Assignment_1,8.6,20
MRK_4620,STU_10289,MA102,1,Final_Exam,7.4,30
MRK_4621,STU_10289,SE301,4,Quiz_1,6.4,20
MRK_4622,STU_10289,SE301,4,Midterm_Exam,12.8,30
MRK_4623,STU_10289,SE301,4,Assignment_1,10.8,20
MRK_4624,STU_10289,SE301,4,Final_Exam,11.2,30
MRK_4625,STU_10290,CS101,3,Quiz_1,15.0,20
MRK_4626,STU_10290,CS101,3,Midterm_Exam,20.3,30
MRK_4627,STU_10290,CS101,3,Assignment_1,12.8,20
MRK_4628,STU_10290,CS101,3,Final_Exam,27.1,30
MRK_4629,STU_10290,DS201,2,Quiz_1,18.4,20
MRK_4630,STU_10290,DS201,2,Midterm_Exam,30.0,30
MRK_4631,STU_10290,DS201,2,Assignment_1,15.2,20
MRK_4632,STU_10290,DS201,2,Final_Exam,30.0,30
MRK_4633,STU_10290,MA102,3,Quiz_1,13.2,20
MRK_4634,STU_10290,MA102,3,Midterm_Exam,16.7,30
MRK_4635,STU_10290,MA102,3,Assignment_1,16.2,20
MRK_4636,STU_10290,MA102,3,Final_Exam,24.4,30
MRK_4637,STU_10290,SE301,1,Quiz_1,7.0,20
MRK_4638,STU_10290,SE301,1,Midterm_Exam,24.4,30
MRK_4639,STU_10290,SE301,1,Assignment_1,11.7,20
MRK_4640,STU_10290,SE301,1,Final_Exam,29.1,30
MRK_4641,STU_10291,CS101,2,Quiz_1,16.6,20
MRK_4642,STU_10291,CS101,2,Midterm_Exam,30.0,30
MRK_4643,STU_10291,CS101,2,Assignment_1,12.9,20
MRK_4644,STU_10291,CS101,2,Final_Exam,18.4,30
MRK_4645,STU_10291,DS201,1,Quiz_1,20.0,20
MRK_4646,STU_10291,DS201,1,Midterm_Exam,30.0,30
MRK_4647,STU_10291,DS201,1,Assignment_1,20.0,20
MRK_4648,STU_10291,DS201,1,Final_Exam,30.0,30
MRK_4649,STU_10291,MA102,1,Quiz_1,8.7,20
MRK_4650,STU_10291,MA102,1,Midterm_Exam,28.4,30
MRK_4651,STU_10291,MA102,1,Assignment_1,17.1,20
MRK_4652,STU_10291,MA102,1,Final_Exam,23.7,30
MRK_4653,STU_10291,SE301,3,Quiz_1,19.9,20
MRK_4654,STU_10291,SE301,3,Midterm_Exam,19.3,30
MRK_4655,STU_10291,SE301,3,Assignment_1,14.0,20
MRK_4656,STU_10291,SE301,3,Final_Exam,19.4,30
MRK_4657,STU_10292,CS101,1,Quiz_1,16.0,20
MRK_4658,STU_10292,CS101,1,Midterm_Exam,29.8,30
MRK_4659,STU_10292,CS101,1,Assignment_1,14.7,20
MRK_4660,STU_10292,CS101,1,Final_Exam,14.8,30
MRK_4661,STU_10292,DS201,4,Quiz_1,4.3,20
MRK_4662,STU_10292,DS201,4,Midterm_Exam,12.3,30
MRK_4663,STU_10292,DS201,4,Assignment_1,14.7,20
MRK_4664,STU_10292,DS201,4,Final_Exam,25.5,30
MRK_4665,STU_10292,MA102,3,Quiz_1,20.0,20
MRK_4666,STU_10292,MA102,3,Midterm_Exam,18.8,30
MRK_4667,STU_10292,MA102,3,Assignment_1,12.3,20
MRK_4668,STU_10292,MA102,3,Final_Exam,30.0,30
MRK_4669,STU_10292,SE301,4,Quiz_1,16.5,20
MRK_4670,STU_10292,SE301,4,Midterm_Exam,20.4,30
MRK_4671,STU_10292,SE301,4,Assignment_1,15.6,20
MRK_4672,STU_10292,SE301,4,Final_Exam,22.4,30
MRK_4673,STU_10293,CS101,4,Quiz_1,9.5,20
MRK_4674,STU_10293,CS101,4,Midterm_Exam,8.5,30
MRK_4675,STU_10293,CS101,4,Assignment_1,12.3,20
MRK_4676,STU_10293,CS101,4,Final_Exam,12.0,30
MRK_4677,STU_10293,DS201,2,Quiz_1,13.8,20
MRK_4678,STU_10293,DS201,2,Midterm_Exam,19.8,30
MRK_4679,STU_10293,DS201,2,Assignment_1,8.7,20
MRK_4680,STU_10293,DS201,2,Final_Exam,1.8,30
MRK_4681,STU_10293,MA102,4,Quiz_1,9.7,20
MRK_4682,STU_10293,MA102,4,Midterm_Exam,17.3,30
MRK_4683,STU_10293,MA102,4,Assignment_1,11.9,20
MRK_4684,STU_10293,MA102,4,Final_Exam,7.3,30
MRK_4685,STU_10293,SE301,2,Quiz_1,4.9,20
MRK_4686,STU_10293,SE301,2,Midterm_Exam,12.7,30
MRK_4687,STU_10293,SE301,2,Assignment_1,3.0,20
MRK_4688,STU_10293,SE301,2,Final_Exam,9.5,30
MRK_4689,STU_10294,CS101,3,Quiz_1,18.4,20
MRK_4690,STU_10294,CS101,3,Midterm_Exam,30.0,30
MRK_4691,STU_10294,CS101,3,Assignment_1,16.8,20
MRK_4692,STU_10294,CS101,3,Final_Exam,20.9,30
MRK_4693,STU_10294,DS201,4,Quiz_1,18.5,20
MRK_4694,STU_10294,DS201,4,Midterm_Exam,16.4,30
MRK_4695,STU_10294,DS201,4,Assignment_1,11.9,20
MRK_4696,STU_10294,DS201,4,Final_Exam,15.9,30
MRK_4697,STU_10294,MA102,4,Quiz_1,20.0,20
MRK_4698,STU_10294,MA102,4,Midterm_Exam,23.9,30
MRK_4699,STU_10294,MA102,4,Assignment_1,15.2,20
MRK_4700,STU_10294,MA102,4,Final_Exam,30.0,30
MRK_4701,STU_10294,SE301,2,Quiz_1,17.5,20
MRK_4702,STU_10294,SE301,2,Midterm_Exam,23.8,30
MRK_4703,STU_10294,SE301,2,Assignment_1,20.0,20
MRK_4704,STU_10294,SE301,2,Final_Exam,29.4,30
MRK_4705,STU_10295,CS101,2,Quiz_1,16.4,20
MRK_4706,STU_10295,CS101,2,Midterm_Exam,25.4,30
MRK_4707,STU_10295,CS101,2,Assignment_1,16.7,20
MRK_4708,STU_10295,CS101,2,Final_Exam,27.6,30
MRK_4709,STU_10295,DS201,4,Quiz_1,5.6,20
MRK_4710,STU_10295,DS201,4,Midterm_Exam,11.9,30
MRK_4711,STU_10295,DS201,4,Assignment_1,15.6,20
MRK_4712,STU_10295,DS201,4,Final_Exam,30.0,30
MRK_4713,STU_10295,MA102,3,Quiz_1,9.0,20
MRK_4714,STU_10295,MA102,3,Midterm_Exam,30.0,30
MRK_4715,STU_10295,MA102,3,Assignment_1,17.0,20
MRK_4716,STU_10295,MA102,3,Final_Exam,20.9,30
MRK_4717,STU_10295,SE301,4,Quiz_1,16.4,20
MRK_4718,STU_10295,SE301,4,Midterm_Exam,25.2,30
MRK_4719,STU_10295,SE301,4,Assignment_1,17.7,20
MRK_4720,STU_10295,SE301,4,Final_Exam,17.5,30
MRK_4721,STU_10296,CS101,3,Quiz_1,17.8,20
MRK_4722,STU_10296,CS101,3,Midterm_Exam,23.9,30
MRK_4723,STU_10296,CS101,3,Assignment_1,18.2,20
MRK_4724,STU_10296,CS101,3,Final_Exam,24.1,30
MRK_4725,STU_10296,DS201,4,Quiz_1,16.4,20
MRK_4726,STU_10296,DS201,4,Midterm_Exam,19.1,30
MRK_4727,STU_10296,DS201,4,Assignment_1,17.8,20
MRK_4728,STU_10296,DS201,4,Final_Exam,25.9,30
MRK_4729,STU_10296,MA102,1,Quiz_1,16.8,20
MRK_4730,STU_10296,MA102,1,Midterm_Exam,30.0,30
MRK_4731,STU_10296,MA102,1,Assignment_1,20.0,20
MRK_4732,STU_10296,MA102,1,Final_Exam,26.4,30
MRK_4733,STU_10296,SE301,4,Quiz_1,15.8,20
MRK_4734,STU_10296,SE301,4,Midterm_Exam,27.1,30
MRK_4735,STU_10296,SE301,4,Assignment_1,20.0,20
MRK_4736,STU_10296,SE301,4,Final_Exam,30.0,30
MRK_4737,STU_10297,CS101,4,Quiz_1,10.0,20
MRK_4738,STU_10297,CS101,4,Midterm_Exam,3.5,30
MRK_4739,STU_10297,CS101,4,Assignment_1,15.0,20
MRK_4740,STU_10297,CS101,4,Final_Exam,12.4,30
MRK_4741,STU_10297,DS201,1,Quiz_1,6.3,20
MRK_4742,STU_10297,DS201,1,Midterm_Exam,5.0,30
MRK_4743,STU_10297,DS201,1,Assignment_1,7.2,20
MRK_4744,STU_10297,DS201,1,Final_Exam,17.0,30
MRK_4745,STU_10297,MA102,1,Quiz_1,8.1,20
MRK_4746,STU_10297,MA102,1,Midterm_Exam,2.4,30
MRK_4747,STU_10297,MA102,1,Assignment_1,8.3,20
MRK_4748,STU_10297,MA102,1,Final_Exam,9.0,30
MRK_4749,STU_10297,SE301,4,Quiz_1,15.8,20
MRK_4750,STU_10297,SE301,4,Midterm_Exam,16.0,30
MRK_4751,STU_10297,SE301,4,Assignment_1,5.8,20
MRK_4752,STU_10297,SE301,4,Final_Exam,10.9,30
MRK_4753,STU_10298,CS101,2,Quiz_1,14.4,20
MRK_4754,STU_10298,CS101,2,Midterm_Exam,30.0,30
MRK_4755,STU_10298,CS101,2,Assignment_1,14.8,20
MRK_4756,STU_10298,CS101,2,Final_Exam,25.5,30
MRK_4757,STU_10298,DS201,4,Quiz_1,17.6,20
MRK_4758,STU_10298,DS201,4,Midterm_Exam,21.6,30
MRK_4759,STU_10298,DS201,4,Assignment_1,14.1,20
MRK_4760,STU_10298,DS201,4,Final_Exam,29.6,30
MRK_4761,STU_10298,MA102,4,Quiz_1,18.6,20
MRK_4762,STU_10298,MA102,4,Midterm_Exam,22.2,30
MRK_4763,STU_10298,MA102,4,Assignment_1,12.4,20
MRK_4764,STU_10298,MA102,4,Final_Exam,17.8,30
MRK_4765,STU_10298,SE301,4,Quiz_1,17.7,20
MRK_4766,STU_10298,SE301,4,Midterm_Exam,23.6,30
MRK_4767,STU_10298,SE301,4,Assignment_1,16.6,20
MRK_4768,STU_10298,SE301,4,Final_Exam,26.2,30
MRK_4769,STU_10299,CS101,3,Quiz_1,16.8,20
MRK_4770,STU_10299,CS101,3,Midterm_Exam,18.9,30
MRK_4771,STU_10299,CS101,3,Assignment_1,16.9,20
MRK_4772,STU_10299,CS101,3,Final_Exam,26.9,30
MRK_4773,STU_10299,DS201,3,Quiz_1,14.6,20
MRK_4774,STU_10299,DS201,3,Midterm_Exam,18.8,30
MRK_4775,STU_10299,DS201,3,Assignment_1,13.8,20
MRK_4776,STU_10299,DS201,3,Final_Exam,27.3,30
MRK_4777,STU_10299,MA102,2,Quiz_1,18.1,20
MRK_4778,STU_10299,MA102,2,Midterm_Exam,23.2,30
MRK_4779,STU_10299,MA102,2,Assignment_1,20.0,20
MRK_4780,STU_10299,MA102,2,Final_Exam,27.7,30
MRK_4781,STU_10299,SE301,3,Quiz_1,17.1,20
MRK_4782,STU_10299,SE301,3,Midterm_Exam,26.1,30
MRK_4783,STU_10299,SE301,3,Assignment_1,19.2,20
MRK_4784,STU_10299,SE301,3,Final_Exam,28.6,30
MRK_4785,STU_10300,CS101,1,Quiz_1,13.9,20
MRK_4786,STU_10300,CS101,1,Midterm_Exam,18.5,30
MRK_4787,STU_10300,CS101,1,Assignment_1,17.3,20
MRK_4788,STU_10300,CS101,1,Final_Exam,30.0,30
MRK_4789,STU_10300,DS201,4,Quiz_1,16.6,20
MRK_4790,STU_10300,DS201,4,Midterm_Exam,25.1,30
MRK_4791,STU_10300,DS201,4,Assignment_1,19.9,20
MRK_4792,STU_10300,DS201,4,Final_Exam,27.2,30
MRK_4793,STU_10300,MA102,3,Quiz_1,20.0,20
MRK_4794,STU_10300,MA102,3,Midterm_Exam,21.6,30
MRK_4795,STU_10300,MA102,3,Assignment_1,17.0,20
MRK_4796,STU_10300,MA102,3,Final_Exam,27.7,30
MRK_4797,STU_10300,SE301,3,Quiz_1,10.1,20
MRK_4798,STU_10300,SE301,3,Midterm_Exam,20.9,30
MRK_4799,STU_10300,SE301,3,Assignment_1,16.4,20
MRK_4800,STU_10300,SE301,3,Final_Exam,21.7,30
MRK_4801,STU_10301,CS101,1,Quiz_1,9.1,20
MRK_4802,STU_10301,CS101,1,Midterm_Exam,23.4,30
MRK_4803,STU_10301,CS101,1,Assignment_1,6.4,20
MRK_4804,STU_10301,CS101,1,Final_Exam,23.4,30
MRK_4805,STU_10301,DS201,2,Quiz_1,14.1,20
MRK_4806,STU_10301,DS201,2,Midterm_Exam,3.8,30
MRK_4807,STU_10301,DS201,2,Assignment_1,13.3,20
MRK_4808,STU_10301,DS201,2,Final_Exam,10.0,30
MRK_4809,STU_10301,MA102,4,Quiz_1,2.6,20
MRK_4810,STU_10301,MA102,4,Midterm_Exam,8.4,30
MRK_4811,STU_10301,MA102,4,Assignment_1,9.1,20
MRK_4812,STU_10301,MA102,4,Final_Exam,19.3,30
MRK_4813,STU_10301,SE301,2,Quiz_1,13.1,20
MRK_4814,STU_10301,SE301,2,Midterm_Exam,12.4,30
MRK_4815,STU_10301,SE301,2,Assignment_1,15.7,20
MRK_4816,STU_10301,SE301,2,Final_Exam,7.6,30
MRK_4817,STU_10302,CS101,4,Quiz_1,15.2,20
MRK_4818,STU_10302,CS101,4,Midterm_Exam,20.6,30
MRK_4819,STU_10302,CS101,4,Assignment_1,16.5,20
MRK_4820,STU_10302,CS101,4,Final_Exam,29.0,30
MRK_4821,STU_10302,DS201,4,Quiz_1,15.3,20
MRK_4822,STU_10302,DS201,4,Midterm_Exam,25.0,30
MRK_4823,STU_10302,DS201,4,Assignment_1,20.0,20
MRK_4824,STU_10302,DS201,4,Final_Exam,27.1,30
MRK_4825,STU_10302,MA102,1,Quiz_1,10.1,20
MRK_4826,STU_10302,MA102,1,Midterm_Exam,19.6,30
MRK_4827,STU_10302,MA102,1,Assignment_1,20.0,20
MRK_4828,STU_10302,MA102,1,Final_Exam,18.1,30
MRK_4829,STU_10302,SE301,1,Quiz_1,13.4,20
MRK_4830,STU_10302,SE301,1,Midterm_Exam,23.3,30
MRK_4831,STU_10302,SE301,1,Assignment_1,19.8,20
MRK_4832,STU_10302,SE301,1,Final_Exam,30.0,30
MRK_4833,STU_10303,CS101,4,Quiz_1,9.8,20
MRK_4834,STU_10303,CS101,4,Midterm_Exam,30.0,30
MRK_4835,STU_10303,CS101,4,Assignment_1,20.0,20
MRK_4836,STU_10303,CS101,4,Final_Exam,24.5,30
MRK_4837,STU_10303,DS201,3,Quiz_1,12.3,20
MRK_4838,STU_10303,DS201,3,Midterm_Exam,30.0,30
MRK_4839,STU_10303,DS201,3,Assignment_1,13.4,20
MRK_4840,STU_10303,DS201,3,Final_Exam,22.9,30
MRK_4841,STU_10303,MA102,3,Quiz_1,20.0,20
MRK_4842,STU_10303,MA102,3,Midterm_Exam,13.2,30
MRK_4843,STU_10303,MA102,3,Assignment_1,18.0,20
MRK_4844,STU_10303,MA102,3,Final_Exam,21.1,30
MRK_4845,STU_10303,SE301,2,Quiz_1,14.8,20
MRK_4846,STU_10303,SE301,2,Midterm_Exam,25.6,30
MRK_4847,STU_10303,SE301,2,Assignment_1,15.7,20
MRK_4848,STU_10303,SE301,2,Final_Exam,28.5,30
MRK_4849,STU_10304,CS101,4,Quiz_1,20.0,20
MRK_4850,STU_10304,CS101,4,Midterm_Exam,13.1,30
MRK_4851,STU_10304,CS101,4,Assignment_1,20.0,20
MRK_4852,STU_10304,CS101,4,Final_Exam,18.8,30
MRK_4853,STU_10304,DS201,1,Quiz_1,17.0,20
MRK_4854,STU_10304,DS201,1,Midterm_Exam,25.6,30
MRK_4855,STU_10304,DS201,1,Assignment_1,17.7,20
MRK_4856,STU_10304,DS201,1,Final_Exam,22.3,30
MRK_4857,STU_10304,MA102,2,Quiz_1,20.0,20
MRK_4858,STU_10304,MA102,2,Midterm_Exam,28.2,30
MRK_4859,STU_10304,MA102,2,Assignment_1,15.4,20
MRK_4860,STU_10304,MA102,2,Final_Exam,22.4,30
MRK_4861,STU_10304,SE301,2,Quiz_1,13.4,20
MRK_4862,STU_10304,SE301,2,Midterm_Exam,22.8,30
MRK_4863,STU_10304,SE301,2,Assignment_1,19.8,20
MRK_4864,STU_10304,SE301,2,Final_Exam,26.4,30
MRK_4865,STU_10305,CS101,2,Quiz_1,3.7,20
MRK_4866,STU_10305,CS101,2,Midterm_Exam,3.1,30
MRK_4867,STU_10305,CS101,2,Assignment_1,10.2,20
MRK_4868,STU_10305,CS101,2,Final_Exam,4.6,30
MRK_4869,STU_10305,DS201,3,Quiz_1,10.7,20
MRK_4870,STU_10305,DS201,3,Midterm_Exam,10.6,30
MRK_4871,STU_10305,DS201,3,Assignment_1,8.8,20
MRK_4872,STU_10305,DS201,3,Final_Exam,5.4,30
MRK_4873,STU_10305,MA102,4,Quiz_1,14.3,20
MRK_4874,STU_10305,MA102,4,Midterm_Exam,8.9,30
MRK_4875,STU_10305,MA102,4,Assignment_1,15.1,20
MRK_4876,STU_10305,MA102,4,Final_Exam,6.4,30
MRK_4877,STU_10305,SE301,1,Quiz_1,13.3,20
MRK_4878,STU_10305,SE301,1,Midterm_Exam,13.1,30
MRK_4879,STU_10305,SE301,1,Assignment_1,8.4,20
MRK_4880,STU_10305,SE301,1,Final_Exam,13.5,30
MRK_4881,STU_10306,CS101,4,Quiz_1,20.0,20
MRK_4882,STU_10306,CS101,4,Midterm_Exam,30.0,30
MRK_4883,STU_10306,CS101,4,Assignment_1,15.1,20
MRK_4884,STU_10306,CS101,4,Final_Exam,22.5,30
MRK_4885,STU_10306,DS201,1,Quiz_1,17.4,20
MRK_4886,STU_10306,DS201,1,Midterm_Exam,29.5,30
MRK_4887,STU_10306,DS201,1,Assignment_1,13.0,20
MRK_4888,STU_10306,DS201,1,Final_Exam,21.1,30
MRK_4889,STU_10306,MA102,2,Quiz_1,20.0,20
MRK_4890,STU_10306,MA102,2,Midterm_Exam,22.2,30
MRK_4891,STU_10306,MA102,2,Assignment_1,20.0,20
MRK_4892,STU_10306,MA102,2,Final_Exam,22.6,30
MRK_4893,STU_10306,SE301,3,Quiz_1,15.6,20
MRK_4894,STU_10306,SE301,3,Midterm_Exam,18.4,30
MRK_4895,STU_10306,SE301,3,Assignment_1,16.6,20
MRK_4896,STU_10306,SE301,3,Final_Exam,22.4,30
MRK_4897,STU_10307,CS101,3,Quiz_1,11.5,20
MRK_4898,STU_10307,CS101,3,Midterm_Exam,30.0,30
MRK_4899,STU_10307,CS101,3,Assignment_1,15.3,20
MRK_4900,STU_10307,CS101,3,Final_Exam,22.3,30
MRK_4901,STU_10307,DS201,2,Quiz_1,17.8,20
MRK_4902,STU_10307,DS201,2,Midterm_Exam,28.8,30
MRK_4903,STU_10307,DS201,2,Assignment_1,17.8,20
MRK_4904,STU_10307,DS201,2,Final_Exam,23.6,30
MRK_4905,STU_10307,MA102,1,Quiz_1,20.0,20
MRK_4906,STU_10307,MA102,1,Midterm_Exam,17.7,30
MRK_4907,STU_10307,MA102,1,Assignment_1,16.9,20
MRK_4908,STU_10307,MA102,1,Final_Exam,22.2,30
MRK_4909,STU_10307,SE301,3,Quiz_1,11.8,20
MRK_4910,STU_10307,SE301,3,Midterm_Exam,22.9,30
MRK_4911,STU_10307,SE301,3,Assignment_1,18.6,20
MRK_4912,STU_10307,SE301,3,Final_Exam,27.2,30
MRK_4913,STU_10308,CS101,2,Quiz_1,18.5,20
MRK_4914,STU_10308,CS101,2,Midterm_Exam,22.2,30
MRK_4915,STU_10308,CS101,2,Assignment_1,16.2,20
MRK_4916,STU_10308,CS101,2,Final_Exam,26.9,30
MRK_4917,STU_10308,DS201,2,Quiz_1,17.6,20
MRK_4918,STU_10308,DS201,2,Midterm_Exam,25.9,30
MRK_4919,STU_10308,DS201,2,Assignment_1,15.8,20
MRK_4920,STU_10308,DS201,2,Final_Exam,21.9,30
MRK_4921,STU_10308,MA102,2,Quiz_1,20.0,20
MRK_4922,STU_10308,MA102,2,Midterm_Exam,20.7,30
MRK_4923,STU_10308,MA102,2,Assignment_1,19.1,20
MRK_4924,STU_10308,MA102,2,Final_Exam,21.2,30
MRK_4925,STU_10308,SE301,1,Quiz_1,9.4,20
MRK_4926,STU_10308,SE301,1,Midterm_Exam,23.3,30
MRK_4927,STU_10308,SE301,1,Assignment_1,18.5,20
MRK_4928,STU_10308,SE301,1,Final_Exam,27.4,30
MRK_4929,STU_10309,CS101,3,Quiz_1,7.6,20
MRK_4930,STU_10309,CS101,3,Midterm_Exam,8.3,30
MRK_4931,STU_10309,CS101,3,Assignment_1,10.1,20
MRK_4932,STU_10309,CS101,3,Final_Exam,10.1,30
MRK_4933,STU_10309,DS201,1,Quiz_1,12.3,20
MRK_4934,STU_10309,DS201,1,Midterm_Exam,15.3,30
MRK_4935,STU_10309,DS201,1,Assignment_1,12.8,20
MRK_4936,STU_10309,DS201,1,Final_Exam,12.2,30
MRK_4937,STU_10309,MA102,2,Quiz_1,7.3,20
MRK_4938,STU_10309,MA102,2,Midterm_Exam,10.4,30
MRK_4939,STU_10309,MA102,2,Assignment_1,5.1,20
MRK_4940,STU_10309,MA102,2,Final_Exam,11.7,30
MRK_4941,STU_10309,SE301,2,Quiz_1,9.5,20
MRK_4942,STU_10309,SE301,2,Midterm_Exam,19.8,30
MRK_4943,STU_10309,SE301,2,Assignment_1,9.9,20
MRK_4944,STU_10309,SE301,2,Final_Exam,8.1,30
MRK_4945,STU_10310,CS101,1,Quiz_1,12.3,20
MRK_4946,STU_10310,CS101,1,Midterm_Exam,18.0,30
MRK_4947,STU_10310,CS101,1,Assignment_1,20.0,20
MRK_4948,STU_10310,CS101,1,Final_Exam,21.7,30
MRK_4949,STU_10310,DS201,1,Quiz_1,20.0,20
MRK_4950,STU_10310,DS201,1,Midterm_Exam,30.0,30
MRK_4951,STU_10310,DS201,1,Assignment_1,18.6,20
MRK_4952,STU_10310,DS201,1,Final_Exam,19.6,30
MRK_4953,STU_10310,MA102,4,Quiz_1,12.7,20
MRK_4954,STU_10310,MA102,4,Midterm_Exam,16.6,30
MRK_4955,STU_10310,MA102,4,Assignment_1,15.5,20
MRK_4956,STU_10310,MA102,4,Final_Exam,24.9,30
MRK_4957,STU_10310,SE301,1,Quiz_1,15.7,20
MRK_4958,STU_10310,SE301,1,Midterm_Exam,28.0,30
MRK_4959,STU_10310,SE301,1,Assignment_1,12.8,20
MRK_4960,STU_10310,SE301,1,Final_Exam,30.0,30
MRK_4961,STU_10311,CS101,4,Quiz_1,18.2,20
MRK_4962,STU_10311,CS101,4,Midterm_Exam,30.0,30
MRK_4963,STU_10311,CS101,4,Assignment_1,19.1,20
MRK_4964,STU_10311,CS101,4,Final_Exam,21.8,30
MRK_4965,STU_10311,DS201,1,Quiz_1,12.8,20
MRK_4966,STU_10311,DS201,1,Midterm_Exam,29.7,30
MRK_4967,STU_10311,DS201,1,Assignment_1,20.0,20
MRK_4968,STU_10311,DS201,1,Final_Exam,24.7,30
MRK_4969,STU_10311,MA102,4,Quiz_1,11.6,20
MRK_4970,STU_10311,MA102,4,Midterm_Exam,24.0,30
MRK_4971,STU_10311,MA102,4,Assignment_1,13.4,20
MRK_4972,STU_10311,MA102,4,Final_Exam,22.7,30
MRK_4973,STU_10311,SE301,2,Quiz_1,15.2,20
MRK_4974,STU_10311,SE301,2,Midterm_Exam,30.0,30
MRK_4975,STU_10311,SE301,2,Assignment_1,16.0,20
MRK_4976,STU_10311,SE301,2,Final_Exam,30.0,30
MRK_4977,STU_10312,CS101,3,Quiz_1,20.0,20
MRK_4978,STU_10312,CS101,3,Midterm_Exam,21.1,30
MRK_4979,STU_10312,CS101,3,Assignment_1,20.0,20
MRK_4980,STU_10312,CS101,3,Final_Exam,24.2,30
MRK_4981,STU_10312,DS201,3,Quiz_1,15.0,20
MRK_4982,STU_10312,DS201,3,Midterm_Exam,23.9,30
MRK_4983,STU_10312,DS201,3,Assignment_1,16.2,20
MRK_4984,STU_10312,DS201,3,Final_Exam,16.4,30
MRK_4985,STU_10312,MA102,2,Quiz_1,14.2,20
MRK_4986,STU_10312,MA102,2,Midterm_Exam,17.8,30
MRK_4987,STU_10312,MA102,2,Assignment_1,19.9,20
MRK_4988,STU_10312,MA102,2,Final_Exam,20.5,30
MRK_4989,STU_10312,SE301,4,Quiz_1,18.6,20
MRK_4990,STU_10312,SE301,4,Midterm_Exam,21.5,30
MRK_4991,STU_10312,SE301,4,Assignment_1,20.0,20
MRK_4992,STU_10312,SE301,4,Final_Exam,30.0,30
MRK_4993,STU_10313,CS101,2,Quiz_1,13.1,20
MRK_4994,STU_10313,CS101,2,Midterm_Exam,8.2,30
MRK_4995,STU_10313,CS101,2,Assignment_1,5.4,20
MRK_4996,STU_10313,CS101,2,Final_Exam,8.9,30
MRK_4997,STU_10313,DS201,1,Quiz_1,6.7,20
MRK_4998,STU_10313,DS201,1,Midterm_Exam,17.6,30
MRK_4999,STU_10313,DS201,1,Assignment_1,4.4,20
MRK_5000,STU_10313,DS201,1,Final_Exam,7.0,30
MRK_5001,STU_10313,MA102,2,Quiz_1,9.2,20
MRK_5002,STU_10313,MA102,2,Midterm_Exam,8.5,30
MRK_5003,STU_10313,MA102,2,Assignment_1,6.7,20
MRK_5004,STU_10313,MA102,2,Final_Exam,3.6,30
MRK_5005,STU_10313,SE301,3,Quiz_1,11.2,20
MRK_5006,STU_10313,SE301,3,Midterm_Exam,8.4,30
MRK_5007,STU_10313,SE301,3,Assignment_1,9.3,20
MRK_5008,STU_10313,SE301,3,Final_Exam,6.2,30
MRK_5009,STU_10314,CS101,1,Quiz_1,15.0,20
MRK_5010,STU_10314,CS101,1,Midterm_Exam,30.0,30
MRK_5011,STU_10314,CS101,1,Assignment_1,18.9,20
MRK_5012,STU_10314,CS101,1,Final_Exam,19.6,30
MRK_5013,STU_10314,DS201,3,Quiz_1,20.0,20
MRK_5014,STU_10314,DS201,3,Midterm_Exam,14.0,30
MRK_5015,STU_10314,DS201,3,Assignment_1,15.6,20
MRK_5016,STU_10314,DS201,3,Final_Exam,29.7,30
MRK_5017,STU_10314,MA102,2,Quiz_1,14.6,20
MRK_5018,STU_10314,MA102,2,Midterm_Exam,21.0,30
MRK_5019,STU_10314,MA102,2,Assignment_1,15.2,20
MRK_5020,STU_10314,MA102,2,Final_Exam,26.8,30
MRK_5021,STU_10314,SE301,3,Quiz_1,15.4,20
MRK_5022,STU_10314,SE301,3,Midterm_Exam,22.1,30
MRK_5023,STU_10314,SE301,3,Assignment_1,16.4,20
MRK_5024,STU_10314,SE301,3,Final_Exam,23.3,30
MRK_5025,STU_10315,CS101,4,Quiz_1,11.2,20
MRK_5026,STU_10315,CS101,4,Midterm_Exam,30.0,30
MRK_5027,STU_10315,CS101,4,Assignment_1,14.4,20
MRK_5028,STU_10315,CS101,4,Final_Exam,22.2,30
MRK_5029,STU_10315,DS201,1,Quiz_1,19.2,20
MRK_5030,STU_10315,DS201,1,Midterm_Exam,22.5,30
MRK_5031,STU_10315,DS201,1,Assignment_1,15.4,20
MRK_5032,STU_10315,DS201,1,Final_Exam,20.8,30
MRK_5033,STU_10315,MA102,3,Quiz_1,17.3,20
MRK_5034,STU_10315,MA102,3,Midterm_Exam,23.2,30
MRK_5035,STU_10315,MA102,3,Assignment_1,15.1,20
MRK_5036,STU_10315,MA102,3,Final_Exam,16.6,30
MRK_5037,STU_10315,SE301,3,Quiz_1,14.8,20
MRK_5038,STU_10315,SE301,3,Midterm_Exam,24.3,30
MRK_5039,STU_10315,SE301,3,Assignment_1,18.4,20
MRK_5040,STU_10315,SE301,3,Final_Exam,25.7,30
MRK_5041,STU_10316,CS101,3,Quiz_1,20.0,20
MRK_5042,STU_10316,CS101,3,Midterm_Exam,13.6,30
MRK_5043,STU_10316,CS101,3,Assignment_1,18.0,20
MRK_5044,STU_10316,CS101,3,Final_Exam,28.0,30
MRK_5045,STU_10316,DS201,3,Quiz_1,20.0,20
MRK_5046,STU_10316,DS201,3,Midterm_Exam,15.8,30
MRK_5047,STU_10316,DS201,3,Assignment_1,14.5,20
MRK_5048,STU_10316,DS201,3,Final_Exam,27.4,30
MRK_5049,STU_10316,MA102,3,Quiz_1,8.2,20
MRK_5050,STU_10316,MA102,3,Midterm_Exam,22.4,30
MRK_5051,STU_10316,MA102,3,Assignment_1,19.9,20
MRK_5052,STU_10316,MA102,3,Final_Exam,30.0,30
MRK_5053,STU_10316,SE301,3,Quiz_1,20.0,20
MRK_5054,STU_10316,SE301,3,Midterm_Exam,25.3,30
MRK_5055,STU_10316,SE301,3,Assignment_1,16.2,20
MRK_5056,STU_10316,SE301,3,Final_Exam,30.0,30
MRK_5057,STU_10317,CS101,3,Quiz_1,0.9,20
MRK_5058,STU_10317,CS101,3,Midterm_Exam,9.7,30
MRK_5059,STU_10317,CS101,3,Assignment_1,8.0,20
MRK_5060,STU_10317,CS101,3,Final_Exam,18.1,30
MRK_5061,STU_10317,DS201,4,Quiz_1,7.7,20
MRK_5062,STU_10317,DS201,4,Midterm_Exam,9.8,30
MRK_5063,STU_10317,DS201,4,Assignment_1,10.9,20
MRK_5064,STU_10317,DS201,4,Final_Exam,13.6,30
MRK_5065,STU_10317,MA102,4,Quiz_1,7.9,20
MRK_5066,STU_10317,MA102,4,Midterm_Exam,5.5,30
MRK_5067,STU_10317,MA102,4,Assignment_1,7.4,20
MRK_5068,STU_10317,MA102,4,Final_Exam,10.6,30
MRK_5069,STU_10317,SE301,2,Quiz_1,9.5,20
MRK_5070,STU_10317,SE301,2,Midterm_Exam,4.2,30
MRK_5071,STU_10317,SE301,2,Assignment_1,7.2,20
MRK_5072,STU_10317,SE301,2,Final_Exam,4.6,30
MRK_5073,STU_10318,CS101,4,Quiz_1,20.0,20
MRK_5074,STU_10318,CS101,4,Midterm_Exam,18.8,30
MRK_5075,STU_10318,CS101,4,Assignment_1,16.4,20
MRK_5076,STU_10318,CS101,4,Final_Exam,23.8,30
MRK_5077,STU_10318,DS201,4,Quiz_1,12.6,20
MRK_5078,STU_10318,DS201,4,Midterm_Exam,30.0,30
MRK_5079,STU_10318,DS201,4,Assignment_1,17.5,20
MRK_5080,STU_10318,DS201,4,Final_Exam,24.0,30
MRK_5081,STU_10318,MA102,4,Quiz_1,15.3,20
MRK_5082,STU_10318,MA102,4,Midterm_Exam,30.0,30
MRK_5083,STU_10318,MA102,4,Assignment_1,19.0,20
MRK_5084,STU_10318,MA102,4,Final_Exam,23.9,30
MRK_5085,STU_10318,SE301,3,Quiz_1,20.0,20
MRK_5086,STU_10318,SE301,3,Midterm_Exam,20.8,30
MRK_5087,STU_10318,SE301,3,Assignment_1,16.6,20
MRK_5088,STU_10318,SE301,3,Final_Exam,23.5,30
MRK_5089,STU_10319,CS101,3,Quiz_1,15.5,20
MRK_5090,STU_10319,CS101,3,Midterm_Exam,25.3,30
MRK_5091,STU_10319,CS101,3,Assignment_1,15.5,20
MRK_5092,STU_10319,CS101,3,Final_Exam,18.0,30
MRK_5093,STU_10319,DS201,2,Quiz_1,18.0,20
MRK_5094,STU_10319,DS201,2,Midterm_Exam,30.0,30
MRK_5095,STU_10319,DS201,2,Assignment_1,19.3,20
MRK_5096,STU_10319,DS201,2,Final_Exam,23.6,30
MRK_5097,STU_10319,MA102,2,Quiz_1,15.7,20
MRK_5098,STU_10319,MA102,2,Midterm_Exam,7.0,30
MRK_5099,STU_10319,MA102,2,Assignment_1,15.4,20
MRK_5100,STU_10319,MA102,2,Final_Exam,25.5,30
MRK_5101,STU_10319,SE301,4,Quiz_1,14.3,20
MRK_5102,STU_10319,SE301,4,Midterm_Exam,16.0,30
MRK_5103,STU_10319,SE301,4,Assignment_1,15.1,20
MRK_5104,STU_10319,SE301,4,Final_Exam,26.7,30
MRK_5105,STU_10320,CS101,3,Quiz_1,16.3,20
MRK_5106,STU_10320,CS101,3,Midterm_Exam,28.6,30
MRK_5107,STU_10320,CS101,3,Assignment_1,17.2,20
MRK_5108,STU_10320,CS101,3,Final_Exam,20.0,30
MRK_5109,STU_10320,DS201,1,Quiz_1,16.6,20
MRK_5110,STU_10320,DS201,1,Midterm_Exam,22.3,30
MRK_5111,STU_10320,DS201,1,Assignment_1,15.2,20
MRK_5112,STU_10320,DS201,1,Final_Exam,30.0,30
MRK_5113,STU_10320,MA102,3,Quiz_1,18.2,20
MRK_5114,STU_10320,MA102,3,Midterm_Exam,23.3,30
MRK_5115,STU_10320,MA102,3,Assignment_1,17.5,20
MRK_5116,STU_10320,MA102,3,Final_Exam,27.9,30
MRK_5117,STU_10320,SE301,1,Quiz_1,20.0,20
MRK_5118,STU_10320,SE301,1,Midterm_Exam,26.7,30
MRK_5119,STU_10320,SE301,1,Assignment_1,18.5,20
MRK_5120,STU_10320,SE301,1,Final_Exam,15.6,30
MRK_5121,STU_10321,CS101,3,Quiz_1,3.3,20
MRK_5122,STU_10321,CS101,3,Midterm_Exam,13.4,30
MRK_5123,STU_10321,CS101,3,Assignment_1,6.0,20
MRK_5124,STU_10321,CS101,3,Final_Exam,9.5,30
MRK_5125,STU_10321,DS201,1,Quiz_1,5.7,20
MRK_5126,STU_10321,DS201,1,Midterm_Exam,15.6,30
MRK_5127,STU_10321,DS201,1,Assignment_1,13.6,20
MRK_5128,STU_10321,DS201,1,Final_Exam,11.9,30
MRK_5129,STU_10321,MA102,1,Quiz_1,4.0,20
MRK_5130,STU_10321,MA102,1,Midterm_Exam,11.3,30
MRK_5131,STU_10321,MA102,1,Assignment_1,5.6,20
MRK_5132,STU_10321,MA102,1,Final_Exam,10.6,30
MRK_5133,STU_10321,SE301,4,Quiz_1,8.5,20
MRK_5134,STU_10321,SE301,4,Midterm_Exam,17.0,30
MRK_5135,STU_10321,SE301,4,Assignment_1,12.1,20
MRK_5136,STU_10321,SE301,4,Final_Exam,13.9,30
MRK_5137,STU_10322,CS101,1,Quiz_1,15.1,20
MRK_5138,STU_10322,CS101,1,Midterm_Exam,30.0,30
MRK_5139,STU_10322,CS101,1,Assignment_1,16.0,20
MRK_5140,STU_10322,CS101,1,Final_Exam,17.2,30
MRK_5141,STU_10322,DS201,1,Quiz_1,14.5,20
MRK_5142,STU_10322,DS201,1,Midterm_Exam,23.3,30
MRK_5143,STU_10322,DS201,1,Assignment_1,11.0,20
MRK_5144,STU_10322,DS201,1,Final_Exam,24.8,30
MRK_5145,STU_10322,MA102,4,Quiz_1,19.3,20
MRK_5146,STU_10322,MA102,4,Midterm_Exam,26.7,30
MRK_5147,STU_10322,MA102,4,Assignment_1,20.0,20
MRK_5148,STU_10322,MA102,4,Final_Exam,20.2,30
MRK_5149,STU_10322,SE301,1,Quiz_1,17.0,20
MRK_5150,STU_10322,SE301,1,Midterm_Exam,14.1,30
MRK_5151,STU_10322,SE301,1,Assignment_1,13.9,20
MRK_5152,STU_10322,SE301,1,Final_Exam,21.7,30
MRK_5153,STU_10323,CS101,2,Quiz_1,9.9,20
MRK_5154,STU_10323,CS101,2,Midterm_Exam,25.9,30
MRK_5155,STU_10323,CS101,2,Assignment_1,16.3,20
MRK_5156,STU_10323,CS101,2,Final_Exam,30.0,30
MRK_5157,STU_10323,DS201,3,Quiz_1,12.5,20
MRK_5158,STU_10323,DS201,3,Midterm_Exam,26.4,30
MRK_5159,STU_10323,DS201,3,Assignment_1,16.6,20
MRK_5160,STU_10323,DS201,3,Final_Exam,18.9,30
MRK_5161,STU_10323,MA102,4,Quiz_1,11.6,20
MRK_5162,STU_10323,MA102,4,Midterm_Exam,16.3,30
MRK_5163,STU_10323,MA102,4,Assignment_1,16.0,20
MRK_5164,STU_10323,MA102,4,Final_Exam,28.7,30
MRK_5165,STU_10323,SE301,2,Quiz_1,17.7,20
MRK_5166,STU_10323,SE301,2,Midterm_Exam,19.8,30
MRK_5167,STU_10323,SE301,2,Assignment_1,14.5,20
MRK_5168,STU_10323,SE301,2,Final_Exam,26.1,30
MRK_5169,STU_10324,CS101,4,Quiz_1,17.2,20
MRK_5170,STU_10324,CS101,4,Midterm_Exam,28.3,30
MRK_5171,STU_10324,CS101,4,Assignment_1,15.5,20
MRK_5172,STU_10324,CS101,4,Final_Exam,20.1,30
MRK_5173,STU_10324,DS201,2,Quiz_1,20.0,20
MRK_5174,STU_10324,DS201,2,Midterm_Exam,30.0,30
MRK_5175,STU_10324,DS201,2,Assignment_1,18.6,20
MRK_5176,STU_10324,DS201,2,Final_Exam,19.3,30
MRK_5177,STU_10324,MA102,4,Quiz_1,18.7,20
MRK_5178,STU_10324,MA102,4,Midterm_Exam,26.0,30
MRK_5179,STU_10324,MA102,4,Assignment_1,13.8,20
MRK_5180,STU_10324,MA102,4,Final_Exam,27.8,30
MRK_5181,STU_10324,SE301,2,Quiz_1,15.4,20
MRK_5182,STU_10324,SE301,2,Midterm_Exam,18.7,30
MRK_5183,STU_10324,SE301,2,Assignment_1,16.3,20
MRK_5184,STU_10324,SE301,2,Final_Exam,30.0,30
MRK_5185,STU_10325,CS101,2,Quiz_1,10.1,20
MRK_5186,STU_10325,CS101,2,Midterm_Exam,6.4,30
MRK_5187,STU_10325,CS101,2,Assignment_1,5.6,20
MRK_5188,STU_10325,CS101,2,Final_Exam,7.4,30
MRK_5189,STU_10325,DS201,4,Quiz_1,3.1,20
MRK_5190,STU_10325,DS201,4,Midterm_Exam,0.0,30
MRK_5191,STU_10325,DS201,4,Assignment_1,8.8,20
MRK_5192,STU_10325,DS201,4,Final_Exam,13.3,30
MRK_5193,STU_10325,MA102,3,Quiz_1,12.3,20
MRK_5194,STU_10325,MA102,3,Midterm_Exam,8.3,30
MRK_5195,STU_10325,MA102,3,Assignment_1,10.0,20
MRK_5196,STU_10325,MA102,3,Final_Exam,9.8,30
MRK_5197,STU_10325,SE301,4,Quiz_1,7.7,20
MRK_5198,STU_10325,SE301,4,Midterm_Exam,15.4,30
MRK_5199,STU_10325,SE301,4,Assignment_1,5.6,20
MRK_5200,STU_10325,SE301,4,Final_Exam,17.2,30
MRK_5201,STU_10326,CS101,1,Quiz_1,14.3,20
MRK_5202,STU_10326,CS101,1,Midterm_Exam,25.9,30
MRK_5203,STU_10326,CS101,1,Assignment_1,13.7,20
MRK_5204,STU_10326,CS101,1,Final_Exam,24.8,30
MRK_5205,STU_10326,DS201,3,Quiz_1,20.0,20
MRK_5206,STU_10326,DS201,3,Midterm_Exam,20.6,30
MRK_5207,STU_10326,DS201,3,Assignment_1,16.2,20
MRK_5208,STU_10326,DS201,3,Final_Exam,25.0,30
MRK_5209,STU_10326,MA102,1,Quiz_1,15.7,20
MRK_5210,STU_10326,MA102,1,Midterm_Exam,26.2,30
MRK_5211,STU_10326,MA102,1,Assignment_1,20.0,20
MRK_5212,STU_10326,MA102,1,Final_Exam,25.3,30
MRK_5213,STU_10326,SE301,4,Quiz_1,11.9,20
MRK_5214,STU_10326,SE301,4,Midterm_Exam,20.1,30
MRK_5215,STU_10326,SE301,4,Assignment_1,15.5,20
MRK_5216,STU_10326,SE301,4,Final_Exam,29.4,30
MRK_5217,STU_10327,CS101,1,Quiz_1,20.0,20
MRK_5218,STU_10327,CS101,1,Midterm_Exam,27.3,30
MRK_5219,STU_10327,CS101,1,Assignment_1,15.6,20
MRK_5220,STU_10327,CS101,1,Final_Exam,14.2,30
MRK_5221,STU_10327,DS201,4,Quiz_1,14.0,20
MRK_5222,STU_10327,DS201,4,Midterm_Exam,16.8,30
MRK_5223,STU_10327,DS201,4,Assignment_1,18.7,20
MRK_5224,STU_10327,DS201,4,Final_Exam,19.2,30
MRK_5225,STU_10327,MA102,2,Quiz_1,11.0,20
MRK_5226,STU_10327,MA102,2,Midterm_Exam,24.3,30
MRK_5227,STU_10327,MA102,2,Assignment_1,19.7,20
MRK_5228,STU_10327,MA102,2,Final_Exam,23.1,30
MRK_5229,STU_10327,SE301,1,Quiz_1,20.0,20
MRK_5230,STU_10327,SE301,1,Midterm_Exam,17.1,30
MRK_5231,STU_10327,SE301,1,Assignment_1,20.0,20
MRK_5232,STU_10327,SE301,1,Final_Exam,21.1,30
MRK_5233,STU_10328,CS101,1,Quiz_1,14.9,20
MRK_5234,STU_10328,CS101,1,Midterm_Exam,16.4,30
MRK_5235,STU_10328,CS101,1,Assignment_1,16.4,20
MRK_5236,STU_10328,CS101,1,Final_Exam,13.3,30
MRK_5237,STU_10328,DS201,2,Quiz_1,17.8,20
MRK_5238,STU_10328,DS201,2,Midterm_Exam,17.5,30
MRK_5239,STU_10328,DS201,2,Assignment_1,20.0,20
MRK_5240,STU_10328,DS201,2,Final_Exam,21.3,30
MRK_5241,STU_10328,MA102,2,Quiz_1,20.0,20
MRK_5242,STU_10328,MA102,2,Midterm_Exam,20.9,30
MRK_5243,STU_10328,MA102,2,Assignment_1,10.9,20
MRK_5244,STU_10328,MA102,2,Final_Exam,23.7,30
MRK_5245,STU_10328,SE301,1,Quiz_1,18.1,20
MRK_5246,STU_10328,SE301,1,Midterm_Exam,21.8,30
MRK_5247,STU_10328,SE301,1,Assignment_1,18.8,20
MRK_5248,STU_10328,SE301,1,Final_Exam,22.2,30
MRK_5249,STU_10329,CS101,2,Quiz_1,11.1,20
MRK_5250,STU_10329,CS101,2,Midterm_Exam,14.7,30
MRK_5251,STU_10329,CS101,2,Assignment_1,7.0,20
MRK_5252,STU_10329,CS101,2,Final_Exam,3.8,30
MRK_5253,STU_10329,DS201,4,Quiz_1,7.7,20
MRK_5254,STU_10329,DS201,4,Midterm_Exam,18.0,30
MRK_5255,STU_10329,DS201,4,Assignment_1,8.5,20
MRK_5256,STU_10329,DS201,4,Final_Exam,14.7,30
MRK_5257,STU_10329,MA102,3,Quiz_1,0.9,20
MRK_5258,STU_10329,MA102,3,Midterm_Exam,18.6,30
MRK_5259,STU_10329,MA102,3,Assignment_1,8.2,20
MRK_5260,STU_10329,MA102,3,Final_Exam,1.5,30
MRK_5261,STU_10329,SE301,2,Quiz_1,16.2,20
MRK_5262,STU_10329,SE301,2,Midterm_Exam,6.8,30
MRK_5263,STU_10329,SE301,2,Assignment_1,7.6,20
MRK_5264,STU_10329,SE301,2,Final_Exam,15.2,30
MRK_5265,STU_10330,CS101,4,Quiz_1,11.2,20
MRK_5266,STU_10330,CS101,4,Midterm_Exam,25.5,30
MRK_5267,STU_10330,CS101,4,Assignment_1,12.6,20
MRK_5268,STU_10330,CS101,4,Final_Exam,24.1,30
MRK_5269,STU_10330,DS201,1,Quiz_1,16.1,20
MRK_5270,STU_10330,DS201,1,Midterm_Exam,11.3,30
MRK_5271,STU_10330,DS201,1,Assignment_1,14.9,20
MRK_5272,STU_10330,DS201,1,Final_Exam,23.2,30
MRK_5273,STU_10330,MA102,3,Quiz_1,16.4,20
MRK_5274,STU_10330,MA102,3,Midterm_Exam,25.3,30
MRK_5275,STU_10330,MA102,3,Assignment_1,13.2,20
MRK_5276,STU_10330,MA102,3,Final_Exam,23.7,30
MRK_5277,STU_10330,SE301,2,Quiz_1,17.1,20
MRK_5278,STU_10330,SE301,2,Midterm_Exam,30.0,30
MRK_5279,STU_10330,SE301,2,Assignment_1,17.6,20
MRK_5280,STU_10330,SE301,2,Final_Exam,30.0,30
MRK_5281,STU_10331,CS101,1,Quiz_1,20.0,20
MRK_5282,STU_10331,CS101,1,Midterm_Exam,21.7,30
MRK_5283,STU_10331,CS101,1,Assignment_1,18.5,20
MRK_5284,STU_10331,CS101,1,Final_Exam,21.7,30
MRK_5285,STU_10331,DS201,1,Quiz_1,16.7,20
MRK_5286,STU_10331,DS201,1,Midterm_Exam,19.6,30
MRK_5287,STU_10331,DS201,1,Assignment_1,15.9,20
MRK_5288,STU_10331,DS201,1,Final_Exam,15.1,30
MRK_5289,STU_10331,MA102,2,Quiz_1,13.1,20
MRK_5290,STU_10331,MA102,2,Midterm_Exam,17.1,30
MRK_5291,STU_10331,MA102,2,Assignment_1,11.1,20
MRK_5292,STU_10331,MA102,2,Final_Exam,22.8,30
MRK_5293,STU_10331,SE301,1,Quiz_1,17.4,20
MRK_5294,STU_10331,SE301,1,Midterm_Exam,13.6,30
MRK_5295,STU_10331,SE301,1,Assignment_1,12.8,20
MRK_5296,STU_10331,SE301,1,Final_Exam,29.9,30
MRK_5297,STU_10332,CS101,3,Quiz_1,11.1,20
MRK_5298,STU_10332,CS101,3,Midterm_Exam,24.4,30
MRK_5299,STU_10332,CS101,3,Assignment_1,18.7,20
MRK_5300,STU_10332,CS101,3,Final_Exam,22.7,30
MRK_5301,STU_10332,DS201,4,Quiz_1,12.2,20
MRK_5302,STU_10332,DS201,4,Midterm_Exam,30.0,30
MRK_5303,STU_10332,DS201,4,Assignment_1,17.8,20
MRK_5304,STU_10332,DS201,4,Final_Exam,27.6,30
MRK_5305,STU_10332,MA102,4,Quiz_1,20.0,20
MRK_5306,STU_10332,MA102,4,Midterm_Exam,30.0,30
MRK_5307,STU_10332,MA102,4,Assignment_1,15.4,20
MRK_5308,STU_10332,MA102,4,Final_Exam,30.0,30
MRK_5309,STU_10332,SE301,1,Quiz_1,15.8,20
MRK_5310,STU_10332,SE301,1,Midterm_Exam,24.6,30
MRK_5311,STU_10332,SE301,1,Assignment_1,18.5,20
MRK_5312,STU_10332,SE301,1,Final_Exam,23.5,30
MRK_5313,STU_10333,CS101,4,Quiz_1,6.3,20
MRK_5314,STU_10333,CS101,4,Midterm_Exam,8.5,30
MRK_5315,STU_10333,CS101,4,Assignment_1,2.6,20
MRK_5316,STU_10333,CS101,4,Final_Exam,0.0,30
MRK_5317,STU_10333,DS201,1,Quiz_1,8.6,20
MRK_5318,STU_10333,DS201,1,Midterm_Exam,23.6,30
MRK_5319,STU_10333,DS201,1,Assignment_1,11.1,20
MRK_5320,STU_10333,DS201,1,Final_Exam,6.6,30
MRK_5321,STU_10333,MA102,1,Quiz_1,12.6,20
MRK_5322,STU_10333,MA102,1,Midterm_Exam,14.7,30
MRK_5323,STU_10333,MA102,1,Assignment_1,13.6,20
MRK_5324,STU_10333,MA102,1,Final_Exam,11.5,30
MRK_5325,STU_10333,SE301,3,Quiz_1,10.3,20
MRK_5326,STU_10333,SE301,3,Midterm_Exam,11.7,30
MRK_5327,STU_10333,SE301,3,Assignment_1,10.7,20
MRK_5328,STU_10333,SE301,3,Final_Exam,5.2,30
MRK_5329,STU_10334,CS101,3,Quiz_1,15.5,20
MRK_5330,STU_10334,CS101,3,Midterm_Exam,25.5,30
MRK_5331,STU_10334,CS101,3,Assignment_1,15.6,20
MRK_5332,STU_10334,CS101,3,Final_Exam,22.7,30
MRK_5333,STU_10334,DS201,1,Quiz_1,20.0,20
MRK_5334,STU_10334,DS201,1,Midterm_Exam,26.2,30
MRK_5335,STU_10334,DS201,1,Assignment_1,12.7,20
MRK_5336,STU_10334,DS201,1,Final_Exam,23.6,30
MRK_5337,STU_10334,MA102,3,Quiz_1,15.2,20
MRK_5338,STU_10334,MA102,3,Midterm_Exam,30.0,30
MRK_5339,STU_10334,MA102,3,Assignment_1,15.2,20
MRK_5340,STU_10334,MA102,3,Final_Exam,23.1,30
MRK_5341,STU_10334,SE301,4,Quiz_1,16.0,20
MRK_5342,STU_10334,SE301,4,Midterm_Exam,23.9,30
MRK_5343,STU_10334,SE301,4,Assignment_1,14.0,20
MRK_5344,STU_10334,SE301,4,Final_Exam,30.0,30
MRK_5345,STU_10335,CS101,4,Quiz_1,17.9,20
MRK_5346,STU_10335,CS101,4,Midterm_Exam,25.0,30
MRK_5347,STU_10335,CS101,4,Assignment_1,17.9,20
MRK_5348,STU_10335,CS101,4,Final_Exam,28.5,30
MRK_5349,STU_10335,DS201,4,Quiz_1,15.7,20
MRK_5350,STU_10335,DS201,4,Midterm_Exam,26.7,30
MRK_5351,STU_10335,DS201,4,Assignment_1,20.0,20
MRK_5352,STU_10335,DS201,4,Final_Exam,13.9,30
MRK_5353,STU_10335,MA102,1,Quiz_1,13.5,20
MRK_5354,STU_10335,MA102,1,Midterm_Exam,23.8,30
MRK_5355,STU_10335,MA102,1,Assignment_1,16.5,20
MRK_5356,STU_10335,MA102,1,Final_Exam,28.5,30
MRK_5357,STU_10335,SE301,2,Quiz_1,15.8,20
MRK_5358,STU_10335,SE301,2,Midterm_Exam,16.1,30
MRK_5359,STU_10335,SE301,2,Assignment_1,17.6,20
MRK_5360,STU_10335,SE301,2,Final_Exam,25.4,30
MRK_5361,STU_10336,CS101,2,Quiz_1,19.5,20
MRK_5362,STU_10336,CS101,2,Midterm_Exam,30.0,30
MRK_5363,STU_10336,CS101,2,Assignment_1,20.0,20
MRK_5364,STU_10336,CS101,2,Final_Exam,30.0,30
MRK_5365,STU_10336,DS201,1,Quiz_1,17.1,20
MRK_5366,STU_10336,DS201,1,Midterm_Exam,30.0,30
MRK_5367,STU_10336,DS201,1,Assignment_1,14.2,20
MRK_5368,STU_10336,DS201,1,Final_Exam,14.6,30
MRK_5369,STU_10336,MA102,3,Quiz_1,20.0,20
MRK_5370,STU_10336,MA102,3,Midterm_Exam,18.9,30
MRK_5371,STU_10336,MA102,3,Assignment_1,18.9,20
MRK_5372,STU_10336,MA102,3,Final_Exam,22.5,30
MRK_5373,STU_10336,SE301,2,Quiz_1,12.5,20
MRK_5374,STU_10336,SE301,2,Midterm_Exam,24.2,30
MRK_5375,STU_10336,SE301,2,Assignment_1,17.6,20
MRK_5376,STU_10336,SE301,2,Final_Exam,27.0,30
MRK_5377,STU_10337,CS101,3,Quiz_1,9.4,20
MRK_5378,STU_10337,CS101,3,Midterm_Exam,1.3,30
MRK_5379,STU_10337,CS101,3,Assignment_1,14.0,20
MRK_5380,STU_10337,CS101,3,Final_Exam,15.9,30
MRK_5381,STU_10337,DS201,1,Quiz_1,7.4,20
MRK_5382,STU_10337,DS201,1,Midterm_Exam,9.7,30
MRK_5383,STU_10337,DS201,1,Assignment_1,10.7,20
MRK_5384,STU_10337,DS201,1,Final_Exam,5.1,30
MRK_5385,STU_10337,MA102,2,Quiz_1,3.8,20
MRK_5386,STU_10337,MA102,2,Midterm_Exam,0.0,30
MRK_5387,STU_10337,MA102,2,Assignment_1,13.1,20
MRK_5388,STU_10337,MA102,2,Final_Exam,11.0,30
MRK_5389,STU_10337,SE301,3,Quiz_1,15.1,20
MRK_5390,STU_10337,SE301,3,Midterm_Exam,12.0,30
MRK_5391,STU_10337,SE301,3,Assignment_1,11.3,20
MRK_5392,STU_10337,SE301,3,Final_Exam,1.9,30
MRK_5393,STU_10338,CS101,1,Quiz_1,18.8,20
MRK_5394,STU_10338,CS101,1,Midterm_Exam,10.7,30
MRK_5395,STU_10338,CS101,1,Assignment_1,19.8,20
MRK_5396,STU_10338,CS101,1,Final_Exam,19.7,30
MRK_5397,STU_10338,DS201,1,Quiz_1,14.7,20
MRK_5398,STU_10338,DS201,1,Midterm_Exam,15.9,30
MRK_5399,STU_10338,DS201,1,Assignment_1,15.4,20
MRK_5400,STU_10338,DS201,1,Final_Exam,30.0,30
MRK_5401,STU_10338,MA102,4,Quiz_1,20.0,20
MRK_5402,STU_10338,MA102,4,Midterm_Exam,20.4,30
MRK_5403,STU_10338,MA102,4,Assignment_1,19.3,20
MRK_5404,STU_10338,MA102,4,Final_Exam,20.8,30
MRK_5405,STU_10338,SE301,2,Quiz_1,17.9,20
MRK_5406,STU_10338,SE301,2,Midterm_Exam,24.4,30
MRK_5407,STU_10338,SE301,2,Assignment_1,19.0,20
MRK_5408,STU_10338,SE301,2,Final_Exam,17.4,30
MRK_5409,STU_10339,CS101,1,Quiz_1,18.5,20
MRK_5410,STU_10339,CS101,1,Midterm_Exam,27.0,30
MRK_5411,STU_10339,CS101,1,Assignment_1,20.0,20
MRK_5412,STU_10339,CS101,1,Final_Exam,21.2,30
MRK_5413,STU_10339,DS201,4,Quiz_1,10.3,20
MRK_5414,STU_10339,DS201,4,Midterm_Exam,2.2,30
MRK_5415,STU_10339,DS201,4,Assignment_1,19.2,20
MRK_5416,STU_10339,DS201,4,Final_Exam,27.0,30
MRK_5417,STU_10339,MA102,1,Quiz_1,20.0,20
MRK_5418,STU_10339,MA102,1,Midterm_Exam,18.3,30
MRK_5419,STU_10339,MA102,1,Assignment_1,14.0,20
MRK_5420,STU_10339,MA102,1,Final_Exam,15.4,30
MRK_5421,STU_10339,SE301,2,Quiz_1,17.6,20
MRK_5422,STU_10339,SE301,2,Midterm_Exam,18.4,30
MRK_5423,STU_10339,SE301,2,Assignment_1,15.5,20
MRK_5424,STU_10339,SE301,2,Final_Exam,20.8,30
MRK_5425,STU_10340,CS101,2,Quiz_1,15.4,20
MRK_5426,STU_10340,CS101,2,Midterm_Exam,22.8,30
MRK_5427,STU_10340,CS101,2,Assignment_1,20.0,20
MRK_5428,STU_10340,CS101,2,Final_Exam,26.0,30
MRK_5429,STU_10340,DS201,2,Quiz_1,15.3,20
MRK_5430,STU_10340,DS201,2,Midterm_Exam,20.3,30
MRK_5431,STU_10340,DS201,2,Assignment_1,17.2,20
MRK_5432,STU_10340,DS201,2,Final_Exam,22.2,30
MRK_5433,STU_10340,MA102,2,Quiz_1,14.4,20
MRK_5434,STU_10340,MA102,2,Midterm_Exam,22.0,30
MRK_5435,STU_10340,MA102,2,Assignment_1,20.0,20
MRK_5436,STU_10340,MA102,2,Final_Exam,24.3,30
MRK_5437,STU_10340,SE301,2,Quiz_1,20.0,20
MRK_5438,STU_10340,SE301,2,Midterm_Exam,30.0,30
MRK_5439,STU_10340,SE301,2,Assignment_1,15.9,20
MRK_5440,STU_10340,SE301,2,Final_Exam,29.3,30
MRK_5441,STU_10341,CS101,4,Quiz_1,6.7,20
MRK_5442,STU_10341,CS101,4,Midterm_Exam,10.2,30
MRK_5443,STU_10341,CS101,4,Assignment_1,9.2,20
MRK_5444,STU_10341,CS101,4,Final_Exam,5.6,30
MRK_5445,STU_10341,DS201,1,Quiz_1,9.7,20
MRK_5446,STU_10341,DS201,1,Midterm_Exam,9.9,30
MRK_5447,STU_10341,DS201,1,Assignment_1,12.1,20
MRK_5448,STU_10341,DS201,1,Final_Exam,0.0,30
MRK_5449,STU_10341,MA102,3,Quiz_1,10.1,20
MRK_5450,STU_10341,MA102,3,Midterm_Exam,3.2,30
MRK_5451,STU_10341,MA102,3,Assignment_1,9.5,20
MRK_5452,STU_10341,MA102,3,Final_Exam,11.6,30
MRK_5453,STU_10341,SE301,4,Quiz_1,12.9,20
MRK_5454,STU_10341,SE301,4,Midterm_Exam,19.8,30
MRK_5455,STU_10341,SE301,4,Assignment_1,9.1,20
MRK_5456,STU_10341,SE301,4,Final_Exam,19.3,30
MRK_5457,STU_10342,CS101,3,Quiz_1,16.7,20
MRK_5458,STU_10342,CS101,3,Midterm_Exam,16.1,30
MRK_5459,STU_10342,CS101,3,Assignment_1,18.1,20
MRK_5460,STU_10342,CS101,3,Final_Exam,19.8,30
MRK_5461,STU_10342,DS201,2,Quiz_1,20.0,20
MRK_5462,STU_10342,DS201,2,Midterm_Exam,24.8,30
MRK_5463,STU_10342,DS201,2,Assignment_1,19.4,20
MRK_5464,STU_10342,DS201,2,Final_Exam,20.6,30
MRK_5465,STU_10342,MA102,4,Quiz_1,18.4,20
MRK_5466,STU_10342,MA102,4,Midterm_Exam,17.1,30
MRK_5467,STU_10342,MA102,4,Assignment_1,20.0,20
MRK_5468,STU_10342,MA102,4,Final_Exam,21.7,30
MRK_5469,STU_10342,SE301,2,Quiz_1,16.9,20
MRK_5470,STU_10342,SE301,2,Midterm_Exam,21.0,30
MRK_5471,STU_10342,SE301,2,Assignment_1,16.3,20
MRK_5472,STU_10342,SE301,2,Final_Exam,21.1,30
MRK_5473,STU_10343,CS101,3,Quiz_1,20.0,20
MRK_5474,STU_10343,CS101,3,Midterm_Exam,24.5,30
MRK_5475,STU_10343,CS101,3,Assignment_1,20.0,20
MRK_5476,STU_10343,CS101,3,Final_Exam,30.0,30
MRK_5477,STU_10343,DS201,3,Quiz_1,15.4,20
MRK_5478,STU_10343,DS201,3,Midterm_Exam,25.9,30
MRK_5479,STU_10343,DS201,3,Assignment_1,15.7,20
MRK_5480,STU_10343,DS201,3,Final_Exam,29.8,30
MRK_5481,STU_10343,MA102,2,Quiz_1,19.6,20
MRK_5482,STU_10343,MA102,2,Midterm_Exam,30.0,30
MRK_5483,STU_10343,MA102,2,Assignment_1,16.9,20
MRK_5484,STU_10343,MA102,2,Final_Exam,27.5,30
MRK_5485,STU_10343,SE301,1,Quiz_1,13.2,20
MRK_5486,STU_10343,SE301,1,Midterm_Exam,26.7,30
MRK_5487,STU_10343,SE301,1,Assignment_1,19.4,20
MRK_5488,STU_10343,SE301,1,Final_Exam,17.7,30
MRK_5489,STU_10344,CS101,2,Quiz_1,14.6,20
MRK_5490,STU_10344,CS101,2,Midterm_Exam,16.7,30
MRK_5491,STU_10344,CS101,2,Assignment_1,16.3,20
MRK_5492,STU_10344,CS101,2,Final_Exam,30.0,30
MRK_5493,STU_10344,DS201,1,Quiz_1,12.4,20
MRK_5494,STU_10344,DS201,1,Midterm_Exam,30.0,30
MRK_5495,STU_10344,DS201,1,Assignment_1,15.4,20
MRK_5496,STU_10344,DS201,1,Final_Exam,30.0,30
MRK_5497,STU_10344,MA102,1,Quiz_1,17.2,20
MRK_5498,STU_10344,MA102,1,Midterm_Exam,21.2,30
MRK_5499,STU_10344,MA102,1,Assignment_1,19.2,20
MRK_5500,STU_10344,MA102,1,Final_Exam,28.5,30
MRK_5501,STU_10344,SE301,1,Quiz_1,14.8,20
MRK_5502,STU_10344,SE301,1,Midterm_Exam,28.1,30
MRK_5503,STU_10344,SE301,1,Assignment_1,15.6,20
MRK_5504,STU_10344,SE301,1,Final_Exam,30.0,30
MRK_5505,STU_10345,CS101,2,Quiz_1,9.2,20
MRK_5506,STU_10345,CS101,2,Midterm_Exam,16.7,30
MRK_5507,STU_10345,CS101,2,Assignment_1,10.1,20
MRK_5508,STU_10345,CS101,2,Final_Exam,17.6,30
MRK_5509,STU_10345,DS201,2,Quiz_1,4.2,20
MRK_5510,STU_10345,DS201,2,Midterm_Exam,15.3,30
MRK_5511,STU_10345,DS201,2,Assignment_1,7.0,20
MRK_5512,STU_10345,DS201,2,Final_Exam,10.8,30
MRK_5513,STU_10345,MA102,1,Quiz_1,14.0,20
MRK_5514,STU_10345,MA102,1,Midterm_Exam,14.9,30
MRK_5515,STU_10345,MA102,1,Assignment_1,15.0,20
MRK_5516,STU_10345,MA102,1,Final_Exam,4.6,30
MRK_5517,STU_10345,SE301,3,Quiz_1,7.5,20
MRK_5518,STU_10345,SE301,3,Midterm_Exam,10.4,30
MRK_5519,STU_10345,SE301,3,Assignment_1,7.5,20
MRK_5520,STU_10345,SE301,3,Final_Exam,13.9,30
MRK_5521,STU_10346,CS101,1,Quiz_1,19.1,20
MRK_5522,STU_10346,CS101,1,Midterm_Exam,23.5,30
MRK_5523,STU_10346,CS101,1,Assignment_1,20.0,20
MRK_5524,STU_10346,CS101,1,Final_Exam,27.0,30
MRK_5525,STU_10346,DS201,3,Quiz_1,10.0,20
MRK_5526,STU_10346,DS201,3,Midterm_Exam,27.8,30
MRK_5527,STU_10346,DS201,3,Assignment_1,17.5,20
MRK_5528,STU_10346,DS201,3,Final_Exam,23.1,30
MRK_5529,STU_10346,MA102,4,Quiz_1,15.9,20
MRK_5530,STU_10346,MA102,4,Midterm_Exam,14.7,30
MRK_5531,STU_10346,MA102,4,Assignment_1,17.8,20
MRK_5532,STU_10346,MA102,4,Final_Exam,16.5,30
MRK_5533,STU_10346,SE301,1,Quiz_1,15.9,20
MRK_5534,STU_10346,SE301,1,Midterm_Exam,30.0,30
MRK_5535,STU_10346,SE301,1,Assignment_1,17.1,20
MRK_5536,STU_10346,SE301,1,Final_Exam,8.1,30
MRK_5537,STU_10347,CS101,3,Quiz_1,20.0,20
MRK_5538,STU_10347,CS101,3,Midterm_Exam,17.0,30
MRK_5539,STU_10347,CS101,3,Assignment_1,15.5,20
MRK_5540,STU_10347,CS101,3,Final_Exam,17.3,30
MRK_5541,STU_10347,DS201,2,Quiz_1,16.0,20
MRK_5542,STU_10347,DS201,2,Midterm_Exam,22.9,30
MRK_5543,STU_10347,DS201,2,Assignment_1,15.2,20
MRK_5544,STU_10347,DS201,2,Final_Exam,28.2,30
MRK_5545,STU_10347,MA102,3,Quiz_1,17.6,20
MRK_5546,STU_10347,MA102,3,Midterm_Exam,23.1,30
MRK_5547,STU_10347,MA102,3,Assignment_1,17.1,20
MRK_5548,STU_10347,MA102,3,Final_Exam,21.6,30
MRK_5549,STU_10347,SE301,1,Quiz_1,18.9,20
MRK_5550,STU_10347,SE301,1,Midterm_Exam,12.2,30
MRK_5551,STU_10347,SE301,1,Assignment_1,14.8,20
MRK_5552,STU_10347,SE301,1,Final_Exam,23.2,30
MRK_5553,STU_10348,CS101,3,Quiz_1,20.0,20
MRK_5554,STU_10348,CS101,3,Midterm_Exam,16.5,30
MRK_5555,STU_10348,CS101,3,Assignment_1,18.5,20
MRK_5556,STU_10348,CS101,3,Final_Exam,30.0,30
MRK_5557,STU_10348,DS201,2,Quiz_1,12.3,20
MRK_5558,STU_10348,DS201,2,Midterm_Exam,18.5,30
MRK_5559,STU_10348,DS201,2,Assignment_1,13.9,20
MRK_5560,STU_10348,DS201,2,Final_Exam,15.9,30
MRK_5561,STU_10348,MA102,3,Quiz_1,20.0,20
MRK_5562,STU_10348,MA102,3,Midterm_Exam,30.0,30
MRK_5563,STU_10348,MA102,3,Assignment_1,20.0,20
MRK_5564,STU_10348,MA102,3,Final_Exam,19.2,30
MRK_5565,STU_10348,SE301,4,Quiz_1,16.0,20
MRK_5566,STU_10348,SE301,4,Midterm_Exam,23.5,30
MRK_5567,STU_10348,SE301,4,Assignment_1,16.0,20
MRK_5568,STU_10348,SE301,4,Final_Exam,30.0,30
MRK_5569,STU_10349,CS101,3,Quiz_1,18.3,20
MRK_5570,STU_10349,CS101,3,Midterm_Exam,14.3,30
MRK_5571,STU_10349,CS101,3,Assignment_1,14.5,20
MRK_5572,STU_10349,CS101,3,Final_Exam,1.2,30
MRK_5573,STU_10349,DS201,4,Quiz_1,7.6,20
MRK_5574,STU_10349,DS201,4,Midterm_Exam,9.8,30
MRK_5575,STU_10349,DS201,4,Assignment_1,5.5,20
MRK_5576,STU_10349,DS201,4,Final_Exam,13.5,30
MRK_5577,STU_10349,MA102,2,Quiz_1,0.0,20
MRK_5578,STU_10349,MA102,2,Midterm_Exam,11.5,30
MRK_5579,STU_10349,MA102,2,Assignment_1,13.8,20
MRK_5580,STU_10349,MA102,2,Final_Exam,11.7,30
MRK_5581,STU_10349,SE301,3,Quiz_1,7.0,20
MRK_5582,STU_10349,SE301,3,Midterm_Exam,4.4,30
MRK_5583,STU_10349,SE301,3,Assignment_1,9.7,20
MRK_5584,STU_10349,SE301,3,Final_Exam,13.0,30
MRK_5585,STU_10350,CS101,1,Quiz_1,20.0,20
MRK_5586,STU_10350,CS101,1,Midterm_Exam,30.0,30
MRK_5587,STU_10350,CS101,1,Assignment_1,11.9,20
MRK_5588,STU_10350,CS101,1,Final_Exam,19.5,30
MRK_5589,STU_10350,DS201,4,Quiz_1,20.0,20
MRK_5590,STU_10350,DS201,4,Midterm_Exam,30.0,30
MRK_5591,STU_10350,DS201,4,Assignment_1,20.0,20
MRK_5592,STU_10350,DS201,4,Final_Exam,23.7,30
MRK_5593,STU_10350,MA102,4,Quiz_1,10.2,20
MRK_5594,STU_10350,MA102,4,Midterm_Exam,30.0,30
MRK_5595,STU_10350,MA102,4,Assignment_1,15.6,20
MRK_5596,STU_10350,MA102,4,Final_Exam,27.6,30
MRK_5597,STU_10350,SE301,4,Quiz_1,16.1,20
MRK_5598,STU_10350,SE301,4,Midterm_Exam,23.9,30
MRK_5599,STU_10350,SE301,4,Assignment_1,19.3,20
MRK_5600,STU_10350,SE301,4,Final_Exam,23.3,30
MRK_5601,STU_10351,CS101,2,Quiz_1,17.6,20
MRK_5602,STU_10351,CS101,2,Midterm_Exam,30.0,30
MRK_5603,STU_10351,CS101,2,Assignment_1,17.8,20
MRK_5604,STU_10351,CS101,2,Final_Exam,23.5,30
MRK_5605,STU_10351,DS201,4,Quiz_1,16.3,20
MRK_5606,STU_10351,DS201,4,Midterm_Exam,23.1,30
MRK_5607,STU_10351,DS201,4,Assignment_1,14.9,20
MRK_5608,STU_10351,DS201,4,Final_Exam,18.9,30
MRK_5609,STU_10351,MA102,3,Quiz_1,15.0,20
MRK_5610,STU_10351,MA102,3,Midterm_Exam,16.4,30
MRK_5611,STU_10351,MA102,3,Assignment_1,18.4,20
MRK_5612,STU_10351,MA102,3,Final_Exam,21.8,30
MRK_5613,STU_10351,SE301,4,Quiz_1,20.0,20
MRK_5614,STU_10351,SE301,4,Midterm_Exam,22.0,30
MRK_5615,STU_10351,SE301,4,Assignment_1,19.7,20
MRK_5616,STU_10351,SE301,4,Final_Exam,24.9,30
MRK_5617,STU_10352,CS101,2,Quiz_1,15.0,20
MRK_5618,STU_10352,CS101,2,Midterm_Exam,20.3,30
MRK_5619,STU_10352,CS101,2,Assignment_1,15.2,20
MRK_5620,STU_10352,CS101,2,Final_Exam,18.8,30
MRK_5621,STU_10352,DS201,2,Quiz_1,12.9,20
MRK_5622,STU_10352,DS201,2,Midterm_Exam,29.0,30
MRK_5623,STU_10352,DS201,2,Assignment_1,12.5,20
MRK_5624,STU_10352,DS201,2,Final_Exam,27.1,30
MRK_5625,STU_10352,MA102,4,Quiz_1,20.0,20
MRK_5626,STU_10352,MA102,4,Midterm_Exam,30.0,30
MRK_5627,STU_10352,MA102,4,Assignment_1,12.1,20
MRK_5628,STU_10352,MA102,4,Final_Exam,29.3,30
MRK_5629,STU_10352,SE301,4,Quiz_1,13.4,20
MRK_5630,STU_10352,SE301,4,Midterm_Exam,14.8,30
MRK_5631,STU_10352,SE301,4,Assignment_1,19.5,20
MRK_5632,STU_10352,SE301,4,Final_Exam,22.1,30
MRK_5633,STU_10353,CS101,1,Quiz_1,5.6,20
MRK_5634,STU_10353,CS101,1,Midterm_Exam,14.7,30
MRK_5635,STU_10353,CS101,1,Assignment_1,6.8,20
MRK_5636,STU_10353,CS101,1,Final_Exam,15.7,30
MRK_5637,STU_10353,DS201,1,Quiz_1,6.4,20
MRK_5638,STU_10353,DS201,1,Midterm_Exam,12.8,30
MRK_5639,STU_10353,DS201,1,Assignment_1,4.1,20
MRK_5640,STU_10353,DS201,1,Final_Exam,15.4,30
MRK_5641,STU_10353,MA102,4,Quiz_1,3.1,20
MRK_5642,STU_10353,MA102,4,Midterm_Exam,8.5,30
MRK_5643,STU_10353,MA102,4,Assignment_1,3.1,20
MRK_5644,STU_10353,MA102,4,Final_Exam,2.2,30
MRK_5645,STU_10353,SE301,3,Quiz_1,12.5,20
MRK_5646,STU_10353,SE301,3,Midterm_Exam,6.6,30
MRK_5647,STU_10353,SE301,3,Assignment_1,10.9,20
MRK_5648,STU_10353,SE301,3,Final_Exam,9.5,30
MRK_5649,STU_10354,CS101,3,Quiz_1,17.6,20
MRK_5650,STU_10354,CS101,3,Midterm_Exam,30.0,30
MRK_5651,STU_10354,CS101,3,Assignment_1,20.0,20
MRK_5652,STU_10354,CS101,3,Final_Exam,30.0,30
MRK_5653,STU_10354,DS201,1,Quiz_1,14.6,20
MRK_5654,STU_10354,DS201,1,Midterm_Exam,27.2,30
MRK_5655,STU_10354,DS201,1,Assignment_1,5.8,20
MRK_5656,STU_10354,DS201,1,Final_Exam,21.8,30
MRK_5657,STU_10354,MA102,3,Quiz_1,10.7,20
MRK_5658,STU_10354,MA102,3,Midterm_Exam,26.9,30
MRK_5659,STU_10354,MA102,3,Assignment_1,20.0,20
MRK_5660,STU_10354,MA102,3,Final_Exam,28.4,30
MRK_5661,STU_10354,SE301,2,Quiz_1,14.7,20
MRK_5662,STU_10354,SE301,2,Midterm_Exam,18.1,30
MRK_5663,STU_10354,SE301,2,Assignment_1,18.4,20
MRK_5664,STU_10354,SE301,2,Final_Exam,24.1,30
MRK_5665,STU_10355,CS101,4,Quiz_1,20.0,20
MRK_5666,STU_10355,CS101,4,Midterm_Exam,19.5,30
MRK_5667,STU_10355,CS101,4,Assignment_1,11.9,20
MRK_5668,STU_10355,CS101,4,Final_Exam,26.2,30
MRK_5669,STU_10355,DS201,1,Quiz_1,13.8,20
MRK_5670,STU_10355,DS201,1,Midterm_Exam,27.6,30
MRK_5671,STU_10355,DS201,1,Assignment_1,17.8,20
MRK_5672,STU_10355,DS201,1,Final_Exam,25.0,30
MRK_5673,STU_10355,MA102,3,Quiz_1,20.0,20
MRK_5674,STU_10355,MA102,3,Midterm_Exam,19.2,30
MRK_5675,STU_10355,MA102,3,Assignment_1,17.3,20
MRK_5676,STU_10355,MA102,3,Final_Exam,22.7,30
MRK_5677,STU_10355,SE301,3,Quiz_1,20.0,20
MRK_5678,STU_10355,SE301,3,Midterm_Exam,20.1,30
MRK_5679,STU_10355,SE301,3,Assignment_1,20.0,20
MRK_5680,STU_10355,SE301,3,Final_Exam,20.4,30
MRK_5681,STU_10356,CS101,1,Quiz_1,13.2,20
MRK_5682,STU_10356,CS101,1,Midterm_Exam,19.7,30
MRK_5683,STU_10356,CS101,1,Assignment_1,14.4,20
MRK_5684,STU_10356,CS101,1,Final_Exam,24.7,30
MRK_5685,STU_10356,DS201,3,Quiz_1,8.6,20
MRK_5686,STU_10356,DS201,3,Midterm_Exam,20.1,30
MRK_5687,STU_10356,DS201,3,Assignment_1,11.4,20
MRK_5688,STU_10356,DS201,3,Final_Exam,30.0,30
MRK_5689,STU_10356,MA102,3,Quiz_1,20.0,20
MRK_5690,STU_10356,MA102,3,Midterm_Exam,13.8,30
MRK_5691,STU_10356,MA102,3,Assignment_1,15.2,20
MRK_5692,STU_10356,MA102,3,Final_Exam,30.0,30
MRK_5693,STU_10356,SE301,1,Quiz_1,17.1,20
MRK_5694,STU_10356,SE301,1,Midterm_Exam,29.6,30
MRK_5695,STU_10356,SE301,1,Assignment_1,20.0,20
MRK_5696,STU_10356,SE301,1,Final_Exam,19.9,30
MRK_5697,STU_10357,CS101,3,Quiz_1,12.8,20
MRK_5698,STU_10357,CS101,3,Midterm_Exam,19.6,30
MRK_5699,STU_10357,CS101,3,Assignment_1,7.6,20
MRK_5700,STU_10357,CS101,3,Final_Exam,12.6,30
MRK_5701,STU_10357,DS201,1,Quiz_1,17.1,20
MRK_5702,STU_10357,DS201,1,Midterm_Exam,4.0,30
MRK_5703,STU_10357,DS201,1,Assignment_1,11.1,20
MRK_5704,STU_10357,DS201,1,Final_Exam,15.3,30
MRK_5705,STU_10357,MA102,4,Quiz_1,0.6,20
MRK_5706,STU_10357,MA102,4,Midterm_Exam,21.5,30
MRK_5707,STU_10357,MA102,4,Assignment_1,12.1,20
MRK_5708,STU_10357,MA102,4,Final_Exam,10.3,30
MRK_5709,STU_10357,SE301,2,Quiz_1,9.4,20
MRK_5710,STU_10357,SE301,2,Midterm_Exam,12.0,30
MRK_5711,STU_10357,SE301,2,Assignment_1,13.4,20
MRK_5712,STU_10357,SE301,2,Final_Exam,6.5,30
MRK_5713,STU_10358,CS101,1,Quiz_1,20.0,20
MRK_5714,STU_10358,CS101,1,Midterm_Exam,18.6,30
MRK_5715,STU_10358,CS101,1,Assignment_1,13.5,20
MRK_5716,STU_10358,CS101,1,Final_Exam,25.1,30
MRK_5717,STU_10358,DS201,2,Quiz_1,20.0,20
MRK_5718,STU_10358,DS201,2,Midterm_Exam,20.1,30
MRK_5719,STU_10358,DS201,2,Assignment_1,12.9,20
MRK_5720,STU_10358,DS201,2,Final_Exam,29.1,30
MRK_5721,STU_10358,MA102,4,Quiz_1,18.8,20
MRK_5722,STU_10358,MA102,4,Midterm_Exam,26.1,30
MRK_5723,STU_10358,MA102,4,Assignment_1,16.0,20
MRK_5724,STU_10358,MA102,4,Final_Exam,20.1,30
MRK_5725,STU_10358,SE301,4,Quiz_1,13.1,20
MRK_5726,STU_10358,SE301,4,Midterm_Exam,19.5,30
MRK_5727,STU_10358,SE301,4,Assignment_1,18.7,20
MRK_5728,STU_10358,SE301,4,Final_Exam,25.5,30
MRK_5729,STU_10359,CS101,4,Quiz_1,20.0,20
MRK_5730,STU_10359,CS101,4,Midterm_Exam,30.0,30
MRK_5731,STU_10359,CS101,4,Assignment_1,16.9,20
MRK_5732,STU_10359,CS101,4,Final_Exam,22.4,30
MRK_5733,STU_10359,DS201,2,Quiz_1,15.7,20
MRK_5734,STU_10359,DS201,2,Midterm_Exam,30.0,30
MRK_5735,STU_10359,DS201,2,Assignment_1,15.5,20
MRK_5736,STU_10359,DS201,2,Final_Exam,16.2,30
MRK_5737,STU_10359,MA102,3,Quiz_1,15.6,20
MRK_5738,STU_10359,MA102,3,Midterm_Exam,20.3,30
MRK_5739,STU_10359,MA102,3,Assignment_1,15.5,20
MRK_5740,STU_10359,MA102,3,Final_Exam,18.8,30
MRK_5741,STU_10359,SE301,1,Quiz_1,12.9,20
MRK_5742,STU_10359,SE301,1,Midterm_Exam,25.3,30
MRK_5743,STU_10359,SE301,1,Assignment_1,16.6,20
MRK_5744,STU_10359,SE301,1,Final_Exam,21.9,30
MRK_5745,STU_10360,CS101,1,Quiz_1,14.5,20
MRK_5746,STU_10360,CS101,1,Midterm_Exam,30.0,30
MRK_5747,STU_10360,CS101,1,Assignment_1,20.0,20
MRK_5748,STU_10360,CS101,1,Final_Exam,27.9,30
MRK_5749,STU_10360,DS201,3,Quiz_1,20.0,20
MRK_5750,STU_10360,DS201,3,Midterm_Exam,20.6,30
MRK_5751,STU_10360,DS201,3,Assignment_1,19.7,20
MRK_5752,STU_10360,DS201,3,Final_Exam,12.9,30
MRK_5753,STU_10360,MA102,2,Quiz_1,17.6,20
MRK_5754,STU_10360,MA102,2,Midterm_Exam,30.0,30
MRK_5755,STU_10360,MA102,2,Assignment_1,20.0,20
MRK_5756,STU_10360,MA102,2,Final_Exam,26.7,30
MRK_5757,STU_10360,SE301,2,Quiz_1,11.5,20
MRK_5758,STU_10360,SE301,2,Midterm_Exam,16.6,30
MRK_5759,STU_10360,SE301,2,Assignment_1,14.0,20
MRK_5760,STU_10360,SE301,2,Final_Exam,30.0,30
MRK_5761,STU_10361,CS101,4,Quiz_1,10.6,20
MRK_5762,STU_10361,CS101,4,Midterm_Exam,12.2,30
MRK_5763,STU_10361,CS101,4,Assignment_1,9.1,20
MRK_5764,STU_10361,CS101,4,Final_Exam,25.1,30
MRK_5765,STU_10361,DS201,1,Quiz_1,4.5,20
MRK_5766,STU_10361,DS201,1,Midterm_Exam,10.9,30
MRK_5767,STU_10361,DS201,1,Assignment_1,7.4,20
MRK_5768,STU_10361,DS201,1,Final_Exam,9.1,30
MRK_5769,STU_10361,MA102,4,Quiz_1,12.9,20
MRK_5770,STU_10361,MA102,4,Midterm_Exam,14.8,30
MRK_5771,STU_10361,MA102,4,Assignment_1,8.0,20
MRK_5772,STU_10361,MA102,4,Final_Exam,7.0,30
MRK_5773,STU_10361,SE301,3,Quiz_1,3.5,20
MRK_5774,STU_10361,SE301,3,Midterm_Exam,15.9,30
MRK_5775,STU_10361,SE301,3,Assignment_1,14.3,20
MRK_5776,STU_10361,SE301,3,Final_Exam,14.7,30
MRK_5777,STU_10362,CS101,1,Quiz_1,20.0,20
MRK_5778,STU_10362,CS101,1,Midterm_Exam,20.1,30
MRK_5779,STU_10362,CS101,1,Assignment_1,11.8,20
MRK_5780,STU_10362,CS101,1,Final_Exam,19.6,30
MRK_5781,STU_10362,DS201,4,Quiz_1,17.4,20
MRK_5782,STU_10362,DS201,4,Midterm_Exam,30.0,30
MRK_5783,STU_10362,DS201,4,Assignment_1,17.6,20
MRK_5784,STU_10362,DS201,4,Final_Exam,13.4,30
MRK_5785,STU_10362,MA102,1,Quiz_1,18.4,20
MRK_5786,STU_10362,MA102,1,Midterm_Exam,14.4,30
MRK_5787,STU_10362,MA102,1,Assignment_1,19.4,20
MRK_5788,STU_10362,MA102,1,Final_Exam,27.9,30
MRK_5789,STU_10362,SE301,4,Quiz_1,11.2,20
MRK_5790,STU_10362,SE301,4,Midterm_Exam,28.8,30
MRK_5791,STU_10362,SE301,4,Assignment_1,16.1,20
MRK_5792,STU_10362,SE301,4,Final_Exam,22.0,30
MRK_5793,STU_10363,CS101,1,Quiz_1,13.2,20
MRK_5794,STU_10363,CS101,1,Midterm_Exam,27.2,30
MRK_5795,STU_10363,CS101,1,Assignment_1,15.1,20
MRK_5796,STU_10363,CS101,1,Final_Exam,24.5,30
MRK_5797,STU_10363,DS201,4,Quiz_1,20.0,20
MRK_5798,STU_10363,DS201,4,Midterm_Exam,29.7,30
MRK_5799,STU_10363,DS201,4,Assignment_1,18.4,20
MRK_5800,STU_10363,DS201,4,Final_Exam,13.6,30
MRK_5801,STU_10363,MA102,3,Quiz_1,17.5,20
MRK_5802,STU_10363,MA102,3,Midterm_Exam,13.7,30
MRK_5803,STU_10363,MA102,3,Assignment_1,10.3,20
MRK_5804,STU_10363,MA102,3,Final_Exam,23.9,30
MRK_5805,STU_10363,SE301,3,Quiz_1,18.6,20
MRK_5806,STU_10363,SE301,3,Midterm_Exam,18.3,30
MRK_5807,STU_10363,SE301,3,Assignment_1,16.5,20
MRK_5808,STU_10363,SE301,3,Final_Exam,30.0,30
MRK_5809,STU_10364,CS101,4,Quiz_1,12.0,20
MRK_5810,STU_10364,CS101,4,Midterm_Exam,30.0,30
MRK_5811,STU_10364,CS101,4,Assignment_1,16.9,20
MRK_5812,STU_10364,CS101,4,Final_Exam,30.0,30
MRK_5813,STU_10364,DS201,1,Quiz_1,19.3,20
MRK_5814,STU_10364,DS201,1,Midterm_Exam,30.0,30
MRK_5815,STU_10364,DS201,1,Assignment_1,17.1,20
MRK_5816,STU_10364,DS201,1,Final_Exam,30.0,30
MRK_5817,STU_10364,MA102,2,Quiz_1,10.8,20
MRK_5818,STU_10364,MA102,2,Midterm_Exam,22.1,30
MRK_5819,STU_10364,MA102,2,Assignment_1,19.4,20
MRK_5820,STU_10364,MA102,2,Final_Exam,30.0,30
MRK_5821,STU_10364,SE301,2,Quiz_1,14.3,20
MRK_5822,STU_10364,SE301,2,Midterm_Exam,28.1,30
MRK_5823,STU_10364,SE301,2,Assignment_1,18.5,20
MRK_5824,STU_10364,SE301,2,Final_Exam,22.0,30
MRK_5825,STU_10365,CS101,3,Quiz_1,3.4,20
MRK_5826,STU_10365,CS101,3,Midterm_Exam,23.4,30
MRK_5827,STU_10365,CS101,3,Assignment_1,14.1,20
MRK_5828,STU_10365,CS101,3,Final_Exam,5.3,30
MRK_5829,STU_10365,DS201,1,Quiz_1,4.4,20
MRK_5830,STU_10365,DS201,1,Midterm_Exam,20.2,30
MRK_5831,STU_10365,DS201,1,Assignment_1,10.7,20
MRK_5832,STU_10365,DS201,1,Final_Exam,9.1,30
MRK_5833,STU_10365,MA102,1,Quiz_1,13.2,20
MRK_5834,STU_10365,MA102,1,Midterm_Exam,10.1,30
MRK_5835,STU_10365,MA102,1,Assignment_1,7.7,20
MRK_5836,STU_10365,MA102,1,Final_Exam,9.4,30
MRK_5837,STU_10365,SE301,1,Quiz_1,8.6,20
MRK_5838,STU_10365,SE301,1,Midterm_Exam,2.7,30
MRK_5839,STU_10365,SE301,1,Assignment_1,9.9,20
MRK_5840,STU_10365,SE301,1,Final_Exam,5.8,30
MRK_5841,STU_10366,CS101,2,Quiz_1,17.8,20
MRK_5842,STU_10366,CS101,2,Midterm_Exam,19.0,30
MRK_5843,STU_10366,CS101,2,Assignment_1,15.0,20
MRK_5844,STU_10366,CS101,2,Final_Exam,20.9,30
MRK_5845,STU_10366,DS201,4,Quiz_1,16.8,20
MRK_5846,STU_10366,DS201,4,Midterm_Exam,29.5,30
MRK_5847,STU_10366,DS201,4,Assignment_1,20.0,20
MRK_5848,STU_10366,DS201,4,Final_Exam,30.0,30
MRK_5849,STU_10366,MA102,4,Quiz_1,17.4,20
MRK_5850,STU_10366,MA102,4,Midterm_Exam,30.0,30
MRK_5851,STU_10366,MA102,4,Assignment_1,15.1,20
MRK_5852,STU_10366,MA102,4,Final_Exam,23.2,30
MRK_5853,STU_10366,SE301,1,Quiz_1,18.9,20
MRK_5854,STU_10366,SE301,1,Midterm_Exam,23.3,30
MRK_5855,STU_10366,SE301,1,Assignment_1,17.1,20
MRK_5856,STU_10366,SE301,1,Final_Exam,21.7,30
MRK_5857,STU_10367,CS101,3,Quiz_1,11.5,20
MRK_5858,STU_10367,CS101,3,Midterm_Exam,29.1,30
MRK_5859,STU_10367,CS101,3,Assignment_1,13.0,20
MRK_5860,STU_10367,CS101,3,Final_Exam,30.0,30
MRK_5861,STU_10367,DS201,3,Quiz_1,9.9,20
MRK_5862,STU_10367,DS201,3,Midterm_Exam,27.2,30
MRK_5863,STU_10367,DS201,3,Assignment_1,16.3,20
MRK_5864,STU_10367,DS201,3,Final_Exam,23.7,30
MRK_5865,STU_10367,MA102,1,Quiz_1,15.5,20
MRK_5866,STU_10367,MA102,1,Midterm_Exam,25.4,30
MRK_5867,STU_10367,MA102,1,Assignment_1,16.3,20
MRK_5868,STU_10367,MA102,1,Final_Exam,21.2,30
MRK_5869,STU_10367,SE301,1,Quiz_1,20.0,20
MRK_5870,STU_10367,SE301,1,Midterm_Exam,23.8,30
MRK_5871,STU_10367,SE301,1,Assignment_1,15.4,20
MRK_5872,STU_10367,SE301,1,Final_Exam,22.9,30
MRK_5873,STU_10368,CS101,3,Quiz_1,14.3,20
MRK_5874,STU_10368,CS101,3,Midterm_Exam,25.7,30
MRK_5875,STU_10368,CS101,3,Assignment_1,17.4,20
MRK_5876,STU_10368,CS101,3,Final_Exam,30.0,30
MRK_5877,STU_10368,DS201,2,Quiz_1,13.0,20
MRK_5878,STU_10368,DS201,2,Midterm_Exam,28.8,30
MRK_5879,STU_10368,DS201,2,Assignment_1,17.3,20
MRK_5880,STU_10368,DS201,2,Final_Exam,22.0,30
MRK_5881,STU_10368,MA102,3,Quiz_1,10.5,20
MRK_5882,STU_10368,MA102,3,Midterm_Exam,24.7,30
MRK_5883,STU_10368,MA102,3,Assignment_1,17.9,20
MRK_5884,STU_10368,MA102,3,Final_Exam,21.8,30
MRK_5885,STU_10368,SE301,4,Quiz_1,20.0,20
MRK_5886,STU_10368,SE301,4,Midterm_Exam,24.1,30
MRK_5887,STU_10368,SE301,4,Assignment_1,13.8,20
MRK_5888,STU_10368,SE301,4,Final_Exam,23.9,30
MRK_5889,STU_10369,CS101,2,Quiz_1,9.4,20
MRK_5890,STU_10369,CS101,2,Midterm_Exam,3.4,30
MRK_5891,STU_10369,CS101,2,Assignment_1,7.4,20
MRK_5892,STU_10369,CS101,2,Final_Exam,11.9,30
MRK_5893,STU_10369,DS201,3,Quiz_1,5.6,20
MRK_5894,STU_10369,DS201,3,Midterm_Exam,15.8,30
MRK_5895,STU_10369,DS201,3,Assignment_1,6.6,20
MRK_5896,STU_10369,DS201,3,Final_Exam,1.5,30
MRK_5897,STU_10369,MA102,2,Quiz_1,12.6,20
MRK_5898,STU_10369,MA102,2,Midterm_Exam,6.3,30
MRK_5899,STU_10369,MA102,2,Assignment_1,11.9,20
MRK_5900,STU_10369,MA102,2,Final_Exam,12.6,30
MRK_5901,STU_10369,SE301,1,Quiz_1,7.3,20
MRK_5902,STU_10369,SE301,1,Midterm_Exam,12.1,30
MRK_5903,STU_10369,SE301,1,Assignment_1,12.8,20
MRK_5904,STU_10369,SE301,1,Final_Exam,9.4,30
MRK_5905,STU_10370,CS101,1,Quiz_1,11.9,20
MRK_5906,STU_10370,CS101,1,Midterm_Exam,22.0,30
MRK_5907,STU_10370,CS101,1,Assignment_1,16.3,20
MRK_5908,STU_10370,CS101,1,Final_Exam,28.4,30
MRK_5909,STU_10370,DS201,3,Quiz_1,20.0,20
MRK_5910,STU_10370,DS201,3,Midterm_Exam,23.2,30
MRK_5911,STU_10370,DS201,3,Assignment_1,17.4,20
MRK_5912,STU_10370,DS201,3,Final_Exam,29.7,30
MRK_5913,STU_10370,MA102,4,Quiz_1,19.6,20
MRK_5914,STU_10370,MA102,4,Midterm_Exam,21.0,30
MRK_5915,STU_10370,MA102,4,Assignment_1,13.7,20
MRK_5916,STU_10370,MA102,4,Final_Exam,14.5,30
MRK_5917,STU_10370,SE301,3,Quiz_1,20.0,20
MRK_5918,STU_10370,SE301,3,Midterm_Exam,18.1,30
MRK_5919,STU_10370,SE301,3,Assignment_1,15.0,20
MRK_5920,STU_10370,SE301,3,Final_Exam,26.7,30
MRK_5921,STU_10371,CS101,1,Quiz_1,7.6,20
MRK_5922,STU_10371,CS101,1,Midterm_Exam,30.0,30
MRK_5923,STU_10371,CS101,1,Assignment_1,20.0,20
MRK_5924,STU_10371,CS101,1,Final_Exam,25.8,30
MRK_5925,STU_10371,DS201,1,Quiz_1,19.4,20
MRK_5926,STU_10371,DS201,1,Midterm_Exam,16.4,30
MRK_5927,STU_10371,DS201,1,Assignment_1,17.4,20
MRK_5928,STU_10371,DS201,1,Final_Exam,28.1,30
MRK_5929,STU_10371,MA102,1,Quiz_1,16.6,20
MRK_5930,STU_10371,MA102,1,Midterm_Exam,30.0,30
MRK_5931,STU_10371,MA102,1,Assignment_1,18.9,20
MRK_5932,STU_10371,MA102,1,Final_Exam,30.0,30
MRK_5933,STU_10371,SE301,4,Quiz_1,17.5,20
MRK_5934,STU_10371,SE301,4,Midterm_Exam,30.0,30
MRK_5935,STU_10371,SE301,4,Assignment_1,14.0,20
MRK_5936,STU_10371,SE301,4,Final_Exam,23.6,30
MRK_5937,STU_10372,CS101,1,Quiz_1,16.3,20
MRK_5938,STU_10372,CS101,1,Midterm_Exam,25.4,30
MRK_5939,STU_10372,CS101,1,Assignment_1,16.6,20
MRK_5940,STU_10372,CS101,1,Final_Exam,21.1,30
MRK_5941,STU_10372,DS201,2,Quiz_1,18.2,20
MRK_5942,STU_10372,DS201,2,Midterm_Exam,24.9,30
MRK_5943,STU_10372,DS201,2,Assignment_1,16.5,20
MRK_5944,STU_10372,DS201,2,Final_Exam,20.5,30
MRK_5945,STU_10372,MA102,1,Quiz_1,15.5,20
MRK_5946,STU_10372,MA102,1,Midterm_Exam,28.9,30
MRK_5947,STU_10372,MA102,1,Assignment_1,19.5,20
MRK_5948,STU_10372,MA102,1,Final_Exam,23.5,30
MRK_5949,STU_10372,SE301,1,Quiz_1,11.9,20
MRK_5950,STU_10372,SE301,1,Midterm_Exam,17.6,30
MRK_5951,STU_10372,SE301,1,Assignment_1,13.2,20
MRK_5952,STU_10372,SE301,1,Final_Exam,24.0,30
MRK_5953,STU_10373,CS101,2,Quiz_1,6.7,20
MRK_5954,STU_10373,CS101,2,Midterm_Exam,10.8,30
MRK_5955,STU_10373,CS101,2,Assignment_1,11.4,20
MRK_5956,STU_10373,CS101,2,Final_Exam,12.7,30
MRK_5957,STU_10373,DS201,2,Quiz_1,4.9,20
MRK_5958,STU_10373,DS201,2,Midterm_Exam,6.8,30
MRK_5959,STU_10373,DS201,2,Assignment_1,7.1,20
MRK_5960,STU_10373,DS201,2,Final_Exam,15.5,30
MRK_5961,STU_10373,MA102,2,Quiz_1,14.5,20
MRK_5962,STU_10373,MA102,2,Midterm_Exam,10.3,30
MRK_5963,STU_10373,MA102,2,Assignment_1,11.9,20
MRK_5964,STU_10373,MA102,2,Final_Exam,10.3,30
MRK_5965,STU_10373,SE301,4,Quiz_1,2.1,20
MRK_5966,STU_10373,SE301,4,Midterm_Exam,16.3,30
MRK_5967,STU_10373,SE301,4,Assignment_1,4.9,20
MRK_5968,STU_10373,SE301,4,Final_Exam,9.7,30
MRK_5969,STU_10374,CS101,1,Quiz_1,20.0,20
MRK_5970,STU_10374,CS101,1,Midterm_Exam,23.5,30
MRK_5971,STU_10374,CS101,1,Assignment_1,17.1,20
MRK_5972,STU_10374,CS101,1,Final_Exam,25.8,30
MRK_5973,STU_10374,DS201,4,Quiz_1,16.9,20
MRK_5974,STU_10374,DS201,4,Midterm_Exam,19.2,30
MRK_5975,STU_10374,DS201,4,Assignment_1,9.7,20
MRK_5976,STU_10374,DS201,4,Final_Exam,30.0,30
MRK_5977,STU_10374,MA102,2,Quiz_1,12.3,20
MRK_5978,STU_10374,MA102,2,Midterm_Exam,23.7,30
MRK_5979,STU_10374,MA102,2,Assignment_1,11.2,20
MRK_5980,STU_10374,MA102,2,Final_Exam,23.5,30
MRK_5981,STU_10374,SE301,3,Quiz_1,15.5,20
MRK_5982,STU_10374,SE301,3,Midterm_Exam,22.7,30
MRK_5983,STU_10374,SE301,3,Assignment_1,16.5,20
MRK_5984,STU_10374,SE301,3,Final_Exam,30.0,30
MRK_5985,STU_10375,CS101,3,Quiz_1,16.6,20
MRK_5986,STU_10375,CS101,3,Midterm_Exam,19.5,30
MRK_5987,STU_10375,CS101,3,Assignment_1,14.3,20
MRK_5988,STU_10375,CS101,3,Final_Exam,23.3,30
MRK_5989,STU_10375,DS201,4,Quiz_1,14.3,20
MRK_5990,STU_10375,DS201,4,Midterm_Exam,21.3,30
MRK_5991,STU_10375,DS201,4,Assignment_1,19.3,20
MRK_5992,STU_10375,DS201,4,Final_Exam,26.1,30
MRK_5993,STU_10375,MA102,1,Quiz_1,14.1,20
MRK_5994,STU_10375,MA102,1,Midterm_Exam,28.0,30
MRK_5995,STU_10375,MA102,1,Assignment_1,18.3,20
MRK_5996,STU_10375,MA102,1,Final_Exam,15.6,30
MRK_5997,STU_10375,SE301,3,Quiz_1,15.8,20
MRK_5998,STU_10375,SE301,3,Midterm_Exam,16.0,30
MRK_5999,STU_10375,SE301,3,Assignment_1,17.7,20
MRK_6000,STU_10375,SE301,3,Final_Exam,30.0,30
MRK_6001,STU_10376,CS101,4,Quiz_1,19.9,20
MRK_6002,STU_10376,CS101,4,Midterm_Exam,12.2,30
MRK_6003,STU_10376,CS101,4,Assignment_1,20.0,20
MRK_6004,STU_10376,CS101,4,Final_Exam,26.4,30
MRK_6005,STU_10376,DS201,3,Quiz_1,18.4,20
MRK_6006,STU_10376,DS201,3,Midterm_Exam,10.2,30
MRK_6007,STU_10376,DS201,3,Assignment_1,19.2,20
MRK_6008,STU_10376,DS201,3,Final_Exam,25.0,30
MRK_6009,STU_10376,MA102,3,Quiz_1,16.5,20
MRK_6010,STU_10376,MA102,3,Midterm_Exam,17.5,30
MRK_6011,STU_10376,MA102,3,Assignment_1,17.3,20
MRK_6012,STU_10376,MA102,3,Final_Exam,19.8,30
MRK_6013,STU_10376,SE301,1,Quiz_1,20.0,20
MRK_6014,STU_10376,SE301,1,Midterm_Exam,20.8,30
MRK_6015,STU_10376,SE301,1,Assignment_1,16.5,20
MRK_6016,STU_10376,SE301,1,Final_Exam,22.0,30
MRK_6017,STU_10377,CS101,1,Quiz_1,5.5,20
MRK_6018,STU_10377,CS101,1,Midterm_Exam,9.6,30
MRK_6019,STU_10377,CS101,1,Assignment_1,14.0,20
MRK_6020,STU_10377,CS101,1,Final_Exam,10.0,30
MRK_6021,STU_10377,DS201,3,Quiz_1,6.1,20
MRK_6022,STU_10377,DS201,3,Midterm_Exam,22.8,30
MRK_6023,STU_10377,DS201,3,Assignment_1,4.8,20
MRK_6024,STU_10377,DS201,3,Final_Exam,9.9,30
MRK_6025,STU_10377,MA102,3,Quiz_1,3.9,20
MRK_6026,STU_10377,MA102,3,Midterm_Exam,5.3,30
MRK_6027,STU_10377,MA102,3,Assignment_1,10.1,20
MRK_6028,STU_10377,MA102,3,Final_Exam,19.3,30
MRK_6029,STU_10377,SE301,1,Quiz_1,11.3,20
MRK_6030,STU_10377,SE301,1,Midterm_Exam,9.1,30
MRK_6031,STU_10377,SE301,1,Assignment_1,11.8,20
MRK_6032,STU_10377,SE301,1,Final_Exam,8.8,30
MRK_6033,STU_10378,CS101,3,Quiz_1,7.7,20
MRK_6034,STU_10378,CS101,3,Midterm_Exam,28.6,30
MRK_6035,STU_10378,CS101,3,Assignment_1,20.0,20
MRK_6036,STU_10378,CS101,3,Final_Exam,30.0,30
MRK_6037,STU_10378,DS201,4,Quiz_1,14.8,20
MRK_6038,STU_10378,DS201,4,Midterm_Exam,24.0,30
MRK_6039,STU_10378,DS201,4,Assignment_1,18.0,20
MRK_6040,STU_10378,DS201,4,Final_Exam,16.5,30
MRK_6041,STU_10378,MA102,4,Quiz_1,11.8,20
MRK_6042,STU_10378,MA102,4,Midterm_Exam,15.2,30
MRK_6043,STU_10378,MA102,4,Assignment_1,14.4,20
MRK_6044,STU_10378,MA102,4,Final_Exam,23.5,30
MRK_6045,STU_10378,SE301,3,Quiz_1,16.0,20
MRK_6046,STU_10378,SE301,3,Midterm_Exam,30.0,30
MRK_6047,STU_10378,SE301,3,Assignment_1,14.5,20
MRK_6048,STU_10378,SE301,3,Final_Exam,22.5,30
MRK_6049,STU_10379,CS101,2,Quiz_1,20.0,20
MRK_6050,STU_10379,CS101,2,Midterm_Exam,21.3,30
MRK_6051,STU_10379,CS101,2,Assignment_1,16.9,20
MRK_6052,STU_10379,CS101,2,Final_Exam,25.6,30
MRK_6053,STU_10379,DS201,4,Quiz_1,15.7,20
MRK_6054,STU_10379,DS201,4,Midterm_Exam,30.0,30
MRK_6055,STU_10379,DS201,4,Assignment_1,19.9,20
MRK_6056,STU_10379,DS201,4,Final_Exam,28.4,30
MRK_6057,STU_10379,MA102,2,Quiz_1,20.0,20
MRK_6058,STU_10379,MA102,2,Midterm_Exam,29.5,30
MRK_6059,STU_10379,MA102,2,Assignment_1,13.4,20
MRK_6060,STU_10379,MA102,2,Final_Exam,30.0,30
MRK_6061,STU_10379,SE301,4,Quiz_1,16.4,20
MRK_6062,STU_10379,SE301,4,Midterm_Exam,18.0,30
MRK_6063,STU_10379,SE301,4,Assignment_1,15.1,20
MRK_6064,STU_10379,SE301,4,Final_Exam,22.7,30
MRK_6065,STU_10380,CS101,4,Quiz_1,20.0,20
MRK_6066,STU_10380,CS101,4,Midterm_Exam,29.6,30
MRK_6067,STU_10380,CS101,4,Assignment_1,18.7,20
MRK_6068,STU_10380,CS101,4,Final_Exam,20.9,30
MRK_6069,STU_10380,DS201,4,Quiz_1,17.7,20
MRK_6070,STU_10380,DS201,4,Midterm_Exam,25.1,30
MRK_6071,STU_10380,DS201,4,Assignment_1,13.2,20
MRK_6072,STU_10380,DS201,4,Final_Exam,25.0,30
MRK_6073,STU_10380,MA102,4,Quiz_1,16.8,20
MRK_6074,STU_10380,MA102,4,Midterm_Exam,8.5,30
MRK_6075,STU_10380,MA102,4,Assignment_1,17.6,20
MRK_6076,STU_10380,MA102,4,Final_Exam,17.1,30
MRK_6077,STU_10380,SE301,1,Quiz_1,14.1,20
MRK_6078,STU_10380,SE301,1,Midterm_Exam,29.5,30
MRK_6079,STU_10380,SE301,1,Assignment_1,19.2,20
MRK_6080,STU_10380,SE301,1,Final_Exam,21.5,30
MRK_6081,STU_10381,CS101,2,Quiz_1,10.3,20
MRK_6082,STU_10381,CS101,2,Midterm_Exam,6.8,30
MRK_6083,STU_10381,CS101,2,Assignment_1,9.7,20
MRK_6084,STU_10381,CS101,2,Final_Exam,10.5,30
MRK_6085,STU_10381,DS201,3,Quiz_1,13.4,20
MRK_6086,STU_10381,DS201,3,Midterm_Exam,6.6,30
MRK_6087,STU_10381,DS201,3,Assignment_1,6.7,20
MRK_6088,STU_10381,DS201,3,Final_Exam,6.6,30
MRK_6089,STU_10381,MA102,4,Quiz_1,6.5,20
MRK_6090,STU_10381,MA102,4,Midterm_Exam,15.7,30
MRK_6091,STU_10381,MA102,4,Assignment_1,6.1,20
MRK_6092,STU_10381,MA102,4,Final_Exam,11.6,30
MRK_6093,STU_10381,SE301,4,Quiz_1,5.3,20
MRK_6094,STU_10381,SE301,4,Midterm_Exam,13.0,30
MRK_6095,STU_10381,SE301,4,Assignment_1,9.4,20
MRK_6096,STU_10381,SE301,4,Final_Exam,10.0,30
MRK_6097,STU_10382,CS101,2,Quiz_1,17.3,20
MRK_6098,STU_10382,CS101,2,Midterm_Exam,21.8,30
MRK_6099,STU_10382,CS101,2,Assignment_1,16.2,20
MRK_6100,STU_10382,CS101,2,Final_Exam,22.3,30
MRK_6101,STU_10382,DS201,3,Quiz_1,14.5,20
MRK_6102,STU_10382,DS201,3,Midterm_Exam,23.1,30
MRK_6103,STU_10382,DS201,3,Assignment_1,19.5,20
MRK_6104,STU_10382,DS201,3,Final_Exam,21.1,30
MRK_6105,STU_10382,MA102,3,Quiz_1,20.0,20
MRK_6106,STU_10382,MA102,3,Midterm_Exam,18.6,30
MRK_6107,STU_10382,MA102,3,Assignment_1,20.0,20
MRK_6108,STU_10382,MA102,3,Final_Exam,29.5,30
MRK_6109,STU_10382,SE301,1,Quiz_1,12.6,20
MRK_6110,STU_10382,SE301,1,Midterm_Exam,20.4,30
MRK_6111,STU_10382,SE301,1,Assignment_1,17.5,20
MRK_6112,STU_10382,SE301,1,Final_Exam,27.8,30
MRK_6113,STU_10383,CS101,4,Quiz_1,20.0,20
MRK_6114,STU_10383,CS101,4,Midterm_Exam,20.2,30
MRK_6115,STU_10383,CS101,4,Assignment_1,20.0,20
MRK_6116,STU_10383,CS101,4,Final_Exam,20.3,30
MRK_6117,STU_10383,DS201,1,Quiz_1,7.1,20
MRK_6118,STU_10383,DS201,1,Midterm_Exam,23.1,30
MRK_6119,STU_10383,DS201,1,Assignment_1,16.3,20
MRK_6120,STU_10383,DS201,1,Final_Exam,25.1,30
MRK_6121,STU_10383,MA102,4,Quiz_1,18.4,20
MRK_6122,STU_10383,MA102,4,Midterm_Exam,24.3,30
MRK_6123,STU_10383,MA102,4,Assignment_1,17.6,20
MRK_6124,STU_10383,MA102,4,Final_Exam,30.0,30
MRK_6125,STU_10383,SE301,1,Quiz_1,15.0,20
MRK_6126,STU_10383,SE301,1,Midterm_Exam,30.0,30
MRK_6127,STU_10383,SE301,1,Assignment_1,17.2,20
MRK_6128,STU_10383,SE301,1,Final_Exam,30.0,30
MRK_6129,STU_10384,CS101,2,Quiz_1,17.8,20
MRK_6130,STU_10384,CS101,2,Midterm_Exam,26.8,30
MRK_6131,STU_10384,CS101,2,Assignment_1,19.9,20
MRK_6132,STU_10384,CS101,2,Final_Exam,21.9,30
MRK_6133,STU_10384,DS201,3,Quiz_1,20.0,20
MRK_6134,STU_10384,DS201,3,Midterm_Exam,21.5,30
MRK_6135,STU_10384,DS201,3,Assignment_1,16.7,20
MRK_6136,STU_10384,DS201,3,Final_Exam,22.7,30
MRK_6137,STU_10384,MA102,2,Quiz_1,13.8,20
MRK_6138,STU_10384,MA102,2,Midterm_Exam,29.0,30
MRK_6139,STU_10384,MA102,2,Assignment_1,16.8,20
MRK_6140,STU_10384,MA102,2,Final_Exam,15.4,30
MRK_6141,STU_10384,SE301,4,Quiz_1,20.0,20
MRK_6142,STU_10384,SE301,4,Midterm_Exam,21.4,30
MRK_6143,STU_10384,SE301,4,Assignment_1,19.1,20
MRK_6144,STU_10384,SE301,4,Final_Exam,26.7,30
MRK_6145,STU_10385,CS101,4,Quiz_1,0.9,20
MRK_6146,STU_10385,CS101,4,Midterm_Exam,16.1,30
MRK_6147,STU_10385,CS101,4,Assignment_1,7.9,20
MRK_6148,STU_10385,CS101,4,Final_Exam,12.7,30
MRK_6149,STU_10385,DS201,3,Quiz_1,6.0,20
MRK_6150,STU_10385,DS201,3,Midterm_Exam,9.4,30
MRK_6151,STU_10385,DS201,3,Assignment_1,14.1,20
MRK_6152,STU_10385,DS201,3,Final_Exam,13.8,30
MRK_6153,STU_10385,MA102,2,Quiz_1,3.0,20
MRK_6154,STU_10385,MA102,2,Midterm_Exam,1.5,30
MRK_6155,STU_10385,MA102,2,Assignment_1,6.0,20
MRK_6156,STU_10385,MA102,2,Final_Exam,10.6,30
MRK_6157,STU_10385,SE301,1,Quiz_1,13.5,20
MRK_6158,STU_10385,SE301,1,Midterm_Exam,17.5,30
MRK_6159,STU_10385,SE301,1,Assignment_1,10.6,20
MRK_6160,STU_10385,SE301,1,Final_Exam,12.2,30
MRK_6161,STU_10386,CS101,2,Quiz_1,14.7,20
MRK_6162,STU_10386,CS101,2,Midterm_Exam,19.5,30
MRK_6163,STU_10386,CS101,2,Assignment_1,17.6,20
MRK_6164,STU_10386,CS101,2,Final_Exam,17.2,30
MRK_6165,STU_10386,DS201,3,Quiz_1,18.1,20
MRK_6166,STU_10386,DS201,3,Midterm_Exam,24.7,30
MRK_6167,STU_10386,DS201,3,Assignment_1,13.5,20
MRK_6168,STU_10386,DS201,3,Final_Exam,17.8,30
MRK_6169,STU_10386,MA102,2,Quiz_1,13.5,20
MRK_6170,STU_10386,MA102,2,Midterm_Exam,30.0,30
MRK_6171,STU_10386,MA102,2,Assignment_1,16.5,20
MRK_6172,STU_10386,MA102,2,Final_Exam,16.8,30
MRK_6173,STU_10386,SE301,4,Quiz_1,14.9,20
MRK_6174,STU_10386,SE301,4,Midterm_Exam,30.0,30
MRK_6175,STU_10386,SE301,4,Assignment_1,15.2,20
MRK_6176,STU_10386,SE301,4,Final_Exam,28.0,30
MRK_6177,STU_10387,CS101,3,Quiz_1,16.8,20
MRK_6178,STU_10387,CS101,3,Midterm_Exam,16.5,30
MRK_6179,STU_10387,CS101,3,Assignment_1,17.1,20
MRK_6180,STU_10387,CS101,3,Final_Exam,25.2,30
MRK_6181,STU_10387,DS201,3,Quiz_1,9.7,20
MRK_6182,STU_10387,DS201,3,Midterm_Exam,14.2,30
MRK_6183,STU_10387,DS201,3,Assignment_1,18.5,20
MRK_6184,STU_10387,DS201,3,Final_Exam,30.0,30
MRK_6185,STU_10387,MA102,4,Quiz_1,13.9,20
MRK_6186,STU_10387,MA102,4,Midterm_Exam,18.4,30
MRK_6187,STU_10387,MA102,4,Assignment_1,15.0,20
MRK_6188,STU_10387,MA102,4,Final_Exam,30.0,30
MRK_6189,STU_10387,SE301,4,Quiz_1,11.9,20
MRK_6190,STU_10387,SE301,4,Midterm_Exam,27.9,30
MRK_6191,STU_10387,SE301,4,Assignment_1,16.0,20
MRK_6192,STU_10387,SE301,4,Final_Exam,29.2,30
MRK_6193,STU_10388,CS101,2,Quiz_1,16.2,20
MRK_6194,STU_10388,CS101,2,Midterm_Exam,12.8,30
MRK_6195,STU_10388,CS101,2,Assignment_1,14.4,20
MRK_6196,STU_10388,CS101,2,Final_Exam,16.9,30
MRK_6197,STU_10388,DS201,2,Quiz_1,15.9,20
MRK_6198,STU_10388,DS201,2,Midterm_Exam,20.0,30
MRK_6199,STU_10388,DS201,2,Assignment_1,18.6,20
MRK_6200,STU_10388,DS201,2,Final_Exam,30.0,30
MRK_6201,STU_10388,MA102,4,Quiz_1,11.9,20
MRK_6202,STU_10388,MA102,4,Midterm_Exam,14.4,30
MRK_6203,STU_10388,MA102,4,Assignment_1,13.0,20
MRK_6204,STU_10388,MA102,4,Final_Exam,24.1,30
MRK_6205,STU_10388,SE301,3,Quiz_1,14.1,20
MRK_6206,STU_10388,SE301,3,Midterm_Exam,30.0,30
MRK_6207,STU_10388,SE301,3,Assignment_1,20.0,20
MRK_6208,STU_10388,SE301,3,Final_Exam,23.0,30
MRK_6209,STU_10389,CS101,2,Quiz_1,11.3,20
MRK_6210,STU_10389,CS101,2,Midterm_Exam,12.8,30
MRK_6211,STU_10389,CS101,2,Assignment_1,9.6,20
MRK_6212,STU_10389,CS101,2,Final_Exam,7.5,30
MRK_6213,STU_10389,DS201,1,Quiz_1,6.1,20
MRK_6214,STU_10389,DS201,1,Midterm_Exam,10.6,30
MRK_6215,STU_10389,DS201,1,Assignment_1,5.4,20
MRK_6216,STU_10389,DS201,1,Final_Exam,24.8,30
MRK_6217,STU_10389,MA102,4,Quiz_1,9.3,20
MRK_6218,STU_10389,MA102,4,Midterm_Exam,7.8,30
MRK_6219,STU_10389,MA102,4,Assignment_1,8.4,20
MRK_6220,STU_10389,MA102,4,Final_Exam,17.1,30
MRK_6221,STU_10389,SE301,2,Quiz_1,4.1,20
MRK_6222,STU_10389,SE301,2,Midterm_Exam,9.5,30
MRK_6223,STU_10389,SE301,2,Assignment_1,9.2,20
MRK_6224,STU_10389,SE301,2,Final_Exam,10.3,30
MRK_6225,STU_10390,CS101,3,Quiz_1,20.0,20
MRK_6226,STU_10390,CS101,3,Midterm_Exam,30.0,30
MRK_6227,STU_10390,CS101,3,Assignment_1,16.2,20
MRK_6228,STU_10390,CS101,3,Final_Exam,25.4,30
MRK_6229,STU_10390,DS201,1,Quiz_1,7.4,20
MRK_6230,STU_10390,DS201,1,Midterm_Exam,30.0,30
MRK_6231,STU_10390,DS201,1,Assignment_1,12.5,20
MRK_6232,STU_10390,DS201,1,Final_Exam,28.7,30
MRK_6233,STU_10390,MA102,2,Quiz_1,17.2,20
MRK_6234,STU_10390,MA102,2,Midterm_Exam,22.7,30
MRK_6235,STU_10390,MA102,2,Assignment_1,16.2,20
MRK_6236,STU_10390,MA102,2,Final_Exam,22.8,30
MRK_6237,STU_10390,SE301,2,Quiz_1,14.6,20
MRK_6238,STU_10390,SE301,2,Midterm_Exam,26.8,30
MRK_6239,STU_10390,SE301,2,Assignment_1,16.2,20
MRK_6240,STU_10390,SE301,2,Final_Exam,30.0,30
MRK_6241,STU_10391,CS101,2,Quiz_1,20.0,20
MRK_6242,STU_10391,CS101,2,Midterm_Exam,11.4,30
MRK_6243,STU_10391,CS101,2,Assignment_1,15.9,20
MRK_6244,STU_10391,CS101,2,Final_Exam,14.0,30
MRK_6245,STU_10391,DS201,4,Quiz_1,12.8,20
MRK_6246,STU_10391,DS201,4,Midterm_Exam,26.7,30
MRK_6247,STU_10391,DS201,4,Assignment_1,14.9,20
MRK_6248,STU_10391,DS201,4,Final_Exam,28.8,30
MRK_6249,STU_10391,MA102,4,Quiz_1,16.3,20
MRK_6250,STU_10391,MA102,4,Midterm_Exam,22.0,30
MRK_6251,STU_10391,MA102,4,Assignment_1,20.0,20
MRK_6252,STU_10391,MA102,4,Final_Exam,30.0,30
MRK_6253,STU_10391,SE301,4,Quiz_1,20.0,20
MRK_6254,STU_10391,SE301,4,Midterm_Exam,27.3,30
MRK_6255,STU_10391,SE301,4,Assignment_1,10.9,20
MRK_6256,STU_10391,SE301,4,Final_Exam,20.5,30
MRK_6257,STU_10392,CS101,3,Quiz_1,20.0,20
MRK_6258,STU_10392,CS101,3,Midterm_Exam,21.8,30
MRK_6259,STU_10392,CS101,3,Assignment_1,9.1,20
MRK_6260,STU_10392,CS101,3,Final_Exam,26.4,30
MRK_6261,STU_10392,DS201,2,Quiz_1,20.0,20
MRK_6262,STU_10392,DS201,2,Midterm_Exam,17.3,30
MRK_6263,STU_10392,DS201,2,Assignment_1,18.5,20
MRK_6264,STU_10392,DS201,2,Final_Exam,24.2,30
MRK_6265,STU_10392,MA102,3,Quiz_1,16.7,20
MRK_6266,STU_10392,MA102,3,Midterm_Exam,17.5,30
MRK_6267,STU_10392,MA102,3,Assignment_1,16.9,20
MRK_6268,STU_10392,MA102,3,Final_Exam,28.4,30
MRK_6269,STU_10392,SE301,1,Quiz_1,20.0,20
MRK_6270,STU_10392,SE301,1,Midterm_Exam,22.9,30
MRK_6271,STU_10392,SE301,1,Assignment_1,17.7,20
MRK_6272,STU_10392,SE301,1,Final_Exam,15.5,30
MRK_6273,STU_10393,CS101,3,Quiz_1,11.7,20
MRK_6274,STU_10393,CS101,3,Midterm_Exam,4.6,30
MRK_6275,STU_10393,CS101,3,Assignment_1,7.8,20
MRK_6276,STU_10393,CS101,3,Final_Exam,12.4,30
MRK_6277,STU_10393,DS201,1,Quiz_1,7.1,20
MRK_6278,STU_10393,DS201,1,Midterm_Exam,5.4,30
MRK_6279,STU_10393,DS201,1,Assignment_1,9.5,20
MRK_6280,STU_10393,DS201,1,Final_Exam,9.1,30
MRK_6281,STU_10393,MA102,4,Quiz_1,10.8,20
MRK_6282,STU_10393,MA102,4,Midterm_Exam,0.0,30
MRK_6283,STU_10393,MA102,4,Assignment_1,7.7,20
MRK_6284,STU_10393,MA102,4,Final_Exam,10.9,30
MRK_6285,STU_10393,SE301,1,Quiz_1,0.0,20
MRK_6286,STU_10393,SE301,1,Midterm_Exam,9.7,30
MRK_6287,STU_10393,SE301,1,Assignment_1,11.6,20
MRK_6288,STU_10393,SE301,1,Final_Exam,16.2,30
MRK_6289,STU_10394,CS101,4,Quiz_1,14.6,20
MRK_6290,STU_10394,CS101,4,Midterm_Exam,23.8,30
MRK_6291,STU_10394,CS101,4,Assignment_1,16.3,20
MRK_6292,STU_10394,CS101,4,Final_Exam,23.5,30
MRK_6293,STU_10394,DS201,3,Quiz_1,12.4,20
MRK_6294,STU_10394,DS201,3,Midterm_Exam,24.8,30
MRK_6295,STU_10394,DS201,3,Assignment_1,12.4,20
MRK_6296,STU_10394,DS201,3,Final_Exam,30.0,30
MRK_6297,STU_10394,MA102,2,Quiz_1,16.0,20
MRK_6298,STU_10394,MA102,2,Midterm_Exam,23.2,30
MRK_6299,STU_10394,MA102,2,Assignment_1,17.6,20
MRK_6300,STU_10394,MA102,2,Final_Exam,25.3,30
MRK_6301,STU_10394,SE301,4,Quiz_1,15.6,20
MRK_6302,STU_10394,SE301,4,Midterm_Exam,21.8,30
MRK_6303,STU_10394,SE301,4,Assignment_1,14.8,20
MRK_6304,STU_10394,SE301,4,Final_Exam,23.2,30
MRK_6305,STU_10395,CS101,4,Quiz_1,11.2,20
MRK_6306,STU_10395,CS101,4,Midterm_Exam,13.4,30
MRK_6307,STU_10395,CS101,4,Assignment_1,11.6,20
MRK_6308,STU_10395,CS101,4,Final_Exam,24.1,30
MRK_6309,STU_10395,DS201,1,Quiz_1,17.0,20
MRK_6310,STU_10395,DS201,1,Midterm_Exam,20.3,30
MRK_6311,STU_10395,DS201,1,Assignment_1,16.7,20
MRK_6312,STU_10395,DS201,1,Final_Exam,25.2,30
MRK_6313,STU_10395,MA102,4,Quiz_1,20.0,20
MRK_6314,STU_10395,MA102,4,Midterm_Exam,23.6,30
MRK_6315,STU_10395,MA102,4,Assignment_1,19.3,20
MRK_6316,STU_10395,MA102,4,Final_Exam,23.1,30
MRK_6317,STU_10395,SE301,2,Quiz_1,14.9,20
MRK_6318,STU_10395,SE301,2,Midterm_Exam,22.9,30
MRK_6319,STU_10395,SE301,2,Assignment_1,17.8,20
MRK_6320,STU_10395,SE301,2,Final_Exam,19.6,30
MRK_6321,STU_10396,CS101,3,Quiz_1,18.1,20
MRK_6322,STU_10396,CS101,3,Midterm_Exam,30.0,30
MRK_6323,STU_10396,CS101,3,Assignment_1,18.9,20
MRK_6324,STU_10396,CS101,3,Final_Exam,24.3,30
MRK_6325,STU_10396,DS201,4,Quiz_1,17.9,20
MRK_6326,STU_10396,DS201,4,Midterm_Exam,27.4,30
MRK_6327,STU_10396,DS201,4,Assignment_1,15.9,20
MRK_6328,STU_10396,DS201,4,Final_Exam,14.5,30
MRK_6329,STU_10396,MA102,4,Quiz_1,17.8,20
MRK_6330,STU_10396,MA102,4,Midterm_Exam,24.1,30
MRK_6331,STU_10396,MA102,4,Assignment_1,19.8,20
MRK_6332,STU_10396,MA102,4,Final_Exam,30.0,30
MRK_6333,STU_10396,SE301,3,Quiz_1,20.0,20
MRK_6334,STU_10396,SE301,3,Midterm_Exam,15.3,30
MRK_6335,STU_10396,SE301,3,Assignment_1,14.5,20
MRK_6336,STU_10396,SE301,3,Final_Exam,11.5,30
MRK_6337,STU_10397,CS101,2,Quiz_1,3.6,20
MRK_6338,STU_10397,CS101,2,Midterm_Exam,16.6,30
MRK_6339,STU_10397,CS101,2,Assignment_1,11.3,20
MRK_6340,STU_10397,CS101,2,Final_Exam,8.0,30
MRK_6341,STU_10397,DS201,1,Quiz_1,20.0,20
MRK_6342,STU_10397,DS201,1,Midterm_Exam,10.3,30
MRK_6343,STU_10397,DS201,1,Assignment_1,9.2,20
MRK_6344,STU_10397,DS201,1,Final_Exam,13.7,30
MRK_6345,STU_10397,MA102,1,Quiz_1,8.0,20
MRK_6346,STU_10397,MA102,1,Midterm_Exam,19.2,30
MRK_6347,STU_10397,MA102,1,Assignment_1,6.8,20
MRK_6348,STU_10397,MA102,1,Final_Exam,11.0,30
MRK_6349,STU_10397,SE301,2,Quiz_1,6.7,20
MRK_6350,STU_10397,SE301,2,Midterm_Exam,5.2,30
MRK_6351,STU_10397,SE301,2,Assignment_1,18.7,20
MRK_6352,STU_10397,SE301,2,Final_Exam,11.0,30
MRK_6353,STU_10398,CS101,1,Quiz_1,16.7,20
MRK_6354,STU_10398,CS101,1,Midterm_Exam,24.6,30
MRK_6355,STU_10398,CS101,1,Assignment_1,19.2,20
MRK_6356,STU_10398,CS101,1,Final_Exam,28.4,30
MRK_6357,STU_10398,DS201,3,Quiz_1,17.9,20
MRK_6358,STU_10398,DS201,3,Midterm_Exam,30.0,30
MRK_6359,STU_10398,DS201,3,Assignment_1,18.0,20
MRK_6360,STU_10398,DS201,3,Final_Exam,29.3,30
MRK_6361,STU_10398,MA102,2,Quiz_1,14.6,20
MRK_6362,STU_10398,MA102,2,Midterm_Exam,20.0,30
MRK_6363,STU_10398,MA102,2,Assignment_1,20.0,20
MRK_6364,STU_10398,MA102,2,Final_Exam,20.6,30
MRK_6365,STU_10398,SE301,4,Quiz_1,11.2,20
MRK_6366,STU_10398,SE301,4,Midterm_Exam,22.9,30
MRK_6367,STU_10398,SE301,4,Assignment_1,15.0,20
MRK_6368,STU_10398,SE301,4,Final_Exam,14.8,30
MRK_6369,STU_10399,CS101,3,Quiz_1,13.3,20
MRK_6370,STU_10399,CS101,3,Midterm_Exam,30.0,30
MRK_6371,STU_10399,CS101,3,Assignment_1,19.6,20
MRK_6372,STU_10399,CS101,3,Final_Exam,29.3,30
MRK_6373,STU_10399,DS201,1,Quiz_1,15.5,20
MRK_6374,STU_10399,DS201,1,Midterm_Exam,19.9,30
MRK_6375,STU_10399,DS201,1,Assignment_1,19.5,20
MRK_6376,STU_10399,DS201,1,Final_Exam,29.0,30
MRK_6377,STU_10399,MA102,2,Quiz_1,16.4,20
MRK_6378,STU_10399,MA102,2,Midterm_Exam,16.4,30
MRK_6379,STU_10399,MA102,2,Assignment_1,19.8,20
MRK_6380,STU_10399,MA102,2,Final_Exam,30.0,30
MRK_6381,STU_10399,SE301,2,Quiz_1,13.8,20
MRK_6382,STU_10399,SE301,2,Midterm_Exam,12.9,30
MRK_6383,STU_10399,SE301,2,Assignment_1,16.4,20
MRK_6384,STU_10399,SE301,2,Final_Exam,27.0,30
MRK_6385,STU_10400,CS101,2,Quiz_1,19.3,20
MRK_6386,STU_10400,CS101,2,Midterm_Exam,19.4,30
MRK_6387,STU_10400,CS101,2,Assignment_1,15.2,20
MRK_6388,STU_10400,CS101,2,Final_Exam,28.1,30
MRK_6389,STU_10400,DS201,3,Quiz_1,20.0,20
MRK_6390,STU_10400,DS201,3,Midterm_Exam,26.3,30
MRK_6391,STU_10400,DS201,3,Assignment_1,15.7,20
MRK_6392,STU_10400,DS201,3,Final_Exam,19.6,30
MRK_6393,STU_10400,MA102,3,Quiz_1,17.2,20
MRK_6394,STU_10400,MA102,3,Midterm_Exam,28.7,30
MRK_6395,STU_10400,MA102,3,Assignment_1,18.5,20
MRK_6396,STU_10400,MA102,3,Final_Exam,27.2,30
MRK_6397,STU_10400,SE301,1,Quiz_1,16.4,20
MRK_6398,STU_10400,SE301,1,Midterm_Exam,22.5,30
MRK_6399,STU_10400,SE301,1,Assignment_1,19.8,20
MRK_6400,STU_10400,SE301,1,Final_Exam,18.5,30
MRK_6401,STU_10401,CS101,3,Quiz_1,0.0,20
MRK_6402,STU_10401,CS101,3,Midterm_Exam,4.6,30
MRK_6403,STU_10401,CS101,3,Assignment_1,8.8,20
MRK_6404,STU_10401,CS101,3,Final_Exam,13.3,30
MRK_6405,STU_10401,DS201,4,Quiz_1,11.0,20
MRK_6406,STU_10401,DS201,4,Midterm_Exam,6.9,30
MRK_6407,STU_10401,DS201,4,Assignment_1,5.6,20
MRK_6408,STU_10401,DS201,4,Final_Exam,9.1,30
MRK_6409,STU_10401,MA102,4,Quiz_1,4.2,20
MRK_6410,STU_10401,MA102,4,Midterm_Exam,12.2,30
MRK_6411,STU_10401,MA102,4,Assignment_1,9.8,20
MRK_6412,STU_10401,MA102,4,Final_Exam,15.7,30
MRK_6413,STU_10401,SE301,1,Quiz_1,15.6,20
MRK_6414,STU_10401,SE301,1,Midterm_Exam,12.0,30
MRK_6415,STU_10401,SE301,1,Assignment_1,13.8,20
MRK_6416,STU_10401,SE301,1,Final_Exam,8.5,30
MRK_6417,STU_10402,CS101,3,Quiz_1,13.0,20
MRK_6418,STU_10402,CS101,3,Midterm_Exam,30.0,30
MRK_6419,STU_10402,CS101,3,Assignment_1,20.0,20
MRK_6420,STU_10402,CS101,3,Final_Exam,30.0,30
MRK_6421,STU_10402,DS201,2,Quiz_1,11.7,20
MRK_6422,STU_10402,DS201,2,Midterm_Exam,25.4,30
MRK_6423,STU_10402,DS201,2,Assignment_1,18.5,20
MRK_6424,STU_10402,DS201,2,Final_Exam,29.3,30
MRK_6425,STU_10402,MA102,3,Quiz_1,16.7,20
MRK_6426,STU_10402,MA102,3,Midterm_Exam,27.2,30
MRK_6427,STU_10402,MA102,3,Assignment_1,15.5,20
MRK_6428,STU_10402,MA102,3,Final_Exam,30.0,30
MRK_6429,STU_10402,SE301,4,Quiz_1,15.7,20
MRK_6430,STU_10402,SE301,4,Midterm_Exam,21.0,30
MRK_6431,STU_10402,SE301,4,Assignment_1,19.5,20
MRK_6432,STU_10402,SE301,4,Final_Exam,22.6,30
MRK_6433,STU_10403,CS101,3,Quiz_1,19.0,20
MRK_6434,STU_10403,CS101,3,Midterm_Exam,22.0,30
MRK_6435,STU_10403,CS101,3,Assignment_1,20.0,20
MRK_6436,STU_10403,CS101,3,Final_Exam,18.1,30
MRK_6437,STU_10403,DS201,4,Quiz_1,8.6,20
MRK_6438,STU_10403,DS201,4,Midterm_Exam,16.2,30
MRK_6439,STU_10403,DS201,4,Assignment_1,20.0,20
MRK_6440,STU_10403,DS201,4,Final_Exam,26.9,30
MRK_6441,STU_10403,MA102,2,Quiz_1,20.0,20
MRK_6442,STU_10403,MA102,2,Midterm_Exam,23.5,30
MRK_6443,STU_10403,MA102,2,Assignment_1,14.8,20
MRK_6444,STU_10403,MA102,2,Final_Exam,24.7,30
MRK_6445,STU_10403,SE301,3,Quiz_1,16.0,20
MRK_6446,STU_10403,SE301,3,Midterm_Exam,22.1,30
MRK_6447,STU_10403,SE301,3,Assignment_1,11.7,20
MRK_6448,STU_10403,SE301,3,Final_Exam,18.4,30
MRK_6449,STU_10404,CS101,3,Quiz_1,17.1,20
MRK_6450,STU_10404,CS101,3,Midterm_Exam,30.0,30
MRK_6451,STU_10404,CS101,3,Assignment_1,16.1,20
MRK_6452,STU_10404,CS101,3,Final_Exam,19.6,30
MRK_6453,STU_10404,DS201,4,Quiz_1,15.4,20
MRK_6454,STU_10404,DS201,4,Midterm_Exam,22.6,30
MRK_6455,STU_10404,DS201,4,Assignment_1,18.7,20
MRK_6456,STU_10404,DS201,4,Final_Exam,30.0,30
MRK_6457,STU_10404,MA102,3,Quiz_1,12.2,20
MRK_6458,STU_10404,MA102,3,Midterm_Exam,22.0,30
MRK_6459,STU_10404,MA102,3,Assignment_1,11.5,20
MRK_6460,STU_10404,MA102,3,Final_Exam,25.0,30
MRK_6461,STU_10404,SE301,4,Quiz_1,20.0,20
MRK_6462,STU_10404,SE301,4,Midterm_Exam,12.9,30
MRK_6463,STU_10404,SE301,4,Assignment_1,15.9,20
MRK_6464,STU_10404,SE301,4,Final_Exam,26.8,30
MRK_6465,STU_10405,CS101,4,Quiz_1,11.3,20
MRK_6466,STU_10405,CS101,4,Midterm_Exam,14.3,30
MRK_6467,STU_10405,CS101,4,Assignment_1,12.7,20
MRK_6468,STU_10405,CS101,4,Final_Exam,7.5,30
MRK_6469,STU_10405,DS201,2,Quiz_1,14.7,20
MRK_6470,STU_10405,DS201,2,Midterm_Exam,20.5,30
MRK_6471,STU_10405,DS201,2,Assignment_1,8.3,20
MRK_6472,STU_10405,DS201,2,Final_Exam,15.1,30
MRK_6473,STU_10405,MA102,4,Quiz_1,0.0,20
MRK_6474,STU_10405,MA102,4,Midterm_Exam,0.8,30
MRK_6475,STU_10405,MA102,4,Assignment_1,6.5,20
MRK_6476,STU_10405,MA102,4,Final_Exam,18.9,30
MRK_6477,STU_10405,SE301,3,Quiz_1,8.8,20
MRK_6478,STU_10405,SE301,3,Midterm_Exam,6.7,30
MRK_6479,STU_10405,SE301,3,Assignment_1,8.9,20
MRK_6480,STU_10405,SE301,3,Final_Exam,11.8,30
MRK_6481,STU_10406,CS101,1,Quiz_1,16.2,20
MRK_6482,STU_10406,CS101,1,Midterm_Exam,29.4,30
MRK_6483,STU_10406,CS101,1,Assignment_1,10.3,20
MRK_6484,STU_10406,CS101,1,Final_Exam,12.5,30
MRK_6485,STU_10406,DS201,4,Quiz_1,20.0,20
MRK_6486,STU_10406,DS201,4,Midterm_Exam,22.2,30
MRK_6487,STU_10406,DS201,4,Assignment_1,20.0,20
MRK_6488,STU_10406,DS201,4,Final_Exam,28.3,30
MRK_6489,STU_10406,MA102,1,Quiz_1,20.0,20
MRK_6490,STU_10406,MA102,1,Midterm_Exam,27.7,30
MRK_6491,STU_10406,MA102,1,Assignment_1,20.0,20
MRK_6492,STU_10406,MA102,1,Final_Exam,30.0,30
MRK_6493,STU_10406,SE301,3,Quiz_1,16.1,20
MRK_6494,STU_10406,SE301,3,Midterm_Exam,27.4,30
MRK_6495,STU_10406,SE301,3,Assignment_1,19.5,20
MRK_6496,STU_10406,SE301,3,Final_Exam,21.4,30
MRK_6497,STU_10407,CS101,3,Quiz_1,20.0,20
MRK_6498,STU_10407,CS101,3,Midterm_Exam,24.3,30
MRK_6499,STU_10407,CS101,3,Assignment_1,13.6,20
MRK_6500,STU_10407,CS101,3,Final_Exam,24.1,30
MRK_6501,STU_10407,DS201,4,Quiz_1,14.2,20
MRK_6502,STU_10407,DS201,4,Midterm_Exam,27.1,30
MRK_6503,STU_10407,DS201,4,Assignment_1,18.0,20
MRK_6504,STU_10407,DS201,4,Final_Exam,17.2,30
MRK_6505,STU_10407,MA102,3,Quiz_1,15.7,20
MRK_6506,STU_10407,MA102,3,Midterm_Exam,19.0,30
MRK_6507,STU_10407,MA102,3,Assignment_1,20.0,20
MRK_6508,STU_10407,MA102,3,Final_Exam,22.2,30
MRK_6509,STU_10407,SE301,4,Quiz_1,14.0,20
MRK_6510,STU_10407,SE301,4,Midterm_Exam,30.0,30
MRK_6511,STU_10407,SE301,4,Assignment_1,15.5,20
MRK_6512,STU_10407,SE301,4,Final_Exam,18.8,30
MRK_6513,STU_10408,CS101,2,Quiz_1,13.1,20
MRK_6514,STU_10408,CS101,2,Midterm_Exam,23.5,30
MRK_6515,STU_10408,CS101,2,Assignment_1,20.0,20
MRK_6516,STU_10408,CS101,2,Final_Exam,17.1,30
MRK_6517,STU_10408,DS201,1,Quiz_1,20.0,20
MRK_6518,STU_10408,DS201,1,Midterm_Exam,25.7,30
MRK_6519,STU_10408,DS201,1,Assignment_1,20.0,20
MRK_6520,STU_10408,DS201,1,Final_Exam,17.1,30
MRK_6521,STU_10408,MA102,4,Quiz_1,13.9,20
MRK_6522,STU_10408,MA102,4,Midterm_Exam,23.0,30
MRK_6523,STU_10408,MA102,4,Assignment_1,11.1,20
MRK_6524,STU_10408,MA102,4,Final_Exam,21.6,30
MRK_6525,STU_10408,SE301,4,Quiz_1,15.4,20
MRK_6526,STU_10408,SE301,4,Midterm_Exam,17.1,30
MRK_6527,STU_10408,SE301,4,Assignment_1,20.0,20
MRK_6528,STU_10408,SE301,4,Final_Exam,29.2,30
MRK_6529,STU_10409,CS101,4,Quiz_1,10.5,20
MRK_6530,STU_10409,CS101,4,Midterm_Exam,4.4,30
MRK_6531,STU_10409,CS101,4,Assignment_1,8.6,20
MRK_6532,STU_10409,CS101,4,Final_Exam,9.5,30
MRK_6533,STU_10409,DS201,4,Quiz_1,3.1,20
MRK_6534,STU_10409,DS201,4,Midterm_Exam,23.5,30
MRK_6535,STU_10409,DS201,4,Assignment_1,11.7,20
MRK_6536,STU_10409,DS201,4,Final_Exam,2.8,30
MRK_6537,STU_10409,MA102,4,Quiz_1,8.8,20
MRK_6538,STU_10409,MA102,4,Midterm_Exam,9.6,30
MRK_6539,STU_10409,MA102,4,Assignment_1,7.4,20
MRK_6540,STU_10409,MA102,4,Final_Exam,16.8,30
MRK_6541,STU_10409,SE301,1,Quiz_1,7.9,20
MRK_6542,STU_10409,SE301,1,Midterm_Exam,8.0,30
MRK_6543,STU_10409,SE301,1,Assignment_1,13.9,20
MRK_6544,STU_10409,SE301,1,Final_Exam,11.3,30
MRK_6545,STU_10410,CS101,2,Quiz_1,18.2,20
MRK_6546,STU_10410,CS101,2,Midterm_Exam,22.5,30
MRK_6547,STU_10410,CS101,2,Assignment_1,14.5,20
MRK_6548,STU_10410,CS101,2,Final_Exam,27.8,30
MRK_6549,STU_10410,DS201,1,Quiz_1,12.3,20
MRK_6550,STU_10410,DS201,1,Midterm_Exam,27.1,30
MRK_6551,STU_10410,DS201,1,Assignment_1,20.0,20
MRK_6552,STU_10410,DS201,1,Final_Exam,30.0,30
MRK_6553,STU_10410,MA102,2,Quiz_1,14.5,20
MRK_6554,STU_10410,MA102,2,Midterm_Exam,25.3,30
MRK_6555,STU_10410,MA102,2,Assignment_1,13.7,20
MRK_6556,STU_10410,MA102,2,Final_Exam,19.3,30
MRK_6557,STU_10410,SE301,1,Quiz_1,18.0,20
MRK_6558,STU_10410,SE301,1,Midterm_Exam,30.0,30
MRK_6559,STU_10410,SE301,1,Assignment_1,13.6,20
MRK_6560,STU_10410,SE301,1,Final_Exam,15.2,30
MRK_6561,STU_10411,CS101,4,Quiz_1,18.0,20
MRK_6562,STU_10411,CS101,4,Midterm_Exam,30.0,30
MRK_6563,STU_10411,CS101,4,Assignment_1,16.3,20
MRK_6564,STU_10411,CS101,4,Final_Exam,22.1,30
MRK_6565,STU_10411,DS201,3,Quiz_1,16.4,20
MRK_6566,STU_10411,DS201,3,Midterm_Exam,11.8,30
MRK_6567,STU_10411,DS201,3,Assignment_1,16.5,20
MRK_6568,STU_10411,DS201,3,Final_Exam,15.6,30
MRK_6569,STU_10411,MA102,1,Quiz_1,16.4,20
MRK_6570,STU_10411,MA102,1,Midterm_Exam,29.5,30
MRK_6571,STU_10411,MA102,1,Assignment_1,15.8,20
MRK_6572,STU_10411,MA102,1,Final_Exam,22.9,30
MRK_6573,STU_10411,SE301,4,Quiz_1,13.2,20
MRK_6574,STU_10411,SE301,4,Midterm_Exam,30.0,30
MRK_6575,STU_10411,SE301,4,Assignment_1,20.0,20
MRK_6576,STU_10411,SE301,4,Final_Exam,29.5,30
MRK_6577,STU_10412,CS101,4,Quiz_1,20.0,20
MRK_6578,STU_10412,CS101,4,Midterm_Exam,30.0,30
MRK_6579,STU_10412,CS101,4,Assignment_1,15.3,20
MRK_6580,STU_10412,CS101,4,Final_Exam,21.3,30
MRK_6581,STU_10412,DS201,2,Quiz_1,6.1,20
MRK_6582,STU_10412,DS201,2,Midterm_Exam,30.0,30
MRK_6583,STU_10412,DS201,2,Assignment_1,15.5,20
MRK_6584,STU_10412,DS201,2,Final_Exam,24.5,30
MRK_6585,STU_10412,MA102,1,Quiz_1,14.7,20
MRK_6586,STU_10412,MA102,1,Midterm_Exam,27.8,30
MRK_6587,STU_10412,MA102,1,Assignment_1,17.9,20
MRK_6588,STU_10412,MA102,1,Final_Exam,22.7,30
MRK_6589,STU_10412,SE301,1,Quiz_1,20.0,20
MRK_6590,STU_10412,SE301,1,Midterm_Exam,26.2,30
MRK_6591,STU_10412,SE301,1,Assignment_1,15.6,20
MRK_6592,STU_10412,SE301,1,Final_Exam,24.4,30
MRK_6593,STU_10413,CS101,2,Quiz_1,10.6,20
MRK_6594,STU_10413,CS101,2,Midterm_Exam,9.8,30
MRK_6595,STU_10413,CS101,2,Assignment_1,11.1,20
MRK_6596,STU_10413,CS101,2,Final_Exam,11.4,30
MRK_6597,STU_10413,DS201,1,Quiz_1,9.5,20
MRK_6598,STU_10413,DS201,1,Midterm_Exam,11.0,30
MRK_6599,STU_10413,DS201,1,Assignment_1,9.8,20
MRK_6600,STU_10413,DS201,1,Final_Exam,12.7,30
MRK_6601,STU_10413,MA102,3,Quiz_1,3.3,20
MRK_6602,STU_10413,MA102,3,Midterm_Exam,4.9,30
MRK_6603,STU_10413,MA102,3,Assignment_1,9.3,20
MRK_6604,STU_10413,MA102,3,Final_Exam,2.2,30
MRK_6605,STU_10413,SE301,4,Quiz_1,6.8,20
MRK_6606,STU_10413,SE301,4,Midterm_Exam,14.5,30
MRK_6607,STU_10413,SE301,4,Assignment_1,9.5,20
MRK_6608,STU_10413,SE301,4,Final_Exam,9.4,30
MRK_6609,STU_10414,CS101,1,Quiz_1,10.7,20
MRK_6610,STU_10414,CS101,1,Midterm_Exam,27.0,30
MRK_6611,STU_10414,CS101,1,Assignment_1,13.8,20
MRK_6612,STU_10414,CS101,1,Final_Exam,30.0,30
MRK_6613,STU_10414,DS201,1,Quiz_1,15.0,20
MRK_6614,STU_10414,DS201,1,Midterm_Exam,14.8,30
MRK_6615,STU_10414,DS201,1,Assignment_1,20.0,20
MRK_6616,STU_10414,DS201,1,Final_Exam,27.4,30
MRK_6617,STU_10414,MA102,1,Quiz_1,20.0,20
MRK_6618,STU_10414,MA102,1,Midterm_Exam,27.4,30
MRK_6619,STU_10414,MA102,1,Assignment_1,14.4,20
MRK_6620,STU_10414,MA102,1,Final_Exam,26.1,30
MRK_6621,STU_10414,SE301,1,Quiz_1,12.2,20
MRK_6622,STU_10414,SE301,1,Midterm_Exam,23.6,30
MRK_6623,STU_10414,SE301,1,Assignment_1,20.0,20
MRK_6624,STU_10414,SE301,1,Final_Exam,30.0,30
MRK_6625,STU_10415,CS101,1,Quiz_1,20.0,20
MRK_6626,STU_10415,CS101,1,Midterm_Exam,14.0,30
MRK_6627,STU_10415,CS101,1,Assignment_1,17.5,20
MRK_6628,STU_10415,CS101,1,Final_Exam,24.2,30
MRK_6629,STU_10415,DS201,3,Quiz_1,20.0,20
MRK_6630,STU_10415,DS201,3,Midterm_Exam,30.0,30
MRK_6631,STU_10415,DS201,3,Assignment_1,16.6,20
MRK_6632,STU_10415,DS201,3,Final_Exam,20.5,30
MRK_6633,STU_10415,MA102,1,Quiz_1,17.8,20
MRK_6634,STU_10415,MA102,1,Midterm_Exam,26.4,30
MRK_6635,STU_10415,MA102,1,Assignment_1,11.8,20
MRK_6636,STU_10415,MA102,1,Final_Exam,24.8,30
MRK_6637,STU_10415,SE301,3,Quiz_1,20.0,20
MRK_6638,STU_10415,SE301,3,Midterm_Exam,26.7,30
MRK_6639,STU_10415,SE301,3,Assignment_1,12.7,20
MRK_6640,STU_10415,SE301,3,Final_Exam,30.0,30
MRK_6641,STU_10416,CS101,2,Quiz_1,11.1,20
MRK_6642,STU_10416,CS101,2,Midterm_Exam,20.8,30
MRK_6643,STU_10416,CS101,2,Assignment_1,17.0,20
MRK_6644,STU_10416,CS101,2,Final_Exam,25.6,30
MRK_6645,STU_10416,DS201,1,Quiz_1,13.9,20
MRK_6646,STU_10416,DS201,1,Midterm_Exam,30.0,30
MRK_6647,STU_10416,DS201,1,Assignment_1,10.7,20
MRK_6648,STU_10416,DS201,1,Final_Exam,25.5,30
MRK_6649,STU_10416,MA102,1,Quiz_1,15.2,20
MRK_6650,STU_10416,MA102,1,Midterm_Exam,23.1,30
MRK_6651,STU_10416,MA102,1,Assignment_1,15.3,20
MRK_6652,STU_10416,MA102,1,Final_Exam,28.1,30
MRK_6653,STU_10416,SE301,3,Quiz_1,12.3,20
MRK_6654,STU_10416,SE301,3,Midterm_Exam,29.1,30
MRK_6655,STU_10416,SE301,3,Assignment_1,17.4,20
MRK_6656,STU_10416,SE301,3,Final_Exam,22.6,30
MRK_6657,STU_10417,CS101,4,Quiz_1,6.3,20
MRK_6658,STU_10417,CS101,4,Midterm_Exam,17.6,30
MRK_6659,STU_10417,CS101,4,Assignment_1,11.7,20
MRK_6660,STU_10417,CS101,4,Final_Exam,12.2,30
MRK_6661,STU_10417,DS201,2,Quiz_1,8.9,20
MRK_6662,STU_10417,DS201,2,Midterm_Exam,7.2,30
MRK_6663,STU_10417,DS201,2,Assignment_1,8.5,20
MRK_6664,STU_10417,DS201,2,Final_Exam,6.5,30
MRK_6665,STU_10417,MA102,1,Quiz_1,9.8,20
MRK_6666,STU_10417,MA102,1,Midterm_Exam,5.8,30
MRK_6667,STU_10417,MA102,1,Assignment_1,14.4,20
MRK_6668,STU_10417,MA102,1,Final_Exam,2.1,30
MRK_6669,STU_10417,SE301,2,Quiz_1,5.5,20
MRK_6670,STU_10417,SE301,2,Midterm_Exam,23.4,30
MRK_6671,STU_10417,SE301,2,Assignment_1,5.9,20
MRK_6672,STU_10417,SE301,2,Final_Exam,6.4,30
MRK_6673,STU_10418,CS101,1,Quiz_1,11.9,20
MRK_6674,STU_10418,CS101,1,Midterm_Exam,30.0,30
MRK_6675,STU_10418,CS101,1,Assignment_1,14.1,20
MRK_6676,STU_10418,CS101,1,Final_Exam,14.1,30
MRK_6677,STU_10418,DS201,3,Quiz_1,15.3,20
MRK_6678,STU_10418,DS201,3,Midterm_Exam,24.1,30
MRK_6679,STU_10418,DS201,3,Assignment_1,17.8,20
MRK_6680,STU_10418,DS201,3,Final_Exam,15.9,30
MRK_6681,STU_10418,MA102,1,Quiz_1,20.0,20
MRK_6682,STU_10418,MA102,1,Midterm_Exam,19.3,30
MRK_6683,STU_10418,MA102,1,Assignment_1,15.1,20
MRK_6684,STU_10418,MA102,1,Final_Exam,29.1,30
MRK_6685,STU_10418,SE301,4,Quiz_1,18.9,20
MRK_6686,STU_10418,SE301,4,Midterm_Exam,22.0,30
MRK_6687,STU_10418,SE301,4,Assignment_1,20.0,20
MRK_6688,STU_10418,SE301,4,Final_Exam,26.5,30
MRK_6689,STU_10419,CS101,3,Quiz_1,12.5,20
MRK_6690,STU_10419,CS101,3,Midterm_Exam,23.1,30
MRK_6691,STU_10419,CS101,3,Assignment_1,15.7,20
MRK_6692,STU_10419,CS101,3,Final_Exam,24.3,30
MRK_6693,STU_10419,DS201,3,Quiz_1,13.3,20
MRK_6694,STU_10419,DS201,3,Midterm_Exam,29.5,30
MRK_6695,STU_10419,DS201,3,Assignment_1,16.4,20
MRK_6696,STU_10419,DS201,3,Final_Exam,25.2,30
MRK_6697,STU_10419,MA102,4,Quiz_1,13.3,20
MRK_6698,STU_10419,MA102,4,Midterm_Exam,28.9,30
MRK_6699,STU_10419,MA102,4,Assignment_1,20.0,20
MRK_6700,STU_10419,MA102,4,Final_Exam,18.4,30
MRK_6701,STU_10419,SE301,4,Quiz_1,20.0,20
MRK_6702,STU_10419,SE301,4,Midterm_Exam,29.1,30
MRK_6703,STU_10419,SE301,4,Assignment_1,16.6,20
MRK_6704,STU_10419,SE301,4,Final_Exam,22.7,30
MRK_6705,STU_10420,CS101,1,Quiz_1,14.5,20
MRK_6706,STU_10420,CS101,1,Midterm_Exam,30.0,30
MRK_6707,STU_10420,CS101,1,Assignment_1,17.6,20
MRK_6708,STU_10420,CS101,1,Final_Exam,25.2,30
MRK_6709,STU_10420,DS201,2,Quiz_1,20.0,20
MRK_6710,STU_10420,DS201,2,Midterm_Exam,19.4,30
MRK_6711,STU_10420,DS201,2,Assignment_1,17.3,20
MRK_6712,STU_10420,DS201,2,Final_Exam,30.0,30
MRK_6713,STU_10420,MA102,2,Quiz_1,16.9,20
MRK_6714,STU_10420,MA102,2,Midterm_Exam,22.3,30
MRK_6715,STU_10420,MA102,2,Assignment_1,11.6,20
MRK_6716,STU_10420,MA102,2,Final_Exam,16.2,30
MRK_6717,STU_10420,SE301,1,Quiz_1,20.0,20
MRK_6718,STU_10420,SE301,1,Midterm_Exam,24.4,30
MRK_6719,STU_10420,SE301,1,Assignment_1,20.0,20
MRK_6720,STU_10420,SE301,1,Final_Exam,17.6,30
MRK_6721,STU_10421,CS101,4,Quiz_1,14.9,20
MRK_6722,STU_10421,CS101,4,Midterm_Exam,3.4,30
MRK_6723,STU_10421,CS101,4,Assignment_1,8.9,20
MRK_6724,STU_10421,CS101,4,Final_Exam,11.1,30
MRK_6725,STU_10421,DS201,3,Quiz_1,8.2,20
MRK_6726,STU_10421,DS201,3,Midterm_Exam,21.5,30
MRK_6727,STU_10421,DS201,3,Assignment_1,8.5,20
MRK_6728,STU_10421,DS201,3,Final_Exam,12.6,30
MRK_6729,STU_10421,MA102,4,Quiz_1,6.6,20
MRK_6730,STU_10421,MA102,4,Midterm_Exam,19.0,30
MRK_6731,STU_10421,MA102,4,Assignment_1,8.6,20
MRK_6732,STU_10421,MA102,4,Final_Exam,22.4,30
MRK_6733,STU_10421,SE301,2,Quiz_1,8.2,20
MRK_6734,STU_10421,SE301,2,Midterm_Exam,7.3,30
MRK_6735,STU_10421,SE301,2,Assignment_1,5.6,20
MRK_6736,STU_10421,SE301,2,Final_Exam,14.6,30
MRK_6737,STU_10422,CS101,4,Quiz_1,12.7,20
MRK_6738,STU_10422,CS101,4,Midterm_Exam,27.7,30
MRK_6739,STU_10422,CS101,4,Assignment_1,18.3,20
MRK_6740,STU_10422,CS101,4,Final_Exam,30.0,30
MRK_6741,STU_10422,DS201,1,Quiz_1,10.7,20
MRK_6742,STU_10422,DS201,1,Midterm_Exam,19.3,30
MRK_6743,STU_10422,DS201,1,Assignment_1,20.0,20
MRK_6744,STU_10422,DS201,1,Final_Exam,30.0,30
MRK_6745,STU_10422,MA102,2,Quiz_1,19.3,20
MRK_6746,STU_10422,MA102,2,Midterm_Exam,30.0,30
MRK_6747,STU_10422,MA102,2,Assignment_1,20.0,20
MRK_6748,STU_10422,MA102,2,Final_Exam,19.9,30
MRK_6749,STU_10422,SE301,1,Quiz_1,14.5,20
MRK_6750,STU_10422,SE301,1,Midterm_Exam,28.9,30
MRK_6751,STU_10422,SE301,1,Assignment_1,19.1,20
MRK_6752,STU_10422,SE301,1,Final_Exam,30.0,30
MRK_6753,STU_10423,CS101,2,Quiz_1,11.6,20
MRK_6754,STU_10423,CS101,2,Midterm_Exam,25.6,30
MRK_6755,STU_10423,CS101,2,Assignment_1,16.4,20
MRK_6756,STU_10423,CS101,2,Final_Exam,23.1,30
MRK_6757,STU_10423,DS201,3,Quiz_1,10.7,20
MRK_6758,STU_10423,DS201,3,Midterm_Exam,22.3,30
MRK_6759,STU_10423,DS201,3,Assignment_1,18.4,20
MRK_6760,STU_10423,DS201,3,Final_Exam,20.4,30
MRK_6761,STU_10423,MA102,4,Quiz_1,17.6,20
MRK_6762,STU_10423,MA102,4,Midterm_Exam,24.4,30
MRK_6763,STU_10423,MA102,4,Assignment_1,18.8,20
MRK_6764,STU_10423,MA102,4,Final_Exam,27.3,30
MRK_6765,STU_10423,SE301,4,Quiz_1,14.5,20
MRK_6766,STU_10423,SE301,4,Midterm_Exam,24.0,30
MRK_6767,STU_10423,SE301,4,Assignment_1,20.0,20
MRK_6768,STU_10423,SE301,4,Final_Exam,23.0,30
MRK_6769,STU_10424,CS101,4,Quiz_1,13.5,20
MRK_6770,STU_10424,CS101,4,Midterm_Exam,17.7,30
MRK_6771,STU_10424,CS101,4,Assignment_1,18.0,20
MRK_6772,STU_10424,CS101,4,Final_Exam,22.5,30
MRK_6773,STU_10424,DS201,2,Quiz_1,17.3,20
MRK_6774,STU_10424,DS201,2,Midterm_Exam,24.7,30
MRK_6775,STU_10424,DS201,2,Assignment_1,18.3,20
MRK_6776,STU_10424,DS201,2,Final_Exam,12.9,30
MRK_6777,STU_10424,MA102,2,Quiz_1,18.1,20
MRK_6778,STU_10424,MA102,2,Midterm_Exam,17.1,30
MRK_6779,STU_10424,MA102,2,Assignment_1,20.0,20
MRK_6780,STU_10424,MA102,2,Final_Exam,27.7,30
MRK_6781,STU_10424,SE301,1,Quiz_1,20.0,20
MRK_6782,STU_10424,SE301,1,Midterm_Exam,12.7,30
MRK_6783,STU_10424,SE301,1,Assignment_1,16.5,20
MRK_6784,STU_10424,SE301,1,Final_Exam,24.1,30
MRK_6785,STU_10425,CS101,3,Quiz_1,4.7,20
MRK_6786,STU_10425,CS101,3,Midterm_Exam,15.2,30
MRK_6787,STU_10425,CS101,3,Assignment_1,6.9,20
MRK_6788,STU_10425,CS101,3,Final_Exam,13.8,30
MRK_6789,STU_10425,DS201,1,Quiz_1,3.5,20
MRK_6790,STU_10425,DS201,1,Midterm_Exam,15.9,30
MRK_6791,STU_10425,DS201,1,Assignment_1,14.9,20
MRK_6792,STU_10425,DS201,1,Final_Exam,6.8,30
MRK_6793,STU_10425,MA102,3,Quiz_1,7.6,20
MRK_6794,STU_10425,MA102,3,Midterm_Exam,2.2,30
MRK_6795,STU_10425,MA102,3,Assignment_1,11.3,20
MRK_6796,STU_10425,MA102,3,Final_Exam,6.4,30
MRK_6797,STU_10425,SE301,4,Quiz_1,9.8,20
MRK_6798,STU_10425,SE301,4,Midterm_Exam,20.1,30
MRK_6799,STU_10425,SE301,4,Assignment_1,8.7,20
MRK_6800,STU_10425,SE301,4,Final_Exam,16.4,30
MRK_6801,STU_10426,CS101,1,Quiz_1,15.8,20
MRK_6802,STU_10426,CS101,1,Midterm_Exam,27.0,30
MRK_6803,STU_10426,CS101,1,Assignment_1,20.0,20
MRK_6804,STU_10426,CS101,1,Final_Exam,28.4,30
MRK_6805,STU_10426,DS201,1,Quiz_1,10.9,20
MRK_6806,STU_10426,DS201,1,Midterm_Exam,28.8,30
MRK_6807,STU_10426,DS201,1,Assignment_1,20.0,20
MRK_6808,STU_10426,DS201,1,Final_Exam,23.1,30
MRK_6809,STU_10426,MA102,2,Quiz_1,17.7,20
MRK_6810,STU_10426,MA102,2,Midterm_Exam,30.0,30
MRK_6811,STU_10426,MA102,2,Assignment_1,13.6,20
MRK_6812,STU_10426,MA102,2,Final_Exam,18.7,30
MRK_6813,STU_10426,SE301,1,Quiz_1,15.4,20
MRK_6814,STU_10426,SE301,1,Midterm_Exam,23.6,30
MRK_6815,STU_10426,SE301,1,Assignment_1,20.0,20
MRK_6816,STU_10426,SE301,1,Final_Exam,19.7,30
MRK_6817,STU_10427,CS101,2,Quiz_1,16.1,20
MRK_6818,STU_10427,CS101,2,Midterm_Exam,21.0,30
MRK_6819,STU_10427,CS101,2,Assignment_1,14.7,20
MRK_6820,STU_10427,CS101,2,Final_Exam,22.6,30
MRK_6821,STU_10427,DS201,4,Quiz_1,15.8,20
MRK_6822,STU_10427,DS201,4,Midterm_Exam,25.2,30
MRK_6823,STU_10427,DS201,4,Assignment_1,12.1,20
MRK_6824,STU_10427,DS201,4,Final_Exam,23.5,30
MRK_6825,STU_10427,MA102,3,Quiz_1,18.6,20
MRK_6826,STU_10427,MA102,3,Midterm_Exam,25.1,30
MRK_6827,STU_10427,MA102,3,Assignment_1,17.0,20
MRK_6828,STU_10427,MA102,3,Final_Exam,30.0,30
MRK_6829,STU_10427,SE301,3,Quiz_1,14.1,20
MRK_6830,STU_10427,SE301,3,Midterm_Exam,12.9,30
MRK_6831,STU_10427,SE301,3,Assignment_1,19.0,20
MRK_6832,STU_10427,SE301,3,Final_Exam,28.2,30
MRK_6833,STU_10428,CS101,4,Quiz_1,14.2,20
MRK_6834,STU_10428,CS101,4,Midterm_Exam,27.3,30
MRK_6835,STU_10428,CS101,4,Assignment_1,14.4,20
MRK_6836,STU_10428,CS101,4,Final_Exam,25.7,30
MRK_6837,STU_10428,DS201,1,Quiz_1,19.1,20
MRK_6838,STU_10428,DS201,1,Midterm_Exam,24.3,30
MRK_6839,STU_10428,DS201,1,Assignment_1,10.7,20
MRK_6840,STU_10428,DS201,1,Final_Exam,24.0,30
MRK_6841,STU_10428,MA102,2,Quiz_1,13.9,20
MRK_6842,STU_10428,MA102,2,Midterm_Exam,25.3,30
MRK_6843,STU_10428,MA102,2,Assignment_1,18.6,20
MRK_6844,STU_10428,MA102,2,Final_Exam,25.9,30
MRK_6845,STU_10428,SE301,2,Quiz_1,14.6,20
MRK_6846,STU_10428,SE301,2,Midterm_Exam,13.6,30
MRK_6847,STU_10428,SE301,2,Assignment_1,19.1,20
MRK_6848,STU_10428,SE301,2,Final_Exam,27.7,30
MRK_6849,STU_10429,CS101,2,Quiz_1,1.5,20
MRK_6850,STU_10429,CS101,2,Midterm_Exam,18.7,30
MRK_6851,STU_10429,CS101,2,Assignment_1,13.2,20
MRK_6852,STU_10429,CS101,2,Final_Exam,13.2,30
MRK_6853,STU_10429,DS201,4,Quiz_1,5.9,20
MRK_6854,STU_10429,DS201,4,Midterm_Exam,4.8,30
MRK_6855,STU_10429,DS201,4,Assignment_1,8.2,20
MRK_6856,STU_10429,DS201,4,Final_Exam,5.3,30
MRK_6857,STU_10429,MA102,4,Quiz_1,13.3,20
MRK_6858,STU_10429,MA102,4,Midterm_Exam,18.1,30
MRK_6859,STU_10429,MA102,4,Assignment_1,5.3,20
MRK_6860,STU_10429,MA102,4,Final_Exam,13.8,30
MRK_6861,STU_10429,SE301,4,Quiz_1,8.5,20
MRK_6862,STU_10429,SE301,4,Midterm_Exam,12.8,30
MRK_6863,STU_10429,SE301,4,Assignment_1,14.8,20
MRK_6864,STU_10429,SE301,4,Final_Exam,12.7,30
MRK_6865,STU_10430,CS101,4,Quiz_1,16.1,20
MRK_6866,STU_10430,CS101,4,Midterm_Exam,29.5,30
MRK_6867,STU_10430,CS101,4,Assignment_1,17.8,20
MRK_6868,STU_10430,CS101,4,Final_Exam,19.7,30
MRK_6869,STU_10430,DS201,3,Quiz_1,14.1,20
MRK_6870,STU_10430,DS201,3,Midterm_Exam,22.2,30
MRK_6871,STU_10430,DS201,3,Assignment_1,18.6,20
MRK_6872,STU_10430,DS201,3,Final_Exam,22.8,30
MRK_6873,STU_10430,MA102,3,Quiz_1,16.4,20
MRK_6874,STU_10430,MA102,3,Midterm_Exam,24.5,30
MRK_6875,STU_10430,MA102,3,Assignment_1,20.0,20
MRK_6876,STU_10430,MA102,3,Final_Exam,21.8,30
MRK_6877,STU_10430,SE301,1,Quiz_1,17.7,20
MRK_6878,STU_10430,SE301,1,Midterm_Exam,17.3,30
MRK_6879,STU_10430,SE301,1,Assignment_1,18.9,20
MRK_6880,STU_10430,SE301,1,Final_Exam,26.7,30
MRK_6881,STU_10431,CS101,4,Quiz_1,20.0,20
MRK_6882,STU_10431,CS101,4,Midterm_Exam,27.6,30
MRK_6883,STU_10431,CS101,4,Assignment_1,15.3,20
MRK_6884,STU_10431,CS101,4,Final_Exam,23.2,30
MRK_6885,STU_10431,DS201,4,Quiz_1,14.3,20
MRK_6886,STU_10431,DS201,4,Midterm_Exam,25.3,30
MRK_6887,STU_10431,DS201,4,Assignment_1,19.8,20
MRK_6888,STU_10431,DS201,4,Final_Exam,24.6,30
MRK_6889,STU_10431,MA102,1,Quiz_1,11.3,20
MRK_6890,STU_10431,MA102,1,Midterm_Exam,22.8,30
MRK_6891,STU_10431,MA102,1,Assignment_1,17.6,20
MRK_6892,STU_10431,MA102,1,Final_Exam,21.5,30
MRK_6893,STU_10431,SE301,4,Quiz_1,20.0,20
MRK_6894,STU_10431,SE301,4,Midterm_Exam,9.7,30
MRK_6895,STU_10431,SE301,4,Assignment_1,13.2,20
MRK_6896,STU_10431,SE301,4,Final_Exam,28.5,30
MRK_6897,STU_10432,CS101,4,Quiz_1,20.0,20
MRK_6898,STU_10432,CS101,4,Midterm_Exam,30.0,30
MRK_6899,STU_10432,CS101,4,Assignment_1,16.5,20
MRK_6900,STU_10432,CS101,4,Final_Exam,26.4,30
MRK_6901,STU_10432,DS201,4,Quiz_1,14.2,20
MRK_6902,STU_10432,DS201,4,Midterm_Exam,27.9,30
MRK_6903,STU_10432,DS201,4,Assignment_1,17.5,20
MRK_6904,STU_10432,DS201,4,Final_Exam,27.3,30
MRK_6905,STU_10432,MA102,4,Quiz_1,18.3,20
MRK_6906,STU_10432,MA102,4,Midterm_Exam,23.0,30
MRK_6907,STU_10432,MA102,4,Assignment_1,18.6,20
MRK_6908,STU_10432,MA102,4,Final_Exam,20.5,30
MRK_6909,STU_10432,SE301,1,Quiz_1,18.1,20
MRK_6910,STU_10432,SE301,1,Midterm_Exam,9.3,30
MRK_6911,STU_10432,SE301,1,Assignment_1,16.5,20
MRK_6912,STU_10432,SE301,1,Final_Exam,30.0,30
MRK_6913,STU_10433,CS101,3,Quiz_1,8.4,20
MRK_6914,STU_10433,CS101,3,Midterm_Exam,14.1,30
MRK_6915,STU_10433,CS101,3,Assignment_1,11.8,20
MRK_6916,STU_10433,CS101,3,Final_Exam,7.0,30
MRK_6917,STU_10433,DS201,3,Quiz_1,0.0,20
MRK_6918,STU_10433,DS201,3,Midterm_Exam,3.6,30
MRK_6919,STU_10433,DS201,3,Assignment_1,12.1,20
MRK_6920,STU_10433,DS201,3,Final_Exam,12.9,30
MRK_6921,STU_10433,MA102,1,Quiz_1,0.5,20
MRK_6922,STU_10433,MA102,1,Midterm_Exam,12.8,30
MRK_6923,STU_10433,MA102,1,Assignment_1,5.7,20
MRK_6924,STU_10433,MA102,1,Final_Exam,16.3,30
MRK_6925,STU_10433,SE301,3,Quiz_1,7.8,20
MRK_6926,STU_10433,SE301,3,Midterm_Exam,12.0,30
MRK_6927,STU_10433,SE301,3,Assignment_1,10.7,20
MRK_6928,STU_10433,SE301,3,Final_Exam,18.7,30
MRK_6929,STU_10434,CS101,1,Quiz_1,9.4,20
MRK_6930,STU_10434,CS101,1,Midterm_Exam,21.5,30
MRK_6931,STU_10434,CS101,1,Assignment_1,17.3,20
MRK_6932,STU_10434,CS101,1,Final_Exam,26.7,30
MRK_6933,STU_10434,DS201,4,Quiz_1,18.6,20
MRK_6934,STU_10434,DS201,4,Midterm_Exam,23.0,30
MRK_6935,STU_10434,DS201,4,Assignment_1,16.7,20
MRK_6936,STU_10434,DS201,4,Final_Exam,20.0,30
MRK_6937,STU_10434,MA102,3,Quiz_1,16.0,20
MRK_6938,STU_10434,MA102,3,Midterm_Exam,24.5,30
MRK_6939,STU_10434,MA102,3,Assignment_1,20.0,20
MRK_6940,STU_10434,MA102,3,Final_Exam,30.0,30
MRK_6941,STU_10434,SE301,2,Quiz_1,11.6,20
MRK_6942,STU_10434,SE301,2,Midterm_Exam,23.0,30
MRK_6943,STU_10434,SE301,2,Assignment_1,18.5,20
MRK_6944,STU_10434,SE301,2,Final_Exam,27.9,30
MRK_6945,STU_10435,CS101,4,Quiz_1,7.7,20
MRK_6946,STU_10435,CS101,4,Midterm_Exam,30.0,30
MRK_6947,STU_10435,CS101,4,Assignment_1,17.4,20
MRK_6948,STU_10435,CS101,4,Final_Exam,21.5,30
MRK_6949,STU_10435,DS201,4,Quiz_1,10.0,20
MRK_6950,STU_10435,DS201,4,Midterm_Exam,25.5,30
MRK_6951,STU_10435,DS201,4,Assignment_1,19.0,20
MRK_6952,STU_10435,DS201,4,Final_Exam,26.0,30
MRK_6953,STU_10435,MA102,1,Quiz_1,14.9,20
MRK_6954,STU_10435,MA102,1,Midterm_Exam,16.8,30
MRK_6955,STU_10435,MA102,1,Assignment_1,14.9,20
MRK_6956,STU_10435,MA102,1,Final_Exam,26.7,30
MRK_6957,STU_10435,SE301,2,Quiz_1,17.8,20
MRK_6958,STU_10435,SE301,2,Midterm_Exam,25.5,30
MRK_6959,STU_10435,SE301,2,Assignment_1,15.6,20
MRK_6960,STU_10435,SE301,2,Final_Exam,30.0,30
MRK_6961,STU_10436,CS101,2,Quiz_1,16.5,20
MRK_6962,STU_10436,CS101,2,Midterm_Exam,18.6,30
MRK_6963,STU_10436,CS101,2,Assignment_1,18.4,20
MRK_6964,STU_10436,CS101,2,Final_Exam,30.0,30
MRK_6965,STU_10436,DS201,1,Quiz_1,13.5,20
MRK_6966,STU_10436,DS201,1,Midterm_Exam,26.7,30
MRK_6967,STU_10436,DS201,1,Assignment_1,11.7,20
MRK_6968,STU_10436,DS201,1,Final_Exam,29.7,30
MRK_6969,STU_10436,MA102,4,Quiz_1,13.4,20
MRK_6970,STU_10436,MA102,4,Midterm_Exam,28.9,30
MRK_6971,STU_10436,MA102,4,Assignment_1,16.3,20
MRK_6972,STU_10436,MA102,4,Final_Exam,24.7,30
MRK_6973,STU_10436,SE301,2,Quiz_1,11.1,20
MRK_6974,STU_10436,SE301,2,Midterm_Exam,15.4,30
MRK_6975,STU_10436,SE301,2,Assignment_1,13.2,20
MRK_6976,STU_10436,SE301,2,Final_Exam,21.6,30
MRK_6977,STU_10437,CS101,2,Quiz_1,9.4,20
MRK_6978,STU_10437,CS101,2,Midterm_Exam,7.8,30
MRK_6979,STU_10437,CS101,2,Assignment_1,10.8,20
MRK_6980,STU_10437,CS101,2,Final_Exam,9.8,30
MRK_6981,STU_10437,DS201,3,Quiz_1,4.9,20
MRK_6982,STU_10437,DS201,3,Midterm_Exam,17.3,30
MRK_6983,STU_10437,DS201,3,Assignment_1,14.0,20
MRK_6984,STU_10437,DS201,3,Final_Exam,15.2,30
MRK_6985,STU_10437,MA102,2,Quiz_1,6.5,20
MRK_6986,STU_10437,MA102,2,Midterm_Exam,19.2,30
MRK_6987,STU_10437,MA102,2,Assignment_1,10.9,20
MRK_6988,STU_10437,MA102,2,Final_Exam,6.7,30
MRK_6989,STU_10437,SE301,3,Quiz_1,11.3,20
MRK_6990,STU_10437,SE301,3,Midterm_Exam,14.5,30
MRK_6991,STU_10437,SE301,3,Assignment_1,12.0,20
MRK_6992,STU_10437,SE301,3,Final_Exam,1.8,30
MRK_6993,STU_10438,CS101,2,Quiz_1,18.2,20
MRK_6994,STU_10438,CS101,2,Midterm_Exam,27.1,30
MRK_6995,STU_10438,CS101,2,Assignment_1,18.0,20
MRK_6996,STU_10438,CS101,2,Final_Exam,24.1,30
MRK_6997,STU_10438,DS201,1,Quiz_1,16.2,20
MRK_6998,STU_10438,DS201,1,Midterm_Exam,30.0,30
MRK_6999,STU_10438,DS201,1,Assignment_1,14.8,20
MRK_7000,STU_10438,DS201,1,Final_Exam,24.4,30
MRK_7001,STU_10438,MA102,1,Quiz_1,19.5,20
MRK_7002,STU_10438,MA102,1,Midterm_Exam,30.0,30
MRK_7003,STU_10438,MA102,1,Assignment_1,18.8,20
MRK_7004,STU_10438,MA102,1,Final_Exam,29.6,30
MRK_7005,STU_10438,SE301,4,Quiz_1,15.6,20
MRK_7006,STU_10438,SE301,4,Midterm_Exam,20.3,30
MRK_7007,STU_10438,SE301,4,Assignment_1,20.0,20
MRK_7008,STU_10438,SE301,4,Final_Exam,25.9,30
MRK_7009,STU_10439,CS101,1,Quiz_1,16.7,20
MRK_7010,STU_10439,CS101,1,Midterm_Exam,15.5,30
MRK_7011,STU_10439,CS101,1,Assignment_1,17.6,20
MRK_7012,STU_10439,CS101,1,Final_Exam,29.7,30
MRK_7013,STU_10439,DS201,2,Quiz_1,17.5,20
MRK_7014,STU_10439,DS201,2,Midterm_Exam,29.7,30
MRK_7015,STU_10439,DS201,2,Assignment_1,17.0,20
MRK_7016,STU_10439,DS201,2,Final_Exam,18.3,30
MRK_7017,STU_10439,MA102,3,Quiz_1,12.3,20
MRK_7018,STU_10439,MA102,3,Midterm_Exam,19.7,30
MRK_7019,STU_10439,MA102,3,Assignment_1,17.9,20
MRK_7020,STU_10439,MA102,3,Final_Exam,30.0,30
MRK_7021,STU_10439,SE301,3,Quiz_1,15.3,20
MRK_7022,STU_10439,SE301,3,Midterm_Exam,27.7,30
MRK_7023,STU_10439,SE301,3,Assignment_1,19.6,20
MRK_7024,STU_10439,SE301,3,Final_Exam,23.8,30
MRK_7025,STU_10440,CS101,1,Quiz_1,20.0,20
MRK_7026,STU_10440,CS101,1,Midterm_Exam,21.6,30
MRK_7027,STU_10440,CS101,1,Assignment_1,14.1,20
MRK_7028,STU_10440,CS101,1,Final_Exam,30.0,30
MRK_7029,STU_10440,DS201,3,Quiz_1,7.3,20
MRK_7030,STU_10440,DS201,3,Midterm_Exam,18.3,30
MRK_7031,STU_10440,DS201,3,Assignment_1,13.7,20
MRK_7032,STU_10440,DS201,3,Final_Exam,23.6,30
MRK_7033,STU_10440,MA102,4,Quiz_1,15.5,20
MRK_7034,STU_10440,MA102,4,Midterm_Exam,22.4,30
MRK_7035,STU_10440,MA102,4,Assignment_1,20.0,20
MRK_7036,STU_10440,MA102,4,Final_Exam,28.4,30
MRK_7037,STU_10440,SE301,1,Quiz_1,14.1,20
MRK_7038,STU_10440,SE301,1,Midterm_Exam,24.4,30
MRK_7039,STU_10440,SE301,1,Assignment_1,20.0,20
MRK_7040,STU_10440,SE301,1,Final_Exam,30.0,30
MRK_7041,STU_10441,CS101,3,Quiz_1,7.7,20
MRK_7042,STU_10441,CS101,3,Midterm_Exam,15.8,30
MRK_7043,STU_10441,CS101,3,Assignment_1,10.8,20
MRK_7044,STU_10441,CS101,3,Final_Exam,9.9,30
MRK_7045,STU_10441,DS201,4,Quiz_1,9.7,20
MRK_7046,STU_10441,DS201,4,Midterm_Exam,23.0,30
MRK_7047,STU_10441,DS201,4,Assignment_1,8.9,20
MRK_7048,STU_10441,DS201,4,Final_Exam,12.4,30
MRK_7049,STU_10441,MA102,1,Quiz_1,6.0,20
MRK_7050,STU_10441,MA102,1,Midterm_Exam,19.4,30
MRK_7051,STU_10441,MA102,1,Assignment_1,7.4,20
MRK_7052,STU_10441,MA102,1,Final_Exam,7.0,30
MRK_7053,STU_10441,SE301,3,Quiz_1,14.0,20
MRK_7054,STU_10441,SE301,3,Midterm_Exam,8.4,30
MRK_7055,STU_10441,SE301,3,Assignment_1,7.9,20
MRK_7056,STU_10441,SE301,3,Final_Exam,24.7,30
MRK_7057,STU_10442,CS101,1,Quiz_1,16.6,20
MRK_7058,STU_10442,CS101,1,Midterm_Exam,25.4,30
MRK_7059,STU_10442,CS101,1,Assignment_1,17.9,20
MRK_7060,STU_10442,CS101,1,Final_Exam,30.0,30
MRK_7061,STU_10442,DS201,4,Quiz_1,11.3,20
MRK_7062,STU_10442,DS201,4,Midterm_Exam,21.5,30
MRK_7063,STU_10442,DS201,4,Assignment_1,14.2,20
MRK_7064,STU_10442,DS201,4,Final_Exam,29.4,30
MRK_7065,STU_10442,MA102,3,Quiz_1,19.5,20
MRK_7066,STU_10442,MA102,3,Midterm_Exam,30.0,30
MRK_7067,STU_10442,MA102,3,Assignment_1,13.5,20
MRK_7068,STU_10442,MA102,3,Final_Exam,20.8,30
MRK_7069,STU_10442,SE301,4,Quiz_1,12.4,20
MRK_7070,STU_10442,SE301,4,Midterm_Exam,9.3,30
MRK_7071,STU_10442,SE301,4,Assignment_1,19.3,20
MRK_7072,STU_10442,SE301,4,Final_Exam,30.0,30
MRK_7073,STU_10443,CS101,2,Quiz_1,11.5,20
MRK_7074,STU_10443,CS101,2,Midterm_Exam,20.4,30
MRK_7075,STU_10443,CS101,2,Assignment_1,16.2,20
MRK_7076,STU_10443,CS101,2,Final_Exam,20.6,30
MRK_7077,STU_10443,DS201,1,Quiz_1,12.8,20
MRK_7078,STU_10443,DS201,1,Midterm_Exam,29.6,30
MRK_7079,STU_10443,DS201,1,Assignment_1,20.0,20
MRK_7080,STU_10443,DS201,1,Final_Exam,22.6,30
MRK_7081,STU_10443,MA102,3,Quiz_1,12.8,20
MRK_7082,STU_10443,MA102,3,Midterm_Exam,23.6,30
MRK_7083,STU_10443,MA102,3,Assignment_1,19.1,20
MRK_7084,STU_10443,MA102,3,Final_Exam,18.3,30
MRK_7085,STU_10443,SE301,1,Quiz_1,20.0,20
MRK_7086,STU_10443,SE301,1,Midterm_Exam,27.0,30
MRK_7087,STU_10443,SE301,1,Assignment_1,19.2,20
MRK_7088,STU_10443,SE301,1,Final_Exam,25.1,30
MRK_7089,STU_10444,CS101,3,Quiz_1,15.0,20
MRK_7090,STU_10444,CS101,3,Midterm_Exam,25.1,30
MRK_7091,STU_10444,CS101,3,Assignment_1,18.4,20
MRK_7092,STU_10444,CS101,3,Final_Exam,25.3,30
MRK_7093,STU_10444,DS201,4,Quiz_1,12.0,20
MRK_7094,STU_10444,DS201,4,Midterm_Exam,19.5,30
MRK_7095,STU_10444,DS201,4,Assignment_1,16.8,20
MRK_7096,STU_10444,DS201,4,Final_Exam,28.7,30
MRK_7097,STU_10444,MA102,1,Quiz_1,20.0,20
MRK_7098,STU_10444,MA102,1,Midterm_Exam,25.7,30
MRK_7099,STU_10444,MA102,1,Assignment_1,17.2,20
MRK_7100,STU_10444,MA102,1,Final_Exam,30.0,30
MRK_7101,STU_10444,SE301,4,Quiz_1,18.5,20
MRK_7102,STU_10444,SE301,4,Midterm_Exam,30.0,30
MRK_7103,STU_10444,SE301,4,Assignment_1,18.5,20
MRK_7104,STU_10444,SE301,4,Final_Exam,25.6,30
MRK_7105,STU_10445,CS101,4,Quiz_1,10.8,20
MRK_7106,STU_10445,CS101,4,Midterm_Exam,13.8,30
MRK_7107,STU_10445,CS101,4,Assignment_1,11.3,20
MRK_7108,STU_10445,CS101,4,Final_Exam,12.2,30
MRK_7109,STU_10445,DS201,3,Quiz_1,0.0,20
MRK_7110,STU_10445,DS201,3,Midterm_Exam,1.6,30
MRK_7111,STU_10445,DS201,3,Assignment_1,13.1,20
MRK_7112,STU_10445,DS201,3,Final_Exam,10.6,30
MRK_7113,STU_10445,MA102,1,Quiz_1,0.0,20
MRK_7114,STU_10445,MA102,1,Midterm_Exam,14.4,30
MRK_7115,STU_10445,MA102,1,Assignment_1,9.5,20
MRK_7116,STU_10445,MA102,1,Final_Exam,9.4,30
MRK_7117,STU_10445,SE301,1,Quiz_1,11.4,20
MRK_7118,STU_10445,SE301,1,Midterm_Exam,14.5,30
MRK_7119,STU_10445,SE301,1,Assignment_1,13.0,20
MRK_7120,STU_10445,SE301,1,Final_Exam,12.0,30
MRK_7121,STU_10446,CS101,2,Quiz_1,13.7,20
MRK_7122,STU_10446,CS101,2,Midterm_Exam,30.0,30
MRK_7123,STU_10446,CS101,2,Assignment_1,16.6,20
MRK_7124,STU_10446,CS101,2,Final_Exam,27.8,30
MRK_7125,STU_10446,DS201,4,Quiz_1,16.8,20
MRK_7126,STU_10446,DS201,4,Midterm_Exam,23.5,30
MRK_7127,STU_10446,DS201,4,Assignment_1,19.6,20
MRK_7128,STU_10446,DS201,4,Final_Exam,18.1,30
MRK_7129,STU_10446,MA102,2,Quiz_1,18.9,20
MRK_7130,STU_10446,MA102,2,Midterm_Exam,30.0,30
MRK_7131,STU_10446,MA102,2,Assignment_1,10.2,20
MRK_7132,STU_10446,MA102,2,Final_Exam,25.4,30
MRK_7133,STU_10446,SE301,2,Quiz_1,17.3,20
MRK_7134,STU_10446,SE301,2,Midterm_Exam,20.9,30
MRK_7135,STU_10446,SE301,2,Assignment_1,18.2,20
MRK_7136,STU_10446,SE301,2,Final_Exam,27.0,30
MRK_7137,STU_10447,CS101,2,Quiz_1,13.9,20
MRK_7138,STU_10447,CS101,2,Midterm_Exam,24.0,30
MRK_7139,STU_10447,CS101,2,Assignment_1,20.0,20
MRK_7140,STU_10447,CS101,2,Final_Exam,20.7,30
MRK_7141,STU_10447,DS201,4,Quiz_1,15.0,20
MRK_7142,STU_10447,DS201,4,Midterm_Exam,30.0,30
MRK_7143,STU_10447,DS201,4,Assignment_1,20.0,20
MRK_7144,STU_10447,DS201,4,Final_Exam,27.5,30
MRK_7145,STU_10447,MA102,3,Quiz_1,16.4,20
MRK_7146,STU_10447,MA102,3,Midterm_Exam,27.3,30
MRK_7147,STU_10447,MA102,3,Assignment_1,20.0,20
MRK_7148,STU_10447,MA102,3,Final_Exam,30.0,30
MRK_7149,STU_10447,SE301,3,Quiz_1,18.4,20
MRK_7150,STU_10447,SE301,3,Midterm_Exam,30.0,30
MRK_7151,STU_10447,SE301,3,Assignment_1,15.4,20
MRK_7152,STU_10447,SE301,3,Final_Exam,20.8,30
MRK_7153,STU_10448,CS101,2,Quiz_1,14.1,20
MRK_7154,STU_10448,CS101,2,Midterm_Exam,30.0,30
MRK_7155,STU_10448,CS101,2,Assignment_1,18.6,20
MRK_7156,STU_10448,CS101,2,Final_Exam,28.1,30
MRK_7157,STU_10448,DS201,2,Quiz_1,15.0,20
MRK_7158,STU_10448,DS201,2,Midterm_Exam,30.0,30
MRK_7159,STU_10448,DS201,2,Assignment_1,18.1,20
MRK_7160,STU_10448,DS201,2,Final_Exam,22.7,30
MRK_7161,STU_10448,MA102,4,Quiz_1,15.0,20
MRK_7162,STU_10448,MA102,4,Midterm_Exam,30.0,30
MRK_7163,STU_10448,MA102,4,Assignment_1,14.7,20
MRK_7164,STU_10448,MA102,4,Final_Exam,25.0,30
MRK_7165,STU_10448,SE301,2,Quiz_1,17.3,20
MRK_7166,STU_10448,SE301,2,Midterm_Exam,30.0,30
MRK_7167,STU_10448,SE301,2,Assignment_1,18.6,20
MRK_7168,STU_10448,SE301,2,Final_Exam,29.1,30
MRK_7169,STU_10449,CS101,2,Quiz_1,9.0,20
MRK_7170,STU_10449,CS101,2,Midterm_Exam,15.1,30
MRK_7171,STU_10449,CS101,2,Assignment_1,6.3,20
MRK_7172,STU_10449,CS101,2,Final_Exam,12.6,30
MRK_7173,STU_10449,DS201,4,Quiz_1,2.7,20
MRK_7174,STU_10449,DS201,4,Midterm_Exam,1.0,30
MRK_7175,STU_10449,DS201,4,Assignment_1,12.4,20
MRK_7176,STU_10449,DS201,4,Final_Exam,8.5,30
MRK_7177,STU_10449,MA102,3,Quiz_1,5.5,20
MRK_7178,STU_10449,MA102,3,Midterm_Exam,3.9,30
MRK_7179,STU_10449,MA102,3,Assignment_1,12.0,20
MRK_7180,STU_10449,MA102,3,Final_Exam,13.4,30
MRK_7181,STU_10449,SE301,1,Quiz_1,2.8,20
MRK_7182,STU_10449,SE301,1,Midterm_Exam,4.4,30
MRK_7183,STU_10449,SE301,1,Assignment_1,10.5,20
MRK_7184,STU_10449,SE301,1,Final_Exam,3.7,30
MRK_7185,STU_10450,CS101,1,Quiz_1,15.0,20
MRK_7186,STU_10450,CS101,1,Midterm_Exam,16.3,30
MRK_7187,STU_10450,CS101,1,Assignment_1,18.7,20
MRK_7188,STU_10450,CS101,1,Final_Exam,24.9,30
MRK_7189,STU_10450,DS201,2,Quiz_1,14.6,20
MRK_7190,STU_10450,DS201,2,Midterm_Exam,30.0,30
MRK_7191,STU_10450,DS201,2,Assignment_1,18.5,20
MRK_7192,STU_10450,DS201,2,Final_Exam,29.7,30
MRK_7193,STU_10450,MA102,2,Quiz_1,12.6,20
MRK_7194,STU_10450,MA102,2,Midterm_Exam,30.0,30
MRK_7195,STU_10450,MA102,2,Assignment_1,15.9,20
MRK_7196,STU_10450,MA102,2,Final_Exam,27.0,30
MRK_7197,STU_10450,SE301,2,Quiz_1,20.0,20
MRK_7198,STU_10450,SE301,2,Midterm_Exam,30.0,30
MRK_7199,STU_10450,SE301,2,Assignment_1,17.6,20
MRK_7200,STU_10450,SE301,2,Final_Exam,30.0,30
MRK_7201,STU_10451,CS101,3,Quiz_1,15.2,20
MRK_7202,STU_10451,CS101,3,Midterm_Exam,22.9,30
MRK_7203,STU_10451,CS101,3,Assignment_1,20.0,20
MRK_7204,STU_10451,CS101,3,Final_Exam,26.5,30
MRK_7205,STU_10451,DS201,2,Quiz_1,12.9,20
MRK_7206,STU_10451,DS201,2,Midterm_Exam,20.1,30
MRK_7207,STU_10451,DS201,2,Assignment_1,14.3,20
MRK_7208,STU_10451,DS201,2,Final_Exam,26.8,30
MRK_7209,STU_10451,MA102,1,Quiz_1,15.4,20
MRK_7210,STU_10451,MA102,1,Midterm_Exam,29.5,30
MRK_7211,STU_10451,MA102,1,Assignment_1,16.4,20
MRK_7212,STU_10451,MA102,1,Final_Exam,30.0,30
MRK_7213,STU_10451,SE301,3,Quiz_1,14.6,20
MRK_7214,STU_10451,SE301,3,Midterm_Exam,30.0,30
MRK_7215,STU_10451,SE301,3,Assignment_1,20.0,20
MRK_7216,STU_10451,SE301,3,Final_Exam,30.0,30
MRK_7217,STU_10452,CS101,4,Quiz_1,20.0,20
MRK_7218,STU_10452,CS101,4,Midterm_Exam,20.7,30
MRK_7219,STU_10452,CS101,4,Assignment_1,15.3,20
MRK_7220,STU_10452,CS101,4,Final_Exam,26.4,30
MRK_7221,STU_10452,DS201,2,Quiz_1,18.0,20
MRK_7222,STU_10452,DS201,2,Midterm_Exam,30.0,30
MRK_7223,STU_10452,DS201,2,Assignment_1,15.0,20
MRK_7224,STU_10452,DS201,2,Final_Exam,24.3,30
MRK_7225,STU_10452,MA102,3,Quiz_1,11.8,20
MRK_7226,STU_10452,MA102,3,Midterm_Exam,30.0,30
MRK_7227,STU_10452,MA102,3,Assignment_1,13.2,20
MRK_7228,STU_10452,MA102,3,Final_Exam,17.6,30
MRK_7229,STU_10452,SE301,2,Quiz_1,12.4,20
MRK_7230,STU_10452,SE301,2,Midterm_Exam,24.3,30
MRK_7231,STU_10452,SE301,2,Assignment_1,17.5,20
MRK_7232,STU_10452,SE301,2,Final_Exam,30.0,30
MRK_7233,STU_10453,CS101,1,Quiz_1,14.8,20
MRK_7234,STU_10453,CS101,1,Midterm_Exam,20.2,30
MRK_7235,STU_10453,CS101,1,Assignment_1,7.4,20
MRK_7236,STU_10453,CS101,1,Final_Exam,13.2,30
MRK_7237,STU_10453,DS201,2,Quiz_1,10.7,20
MRK_7238,STU_10453,DS201,2,Midterm_Exam,7.2,30
MRK_7239,STU_10453,DS201,2,Assignment_1,7.3,20
MRK_7240,STU_10453,DS201,2,Final_Exam,15.0,30
MRK_7241,STU_10453,MA102,4,Quiz_1,4.5,20
MRK_7242,STU_10453,MA102,4,Midterm_Exam,13.9,30
MRK_7243,STU_10453,MA102,4,Assignment_1,6.4,20
MRK_7244,STU_10453,MA102,4,Final_Exam,12.6,30
MRK_7245,STU_10453,SE301,1,Quiz_1,10.0,20
MRK_7246,STU_10453,SE301,1,Midterm_Exam,5.8,30
MRK_7247,STU_10453,SE301,1,Assignment_1,6.2,20
MRK_7248,STU_10453,SE301,1,Final_Exam,16.5,30
MRK_7249,STU_10454,CS101,2,Quiz_1,20.0,20
MRK_7250,STU_10454,CS101,2,Midterm_Exam,18.2,30
MRK_7251,STU_10454,CS101,2,Assignment_1,17.4,20
MRK_7252,STU_10454,CS101,2,Final_Exam,29.7,30
MRK_7253,STU_10454,DS201,2,Quiz_1,16.8,20
MRK_7254,STU_10454,DS201,2,Midterm_Exam,15.4,30
MRK_7255,STU_10454,DS201,2,Assignment_1,16.6,20
MRK_7256,STU_10454,DS201,2,Final_Exam,25.7,30
MRK_7257,STU_10454,MA102,2,Quiz_1,13.4,20
MRK_7258,STU_10454,MA102,2,Midterm_Exam,30.0,30
MRK_7259,STU_10454,MA102,2,Assignment_1,20.0,20
MRK_7260,STU_10454,MA102,2,Final_Exam,30.0,30
MRK_7261,STU_10454,SE301,2,Quiz_1,15.8,20
MRK_7262,STU_10454,SE301,2,Midterm_Exam,21.5,30
MRK_7263,STU_10454,SE301,2,Assignment_1,19.6,20
MRK_7264,STU_10454,SE301,2,Final_Exam,21.7,30
MRK_7265,STU_10455,CS101,2,Quiz_1,20.0,20
MRK_7266,STU_10455,CS101,2,Midterm_Exam,25.3,30
MRK_7267,STU_10455,CS101,2,Assignment_1,16.1,20
MRK_7268,STU_10455,CS101,2,Final_Exam,22.8,30
MRK_7269,STU_10455,DS201,1,Quiz_1,20.0,20
MRK_7270,STU_10455,DS201,1,Midterm_Exam,23.0,30
MRK_7271,STU_10455,DS201,1,Assignment_1,20.0,20
MRK_7272,STU_10455,DS201,1,Final_Exam,23.6,30
MRK_7273,STU_10455,MA102,2,Quiz_1,19.3,20
MRK_7274,STU_10455,MA102,2,Midterm_Exam,17.1,30
MRK_7275,STU_10455,MA102,2,Assignment_1,17.1,20
MRK_7276,STU_10455,MA102,2,Final_Exam,23.6,30
MRK_7277,STU_10455,SE301,4,Quiz_1,10.5,20
MRK_7278,STU_10455,SE301,4,Midterm_Exam,22.0,30
MRK_7279,STU_10455,SE301,4,Assignment_1,19.6,20
MRK_7280,STU_10455,SE301,4,Final_Exam,20.4,30
MRK_7281,STU_10456,CS101,4,Quiz_1,15.9,20
MRK_7282,STU_10456,CS101,4,Midterm_Exam,24.1,30
MRK_7283,STU_10456,CS101,4,Assignment_1,12.8,20
MRK_7284,STU_10456,CS101,4,Final_Exam,25.9,30
MRK_7285,STU_10456,DS201,4,Quiz_1,17.7,20
MRK_7286,STU_10456,DS201,4,Midterm_Exam,17.0,30
MRK_7287,STU_10456,DS201,4,Assignment_1,11.8,20
MRK_7288,STU_10456,DS201,4,Final_Exam,22.8,30
MRK_7289,STU_10456,MA102,4,Quiz_1,14.4,20
MRK_7290,STU_10456,MA102,4,Midterm_Exam,29.9,30
MRK_7291,STU_10456,MA102,4,Assignment_1,20.0,20
MRK_7292,STU_10456,MA102,4,Final_Exam,22.9,30
MRK_7293,STU_10456,SE301,3,Quiz_1,6.9,20
MRK_7294,STU_10456,SE301,3,Midterm_Exam,17.1,30
MRK_7295,STU_10456,SE301,3,Assignment_1,17.5,20
MRK_7296,STU_10456,SE301,3,Final_Exam,25.5,30
MRK_7297,STU_10457,CS101,3,Quiz_1,5.6,20
MRK_7298,STU_10457,CS101,3,Midterm_Exam,10.0,30
MRK_7299,STU_10457,CS101,3,Assignment_1,10.7,20
MRK_7300,STU_10457,CS101,3,Final_Exam,7.6,30
MRK_7301,STU_10457,DS201,2,Quiz_1,10.6,20
MRK_7302,STU_10457,DS201,2,Midterm_Exam,17.2,30
MRK_7303,STU_10457,DS201,2,Assignment_1,10.5,20
MRK_7304,STU_10457,DS201,2,Final_Exam,17.5,30
MRK_7305,STU_10457,MA102,4,Quiz_1,1.9,20
MRK_7306,STU_10457,MA102,4,Midterm_Exam,4.8,30
MRK_7307,STU_10457,MA102,4,Assignment_1,8.9,20
MRK_7308,STU_10457,MA102,4,Final_Exam,7.7,30
MRK_7309,STU_10457,SE301,2,Quiz_1,16.6,20
MRK_7310,STU_10457,SE301,2,Midterm_Exam,16.7,30
MRK_7311,STU_10457,SE301,2,Assignment_1,11.7,20
MRK_7312,STU_10457,SE301,2,Final_Exam,4.3,30
MRK_7313,STU_10458,CS101,1,Quiz_1,20.0,20
MRK_7314,STU_10458,CS101,1,Midterm_Exam,14.7,30
MRK_7315,STU_10458,CS101,1,Assignment_1,17.4,20
MRK_7316,STU_10458,CS101,1,Final_Exam,21.7,30
MRK_7317,STU_10458,DS201,2,Quiz_1,8.1,20
MRK_7318,STU_10458,DS201,2,Midterm_Exam,15.3,30
MRK_7319,STU_10458,DS201,2,Assignment_1,20.0,20
MRK_7320,STU_10458,DS201,2,Final_Exam,18.3,30
MRK_7321,STU_10458,MA102,1,Quiz_1,18.7,20
MRK_7322,STU_10458,MA102,1,Midterm_Exam,16.1,30
MRK_7323,STU_10458,MA102,1,Assignment_1,15.2,20
MRK_7324,STU_10458,MA102,1,Final_Exam,28.0,30
MRK_7325,STU_10458,SE301,1,Quiz_1,19.6,20
MRK_7326,STU_10458,SE301,1,Midterm_Exam,23.3,30
MRK_7327,STU_10458,SE301,1,Assignment_1,20.0,20
MRK_7328,STU_10458,SE301,1,Final_Exam,24.8,30
MRK_7329,STU_10459,CS101,3,Quiz_1,20.0,20
MRK_7330,STU_10459,CS101,3,Midterm_Exam,19.1,30
MRK_7331,STU_10459,CS101,3,Assignment_1,15.7,20
MRK_7332,STU_10459,CS101,3,Final_Exam,23.3,30
MRK_7333,STU_10459,DS201,4,Quiz_1,17.5,20
MRK_7334,STU_10459,DS201,4,Midterm_Exam,10.5,30
MRK_7335,STU_10459,DS201,4,Assignment_1,13.8,20
MRK_7336,STU_10459,DS201,4,Final_Exam,21.4,30
MRK_7337,STU_10459,MA102,4,Quiz_1,14.9,20
MRK_7338,STU_10459,MA102,4,Midterm_Exam,23.0,30
MRK_7339,STU_10459,MA102,4,Assignment_1,19.4,20
MRK_7340,STU_10459,MA102,4,Final_Exam,25.4,30
MRK_7341,STU_10459,SE301,1,Quiz_1,16.7,20
MRK_7342,STU_10459,SE301,1,Midterm_Exam,27.4,30
MRK_7343,STU_10459,SE301,1,Assignment_1,17.5,20
MRK_7344,STU_10459,SE301,1,Final_Exam,25.2,30
MRK_7345,STU_10460,CS101,3,Quiz_1,19.7,20
MRK_7346,STU_10460,CS101,3,Midterm_Exam,17.2,30
MRK_7347,STU_10460,CS101,3,Assignment_1,18.1,20
MRK_7348,STU_10460,CS101,3,Final_Exam,23.9,30
MRK_7349,STU_10460,DS201,3,Quiz_1,13.8,20
MRK_7350,STU_10460,DS201,3,Midterm_Exam,20.9,30
MRK_7351,STU_10460,DS201,3,Assignment_1,20.0,20
MRK_7352,STU_10460,DS201,3,Final_Exam,18.6,30
MRK_7353,STU_10460,MA102,3,Quiz_1,17.1,20
MRK_7354,STU_10460,MA102,3,Midterm_Exam,30.0,30
MRK_7355,STU_10460,MA102,3,Assignment_1,14.5,20
MRK_7356,STU_10460,MA102,3,Final_Exam,19.6,30
MRK_7357,STU_10460,SE301,1,Quiz_1,16.4,20
MRK_7358,STU_10460,SE301,1,Midterm_Exam,15.6,30
MRK_7359,STU_10460,SE301,1,Assignment_1,20.0,20
MRK_7360,STU_10460,SE301,1,Final_Exam,25.5,30
MRK_7361,STU_10461,CS101,3,Quiz_1,12.3,20
MRK_7362,STU_10461,CS101,3,Midterm_Exam,22.4,30
MRK_7363,STU_10461,CS101,3,Assignment_1,9.9,20
MRK_7364,STU_10461,CS101,3,Final_Exam,7.6,30
MRK_7365,STU_10461,DS201,4,Quiz_1,8.7,20
MRK_7366,STU_10461,DS201,4,Midterm_Exam,13.1,30
MRK_7367,STU_10461,DS201,4,Assignment_1,12.8,20
MRK_7368,STU_10461,DS201,4,Final_Exam,14.8,30
MRK_7369,STU_10461,MA102,4,Quiz_1,15.1,20
MRK_7370,STU_10461,MA102,4,Midterm_Exam,26.3,30
MRK_7371,STU_10461,MA102,4,Assignment_1,5.0,20
MRK_7372,STU_10461,MA102,4,Final_Exam,8.5,30
MRK_7373,STU_10461,SE301,2,Quiz_1,7.4,20
MRK_7374,STU_10461,SE301,2,Midterm_Exam,8.4,30
MRK_7375,STU_10461,SE301,2,Assignment_1,12.5,20
MRK_7376,STU_10461,SE301,2,Final_Exam,16.9,30
MRK_7377,STU_10462,CS101,1,Quiz_1,20.0,20
MRK_7378,STU_10462,CS101,1,Midterm_Exam,27.8,30
MRK_7379,STU_10462,CS101,1,Assignment_1,17.0,20
MRK_7380,STU_10462,CS101,1,Final_Exam,24.5,30
MRK_7381,STU_10462,DS201,4,Quiz_1,20.0,20
MRK_7382,STU_10462,DS201,4,Midterm_Exam,22.0,30
MRK_7383,STU_10462,DS201,4,Assignment_1,12.6,20
MRK_7384,STU_10462,DS201,4,Final_Exam,19.7,30
MRK_7385,STU_10462,MA102,3,Quiz_1,10.5,20
MRK_7386,STU_10462,MA102,3,Midterm_Exam,20.5,30
MRK_7387,STU_10462,MA102,3,Assignment_1,16.1,20
MRK_7388,STU_10462,MA102,3,Final_Exam,30.0,30
MRK_7389,STU_10462,SE301,2,Quiz_1,14.4,20
MRK_7390,STU_10462,SE301,2,Midterm_Exam,16.5,30
MRK_7391,STU_10462,SE301,2,Assignment_1,13.6,20
MRK_7392,STU_10462,SE301,2,Final_Exam,14.1,30
MRK_7393,STU_10463,CS101,4,Quiz_1,18.3,20
MRK_7394,STU_10463,CS101,4,Midterm_Exam,18.7,30
MRK_7395,STU_10463,CS101,4,Assignment_1,17.6,20
MRK_7396,STU_10463,CS101,4,Final_Exam,22.9,30
MRK_7397,STU_10463,DS201,1,Quiz_1,20.0,20
MRK_7398,STU_10463,DS201,1,Midterm_Exam,28.7,30
MRK_7399,STU_10463,DS201,1,Assignment_1,16.4,20
MRK_7400,STU_10463,DS201,1,Final_Exam,26.7,30
MRK_7401,STU_10463,MA102,3,Quiz_1,20.0,20
MRK_7402,STU_10463,MA102,3,Midterm_Exam,30.0,30
MRK_7403,STU_10463,MA102,3,Assignment_1,13.3,20
MRK_7404,STU_10463,MA102,3,Final_Exam,30.0,30
MRK_7405,STU_10463,SE301,2,Quiz_1,16.8,20
MRK_7406,STU_10463,SE301,2,Midterm_Exam,26.1,30
MRK_7407,STU_10463,SE301,2,Assignment_1,19.6,20
MRK_7408,STU_10463,SE301,2,Final_Exam,21.3,30
MRK_7409,STU_10464,CS101,2,Quiz_1,13.7,20
MRK_7410,STU_10464,CS101,2,Midterm_Exam,19.7,30
MRK_7411,STU_10464,CS101,2,Assignment_1,14.1,20
MRK_7412,STU_10464,CS101,2,Final_Exam,25.6,30
MRK_7413,STU_10464,DS201,2,Quiz_1,18.5,20
MRK_7414,STU_10464,DS201,2,Midterm_Exam,30.0,30
MRK_7415,STU_10464,DS201,2,Assignment_1,20.0,20
MRK_7416,STU_10464,DS201,2,Final_Exam,24.2,30
MRK_7417,STU_10464,MA102,3,Quiz_1,20.0,20
MRK_7418,STU_10464,MA102,3,Midterm_Exam,26.2,30
MRK_7419,STU_10464,MA102,3,Assignment_1,20.0,20
MRK_7420,STU_10464,MA102,3,Final_Exam,19.9,30
MRK_7421,STU_10464,SE301,3,Quiz_1,14.3,20
MRK_7422,STU_10464,SE301,3,Midterm_Exam,23.8,30
MRK_7423,STU_10464,SE301,3,Assignment_1,20.0,20
MRK_7424,STU_10464,SE301,3,Final_Exam,21.5,30
MRK_7425,STU_10465,CS101,3,Quiz_1,7.8,20
MRK_7426,STU_10465,CS101,3,Midterm_Exam,0.0,30
MRK_7427,STU_10465,CS101,3,Assignment_1,9.7,20
MRK_7428,STU_10465,CS101,3,Final_Exam,16.0,30
MRK_7429,STU_10465,DS201,1,Quiz_1,4.6,20
MRK_7430,STU_10465,DS201,1,Midterm_Exam,15.8,30
MRK_7431,STU_10465,DS201,1,Assignment_1,1.8,20
MRK_7432,STU_10465,DS201,1,Final_Exam,10.1,30
MRK_7433,STU_10465,MA102,4,Quiz_1,8.2,20
MRK_7434,STU_10465,MA102,4,Midterm_Exam,13.5,30
MRK_7435,STU_10465,MA102,4,Assignment_1,5.7,20
MRK_7436,STU_10465,MA102,4,Final_Exam,11.5,30
MRK_7437,STU_10465,SE301,2,Quiz_1,11.2,20
MRK_7438,STU_10465,SE301,2,Midterm_Exam,4.6,30
MRK_7439,STU_10465,SE301,2,Assignment_1,5.3,20
MRK_7440,STU_10465,SE301,2,Final_Exam,11.7,30
MRK_7441,STU_10466,CS101,2,Quiz_1,11.6,20
MRK_7442,STU_10466,CS101,2,Midterm_Exam,28.7,30
MRK_7443,STU_10466,CS101,2,Assignment_1,16.3,20
MRK_7444,STU_10466,CS101,2,Final_Exam,25.4,30
MRK_7445,STU_10466,DS201,2,Quiz_1,17.3,20
MRK_7446,STU_10466,DS201,2,Midterm_Exam,15.9,30
MRK_7447,STU_10466,DS201,2,Assignment_1,16.7,20
MRK_7448,STU_10466,DS201,2,Final_Exam,24.8,30
MRK_7449,STU_10466,MA102,3,Quiz_1,18.3,20
MRK_7450,STU_10466,MA102,3,Midterm_Exam,17.2,30
MRK_7451,STU_10466,MA102,3,Assignment_1,20.0,20
MRK_7452,STU_10466,MA102,3,Final_Exam,30.0,30
MRK_7453,STU_10466,SE301,2,Quiz_1,18.6,20
MRK_7454,STU_10466,SE301,2,Midterm_Exam,22.2,30
MRK_7455,STU_10466,SE301,2,Assignment_1,20.0,20
MRK_7456,STU_10466,SE301,2,Final_Exam,24.1,30
MRK_7457,STU_10467,CS101,3,Quiz_1,13.9,20
MRK_7458,STU_10467,CS101,3,Midterm_Exam,23.4,30
MRK_7459,STU_10467,CS101,3,Assignment_1,16.1,20
MRK_7460,STU_10467,CS101,3,Final_Exam,30.0,30
MRK_7461,STU_10467,DS201,2,Quiz_1,16.5,20
MRK_7462,STU_10467,DS201,2,Midterm_Exam,28.9,30
MRK_7463,STU_10467,DS201,2,Assignment_1,17.1,20
MRK_7464,STU_10467,DS201,2,Final_Exam,22.2,30
MRK_7465,STU_10467,MA102,3,Quiz_1,17.8,20
MRK_7466,STU_10467,MA102,3,Midterm_Exam,25.4,30
MRK_7467,STU_10467,MA102,3,Assignment_1,12.1,20
MRK_7468,STU_10467,MA102,3,Final_Exam,15.7,30
MRK_7469,STU_10467,SE301,2,Quiz_1,16.1,20
MRK_7470,STU_10467,SE301,2,Midterm_Exam,24.6,30
MRK_7471,STU_10467,SE301,2,Assignment_1,14.8,20
MRK_7472,STU_10467,SE301,2,Final_Exam,28.4,30
MRK_7473,STU_10468,CS101,3,Quiz_1,16.1,20
MRK_7474,STU_10468,CS101,3,Midterm_Exam,17.4,30
MRK_7475,STU_10468,CS101,3,Assignment_1,20.0,20
MRK_7476,STU_10468,CS101,3,Final_Exam,25.7,30
MRK_7477,STU_10468,DS201,1,Quiz_1,14.5,20
MRK_7478,STU_10468,DS201,1,Midterm_Exam,21.5,30
MRK_7479,STU_10468,DS201,1,Assignment_1,20.0,20
MRK_7480,STU_10468,DS201,1,Final_Exam,24.4,30
MRK_7481,STU_10468,MA102,2,Quiz_1,15.3,20
MRK_7482,STU_10468,MA102,2,Midterm_Exam,26.9,30
MRK_7483,STU_10468,MA102,2,Assignment_1,14.9,20
MRK_7484,STU_10468,MA102,2,Final_Exam,24.1,30
MRK_7485,STU_10468,SE301,2,Quiz_1,14.3,20
MRK_7486,STU_10468,SE301,2,Midterm_Exam,16.6,30
MRK_7487,STU_10468,SE301,2,Assignment_1,17.0,20
MRK_7488,STU_10468,SE301,2,Final_Exam,27.3,30
MRK_7489,STU_10469,CS101,4,Quiz_1,7.7,20
MRK_7490,STU_10469,CS101,4,Midterm_Exam,18.4,30
MRK_7491,STU_10469,CS101,4,Assignment_1,3.9,20
MRK_7492,STU_10469,CS101,4,Final_Exam,10.1,30
MRK_7493,STU_10469,DS201,2,Quiz_1,9.8,20
MRK_7494,STU_10469,DS201,2,Midterm_Exam,6.7,30
MRK_7495,STU_10469,DS201,2,Assignment_1,11.5,20
MRK_7496,STU_10469,DS201,2,Final_Exam,6.2,30
MRK_7497,STU_10469,MA102,3,Quiz_1,7.8,20
MRK_7498,STU_10469,MA102,3,Midterm_Exam,6.5,30
MRK_7499,STU_10469,MA102,3,Assignment_1,8.0,20
MRK_7500,STU_10469,MA102,3,Final_Exam,9.3,30
MRK_7501,STU_10469,SE301,4,Quiz_1,1.4,20
MRK_7502,STU_10469,SE301,4,Midterm_Exam,0.0,30
MRK_7503,STU_10469,SE301,4,Assignment_1,8.6,20
MRK_7504,STU_10469,SE301,4,Final_Exam,8.6,30
MRK_7505,STU_10470,CS101,3,Quiz_1,8.8,20
MRK_7506,STU_10470,CS101,3,Midterm_Exam,24.6,30
MRK_7507,STU_10470,CS101,3,Assignment_1,14.3,20
MRK_7508,STU_10470,CS101,3,Final_Exam,14.7,30
MRK_7509,STU_10470,DS201,3,Quiz_1,17.2,20
MRK_7510,STU_10470,DS201,3,Midterm_Exam,16.2,30
MRK_7511,STU_10470,DS201,3,Assignment_1,15.2,20
MRK_7512,STU_10470,DS201,3,Final_Exam,27.9,30
MRK_7513,STU_10470,MA102,4,Quiz_1,7.7,20
MRK_7514,STU_10470,MA102,4,Midterm_Exam,18.8,30
MRK_7515,STU_10470,MA102,4,Assignment_1,14.0,20
MRK_7516,STU_10470,MA102,4,Final_Exam,30.0,30
MRK_7517,STU_10470,SE301,1,Quiz_1,20.0,20
MRK_7518,STU_10470,SE301,1,Midterm_Exam,30.0,30
MRK_7519,STU_10470,SE301,1,Assignment_1,10.0,20
MRK_7520,STU_10470,SE301,1,Final_Exam,27.0,30
MRK_7521,STU_10471,CS101,3,Quiz_1,6.8,20
MRK_7522,STU_10471,CS101,3,Midterm_Exam,30.0,30
MRK_7523,STU_10471,CS101,3,Assignment_1,16.2,20
MRK_7524,STU_10471,CS101,3,Final_Exam,30.0,30
MRK_7525,STU_10471,DS201,2,Quiz_1,14.4,20
MRK_7526,STU_10471,DS201,2,Midterm_Exam,28.3,30
MRK_7527,STU_10471,DS201,2,Assignment_1,15.9,20
MRK_7528,STU_10471,DS201,2,Final_Exam,29.5,30
MRK_7529,STU_10471,MA102,3,Quiz_1,14.8,20
MRK_7530,STU_10471,MA102,3,Midterm_Exam,30.0,30
MRK_7531,STU_10471,MA102,3,Assignment_1,15.3,20
MRK_7532,STU_10471,MA102,3,Final_Exam,23.9,30
MRK_7533,STU_10471,SE301,1,Quiz_1,19.6,20
MRK_7534,STU_10471,SE301,1,Midterm_Exam,28.4,30
MRK_7535,STU_10471,SE301,1,Assignment_1,15.3,20
MRK_7536,STU_10471,SE301,1,Final_Exam,27.5,30
MRK_7537,STU_10472,CS101,2,Quiz_1,20.0,20
MRK_7538,STU_10472,CS101,2,Midterm_Exam,22.2,30
MRK_7539,STU_10472,CS101,2,Assignment_1,14.8,20
MRK_7540,STU_10472,CS101,2,Final_Exam,24.5,30
MRK_7541,STU_10472,DS201,2,Quiz_1,14.9,20
MRK_7542,STU_10472,DS201,2,Midterm_Exam,20.7,30
MRK_7543,STU_10472,DS201,2,Assignment_1,17.1,20
MRK_7544,STU_10472,DS201,2,Final_Exam,12.8,30
MRK_7545,STU_10472,MA102,4,Quiz_1,16.0,20
MRK_7546,STU_10472,MA102,4,Midterm_Exam,19.7,30
MRK_7547,STU_10472,MA102,4,Assignment_1,18.3,20
MRK_7548,STU_10472,MA102,4,Final_Exam,22.9,30
MRK_7549,STU_10472,SE301,4,Quiz_1,8.6,20
MRK_7550,STU_10472,SE301,4,Midterm_Exam,11.3,30
MRK_7551,STU_10472,SE301,4,Assignment_1,19.1,20
MRK_7552,STU_10472,SE301,4,Final_Exam,16.3,30
MRK_7553,STU_10473,CS101,2,Quiz_1,4.6,20
MRK_7554,STU_10473,CS101,2,Midterm_Exam,16.9,30
MRK_7555,STU_10473,CS101,2,Assignment_1,7.2,20
MRK_7556,STU_10473,CS101,2,Final_Exam,9.6,30
MRK_7557,STU_10473,DS201,1,Quiz_1,8.4,20
MRK_7558,STU_10473,DS201,1,Midterm_Exam,10.2,30
MRK_7559,STU_10473,DS201,1,Assignment_1,8.8,20
MRK_7560,STU_10473,DS201,1,Final_Exam,9.4,30
MRK_7561,STU_10473,MA102,1,Quiz_1,7.7,20
MRK_7562,STU_10473,MA102,1,Midterm_Exam,16.0,30
MRK_7563,STU_10473,MA102,1,Assignment_1,12.0,20
MRK_7564,STU_10473,MA102,1,Final_Exam,8.2,30
MRK_7565,STU_10473,SE301,1,Quiz_1,7.0,20
MRK_7566,STU_10473,SE301,1,Midterm_Exam,3.6,30
MRK_7567,STU_10473,SE301,1,Assignment_1,9.9,20
MRK_7568,STU_10473,SE301,1,Final_Exam,12.6,30
MRK_7569,STU_10474,CS101,3,Quiz_1,17.9,20
MRK_7570,STU_10474,CS101,3,Midterm_Exam,21.4,30
MRK_7571,STU_10474,CS101,3,Assignment_1,14.4,20
MRK_7572,STU_10474,CS101,3,Final_Exam,24.9,30
MRK_7573,STU_10474,DS201,3,Quiz_1,15.6,20
MRK_7574,STU_10474,DS201,3,Midterm_Exam,24.6,30
MRK_7575,STU_10474,DS201,3,Assignment_1,18.8,20
MRK_7576,STU_10474,DS201,3,Final_Exam,16.0,30
MRK_7577,STU_10474,MA102,4,Quiz_1,17.5,20
MRK_7578,STU_10474,MA102,4,Midterm_Exam,26.1,30
MRK_7579,STU_10474,MA102,4,Assignment_1,16.1,20
MRK_7580,STU_10474,MA102,4,Final_Exam,26.3,30
MRK_7581,STU_10474,SE301,3,Quiz_1,14.6,20
MRK_7582,STU_10474,SE301,3,Midterm_Exam,30.0,30
MRK_7583,STU_10474,SE301,3,Assignment_1,19.8,20
MRK_7584,STU_10474,SE301,3,Final_Exam,26.6,30
MRK_7585,STU_10475,CS101,4,Quiz_1,14.6,20
MRK_7586,STU_10475,CS101,4,Midterm_Exam,30.0,30
MRK_7587,STU_10475,CS101,4,Assignment_1,19.6,20
MRK_7588,STU_10475,CS101,4,Final_Exam,30.0,30
MRK_7589,STU_10475,DS201,1,Quiz_1,10.4,20
MRK_7590,STU_10475,DS201,1,Midterm_Exam,9.9,30
MRK_7591,STU_10475,DS201,1,Assignment_1,16.4,20
MRK_7592,STU_10475,DS201,1,Final_Exam,20.7,30
MRK_7593,STU_10475,MA102,4,Quiz_1,14.8,20
MRK_7594,STU_10475,MA102,4,Midterm_Exam,26.6,30
MRK_7595,STU_10475,MA102,4,Assignment_1,12.1,20
MRK_7596,STU_10475,MA102,4,Final_Exam,30.0,30
MRK_7597,STU_10475,SE301,3,Quiz_1,20.0,20
MRK_7598,STU_10475,SE301,3,Midterm_Exam,18.1,30
MRK_7599,STU_10475,SE301,3,Assignment_1,14.6,20
MRK_7600,STU_10475,SE301,3,Final_Exam,25.4,30
MRK_7601,STU_10476,CS101,1,Quiz_1,16.5,20
MRK_7602,STU_10476,CS101,1,Midterm_Exam,21.1,30
MRK_7603,STU_10476,CS101,1,Assignment_1,19.4,20
MRK_7604,STU_10476,CS101,1,Final_Exam,30.0,30
MRK_7605,STU_10476,DS201,4,Quiz_1,20.0,20
MRK_7606,STU_10476,DS201,4,Midterm_Exam,20.5,30
MRK_7607,STU_10476,DS201,4,Assignment_1,16.0,20
MRK_7608,STU_10476,DS201,4,Final_Exam,25.1,30
MRK_7609,STU_10476,MA102,1,Quiz_1,20.0,20
MRK_7610,STU_10476,MA102,1,Midterm_Exam,24.3,30
MRK_7611,STU_10476,MA102,1,Assignment_1,16.6,20
MRK_7612,STU_10476,MA102,1,Final_Exam,29.6,30
MRK_7613,STU_10476,SE301,4,Quiz_1,14.2,20
MRK_7614,STU_10476,SE301,4,Midterm_Exam,20.9,30
MRK_7615,STU_10476,SE301,4,Assignment_1,15.2,20
MRK_7616,STU_10476,SE301,4,Final_Exam,29.8,30
MRK_7617,STU_10477,CS101,2,Quiz_1,5.6,20
MRK_7618,STU_10477,CS101,2,Midterm_Exam,5.7,30
MRK_7619,STU_10477,CS101,2,Assignment_1,7.9,20
MRK_7620,STU_10477,CS101,2,Final_Exam,8.3,30
MRK_7621,STU_10477,DS201,3,Quiz_1,12.7,20
MRK_7622,STU_10477,DS201,3,Midterm_Exam,0.0,30
MRK_7623,STU_10477,DS201,3,Assignment_1,16.5,20
MRK_7624,STU_10477,DS201,3,Final_Exam,6.7,30
MRK_7625,STU_10477,MA102,2,Quiz_1,0.0,20
MRK_7626,STU_10477,MA102,2,Midterm_Exam,18.6,30
MRK_7627,STU_10477,MA102,2,Assignment_1,10.2,20
MRK_7628,STU_10477,MA102,2,Final_Exam,13.8,30
MRK_7629,STU_10477,SE301,4,Quiz_1,13.4,20
MRK_7630,STU_10477,SE301,4,Midterm_Exam,15.0,30
MRK_7631,STU_10477,SE301,4,Assignment_1,12.4,20
MRK_7632,STU_10477,SE301,4,Final_Exam,12.4,30
MRK_7633,STU_10478,CS101,4,Quiz_1,16.1,20
MRK_7634,STU_10478,CS101,4,Midterm_Exam,28.4,30
MRK_7635,STU_10478,CS101,4,Assignment_1,12.5,20
MRK_7636,STU_10478,CS101,4,Final_Exam,30.0,30
MRK_7637,STU_10478,DS201,1,Quiz_1,16.2,20
MRK_7638,STU_10478,DS201,1,Midterm_Exam,30.0,30
MRK_7639,STU_10478,DS201,1,Assignment_1,14.5,20
MRK_7640,STU_10478,DS201,1,Final_Exam,21.6,30
MRK_7641,STU_10478,MA102,1,Quiz_1,10.8,20
MRK_7642,STU_10478,MA102,1,Midterm_Exam,26.6,30
MRK_7643,STU_10478,MA102,1,Assignment_1,16.7,20
MRK_7644,STU_10478,MA102,1,Final_Exam,29.9,30
MRK_7645,STU_10478,SE301,4,Quiz_1,19.6,20
MRK_7646,STU_10478,SE301,4,Midterm_Exam,24.7,30
MRK_7647,STU_10478,SE301,4,Assignment_1,15.2,20
MRK_7648,STU_10478,SE301,4,Final_Exam,23.0,30
MRK_7649,STU_10479,CS101,1,Quiz_1,13.2,20
MRK_7650,STU_10479,CS101,1,Midterm_Exam,21.6,30
MRK_7651,STU_10479,CS101,1,Assignment_1,20.0,20
MRK_7652,STU_10479,CS101,1,Final_Exam,23.3,30
MRK_7653,STU_10479,DS201,3,Quiz_1,11.9,20
MRK_7654,STU_10479,DS201,3,Midterm_Exam,18.6,30
MRK_7655,STU_10479,DS201,3,Assignment_1,15.3,20
MRK_7656,STU_10479,DS201,3,Final_Exam,20.9,30
MRK_7657,STU_10479,MA102,3,Quiz_1,14.1,20
MRK_7658,STU_10479,MA102,3,Midterm_Exam,21.4,30
MRK_7659,STU_10479,MA102,3,Assignment_1,13.2,20
MRK_7660,STU_10479,MA102,3,Final_Exam,22.5,30
MRK_7661,STU_10479,SE301,2,Quiz_1,13.9,20
MRK_7662,STU_10479,SE301,2,Midterm_Exam,25.9,30
MRK_7663,STU_10479,SE301,2,Assignment_1,19.6,20
MRK_7664,STU_10479,SE301,2,Final_Exam,23.5,30
MRK_7665,STU_10480,CS101,3,Quiz_1,12.8,20
MRK_7666,STU_10480,CS101,3,Midterm_Exam,25.7,30
MRK_7667,STU_10480,CS101,3,Assignment_1,17.7,20
MRK_7668,STU_10480,CS101,3,Final_Exam,18.2,30
MRK_7669,STU_10480,DS201,3,Quiz_1,13.3,20
MRK_7670,STU_10480,DS201,3,Midterm_Exam,3.8,30
MRK_7671,STU_10480,DS201,3,Assignment_1,17.9,20
MRK_7672,STU_10480,DS201,3,Final_Exam,24.6,30
MRK_7673,STU_10480,MA102,1,Quiz_1,15.2,20
MRK_7674,STU_10480,MA102,1,Midterm_Exam,24.5,30
MRK_7675,STU_10480,MA102,1,Assignment_1,15.0,20
MRK_7676,STU_10480,MA102,1,Final_Exam,27.0,30
MRK_7677,STU_10480,SE301,1,Quiz_1,15.0,20
MRK_7678,STU_10480,SE301,1,Midterm_Exam,18.3,30
MRK_7679,STU_10480,SE301,1,Assignment_1,20.0,20
MRK_7680,STU_10480,SE301,1,Final_Exam,23.4,30
MRK_7681,STU_10481,CS101,2,Quiz_1,14.6,20
MRK_7682,STU_10481,CS101,2,Midterm_Exam,21.7,30
MRK_7683,STU_10481,CS101,2,Assignment_1,10.5,20
MRK_7684,STU_10481,CS101,2,Final_Exam,8.2,30
MRK_7685,STU_10481,DS201,2,Quiz_1,6.2,20
MRK_7686,STU_10481,DS201,2,Midterm_Exam,22.3,30
MRK_7687,STU_10481,DS201,2,Assignment_1,9.4,20
MRK_7688,STU_10481,DS201,2,Final_Exam,12.1,30
MRK_7689,STU_10481,MA102,2,Quiz_1,10.5,20
MRK_7690,STU_10481,MA102,2,Midterm_Exam,21.1,30
MRK_7691,STU_10481,MA102,2,Assignment_1,7.2,20
MRK_7692,STU_10481,MA102,2,Final_Exam,13.6,30
MRK_7693,STU_10481,SE301,3,Quiz_1,8.4,20
MRK_7694,STU_10481,SE301,3,Midterm_Exam,9.4,30
MRK_7695,STU_10481,SE301,3,Assignment_1,6.4,20
MRK_7696,STU_10481,SE301,3,Final_Exam,23.8,30
MRK_7697,STU_10482,CS101,4,Quiz_1,20.0,20
MRK_7698,STU_10482,CS101,4,Midterm_Exam,18.3,30
MRK_7699,STU_10482,CS101,4,Assignment_1,20.0,20
MRK_7700,STU_10482,CS101,4,Final_Exam,20.0,30
MRK_7701,STU_10482,DS201,4,Quiz_1,12.6,20
MRK_7702,STU_10482,DS201,4,Midterm_Exam,22.3,30
MRK_7703,STU_10482,DS201,4,Assignment_1,18.3,20
MRK_7704,STU_10482,DS201,4,Final_Exam,24.0,30
MRK_7705,STU_10482,MA102,4,Quiz_1,10.3,20
MRK_7706,STU_10482,MA102,4,Midterm_Exam,25.8,30
MRK_7707,STU_10482,MA102,4,Assignment_1,20.0,20
MRK_7708,STU_10482,MA102,4,Final_Exam,25.7,30
MRK_7709,STU_10482,SE301,3,Quiz_1,12.1,20
MRK_7710,STU_10482,SE301,3,Midterm_Exam,21.2,30
MRK_7711,STU_10482,SE301,3,Assignment_1,15.6,20
MRK_7712,STU_10482,SE301,3,Final_Exam,18.6,30
MRK_7713,STU_10483,CS101,1,Quiz_1,10.7,20
MRK_7714,STU_10483,CS101,1,Midterm_Exam,28.1,30
MRK_7715,STU_10483,CS101,1,Assignment_1,20.0,20
MRK_7716,STU_10483,CS101,1,Final_Exam,24.4,30
MRK_7717,STU_10483,DS201,1,Quiz_1,18.8,20
MRK_7718,STU_10483,DS201,1,Midterm_Exam,29.0,30
MRK_7719,STU_10483,DS201,1,Assignment_1,17.7,20
MRK_7720,STU_10483,DS201,1,Final_Exam,25.5,30
MRK_7721,STU_10483,MA102,2,Quiz_1,19.0,20
MRK_7722,STU_10483,MA102,2,Midterm_Exam,22.6,30
MRK_7723,STU_10483,MA102,2,Assignment_1,11.0,20
MRK_7724,STU_10483,MA102,2,Final_Exam,21.7,30
MRK_7725,STU_10483,SE301,4,Quiz_1,20.0,20
MRK_7726,STU_10483,SE301,4,Midterm_Exam,26.8,30
MRK_7727,STU_10483,SE301,4,Assignment_1,20.0,20
MRK_7728,STU_10483,SE301,4,Final_Exam,24.7,30
MRK_7729,STU_10484,CS101,4,Quiz_1,16.4,20
MRK_7730,STU_10484,CS101,4,Midterm_Exam,22.6,30
MRK_7731,STU_10484,CS101,4,Assignment_1,17.1,20
MRK_7732,STU_10484,CS101,4,Final_Exam,24.1,30
MRK_7733,STU_10484,DS201,1,Quiz_1,16.8,20
MRK_7734,STU_10484,DS201,1,Midterm_Exam,26.7,30
MRK_7735,STU_10484,DS201,1,Assignment_1,14.0,20
MRK_7736,STU_10484,DS201,1,Final_Exam,22.7,30
MRK_7737,STU_10484,MA102,4,Quiz_1,20.0,20
MRK_7738,STU_10484,MA102,4,Midterm_Exam,19.1,30
MRK_7739,STU_10484,MA102,4,Assignment_1,12.3,20
MRK_7740,STU_10484,MA102,4,Final_Exam,29.2,30
MRK_7741,STU_10484,SE301,4,Quiz_1,19.4,20
MRK_7742,STU_10484,SE301,4,Midterm_Exam,24.2,30
MRK_7743,STU_10484,SE301,4,Assignment_1,12.9,20
MRK_7744,STU_10484,SE301,4,Final_Exam,22.4,30
MRK_7745,STU_10485,CS101,1,Quiz_1,4.7,20
MRK_7746,STU_10485,CS101,1,Midterm_Exam,15.4,30
MRK_7747,STU_10485,CS101,1,Assignment_1,11.0,20
MRK_7748,STU_10485,CS101,1,Final_Exam,15.2,30
MRK_7749,STU_10485,DS201,2,Quiz_1,1.1,20
MRK_7750,STU_10485,DS201,2,Midterm_Exam,30.0,30
MRK_7751,STU_10485,DS201,2,Assignment_1,8.1,20
MRK_7752,STU_10485,DS201,2,Final_Exam,13.3,30
MRK_7753,STU_10485,MA102,3,Quiz_1,14.5,20
MRK_7754,STU_10485,MA102,3,Midterm_Exam,16.3,30
MRK_7755,STU_10485,MA102,3,Assignment_1,11.3,20
MRK_7756,STU_10485,MA102,3,Final_Exam,6.6,30
MRK_7757,STU_10485,SE301,1,Quiz_1,12.0,20
MRK_7758,STU_10485,SE301,1,Midterm_Exam,23.7,30
MRK_7759,STU_10485,SE301,1,Assignment_1,10.3,20
MRK_7760,STU_10485,SE301,1,Final_Exam,2.1,30
MRK_7761,STU_10486,CS101,3,Quiz_1,17.0,20
MRK_7762,STU_10486,CS101,3,Midterm_Exam,27.1,30
MRK_7763,STU_10486,CS101,3,Assignment_1,9.4,20
MRK_7764,STU_10486,CS101,3,Final_Exam,22.9,30
MRK_7765,STU_10486,DS201,3,Quiz_1,12.1,20
MRK_7766,STU_10486,DS201,3,Midterm_Exam,24.0,30
MRK_7767,STU_10486,DS201,3,Assignment_1,14.3,20
MRK_7768,STU_10486,DS201,3,Final_Exam,25.4,30
MRK_7769,STU_10486,MA102,1,Quiz_1,18.5,20
MRK_7770,STU_10486,MA102,1,Midterm_Exam,30.0,30
MRK_7771,STU_10486,MA102,1,Assignment_1,19.1,20
MRK_7772,STU_10486,MA102,1,Final_Exam,26.8,30
MRK_7773,STU_10486,SE301,1,Quiz_1,14.0,20
MRK_7774,STU_10486,SE301,1,Midterm_Exam,20.3,30
MRK_7775,STU_10486,SE301,1,Assignment_1,12.3,20
MRK_7776,STU_10486,SE301,1,Final_Exam,30.0,30
MRK_7777,STU_10487,CS101,1,Quiz_1,18.8,20
MRK_7778,STU_10487,CS101,1,Midterm_Exam,15.0,30
MRK_7779,STU_10487,CS101,1,Assignment_1,12.9,20
MRK_7780,STU_10487,CS101,1,Final_Exam,15.7,30
MRK_7781,STU_10487,DS201,4,Quiz_1,18.1,20
MRK_7782,STU_10487,DS201,4,Midterm_Exam,23.1,30
MRK_7783,STU_10487,DS201,4,Assignment_1,18.2,20
MRK_7784,STU_10487,DS201,4,Final_Exam,26.3,30
MRK_7785,STU_10487,MA102,1,Quiz_1,17.5,20
MRK_7786,STU_10487,MA102,1,Midterm_Exam,25.8,30
MRK_7787,STU_10487,MA102,1,Assignment_1,17.4,20
MRK_7788,STU_10487,MA102,1,Final_Exam,26.3,30
MRK_7789,STU_10487,SE301,3,Quiz_1,6.7,20
MRK_7790,STU_10487,SE301,3,Midterm_Exam,22.1,30
MRK_7791,STU_10487,SE301,3,Assignment_1,15.9,20
MRK_7792,STU_10487,SE301,3,Final_Exam,25.0,30
MRK_7793,STU_10488,CS101,2,Quiz_1,20.0,20
MRK_7794,STU_10488,CS101,2,Midterm_Exam,21.7,30
MRK_7795,STU_10488,CS101,2,Assignment_1,16.7,20
MRK_7796,STU_10488,CS101,2,Final_Exam,22.0,30
MRK_7797,STU_10488,DS201,2,Quiz_1,18.4,20
MRK_7798,STU_10488,DS201,2,Midterm_Exam,26.3,30
MRK_7799,STU_10488,DS201,2,Assignment_1,15.5,20
MRK_7800,STU_10488,DS201,2,Final_Exam,18.9,30
MRK_7801,STU_10488,MA102,4,Quiz_1,20.0,20
MRK_7802,STU_10488,MA102,4,Midterm_Exam,25.2,30
MRK_7803,STU_10488,MA102,4,Assignment_1,16.7,20
MRK_7804,STU_10488,MA102,4,Final_Exam,22.1,30
MRK_7805,STU_10488,SE301,3,Quiz_1,20.0,20
MRK_7806,STU_10488,SE301,3,Midterm_Exam,19.2,30
MRK_7807,STU_10488,SE301,3,Assignment_1,20.0,20
MRK_7808,STU_10488,SE301,3,Final_Exam,29.2,30
MRK_7809,STU_10489,CS101,2,Quiz_1,4.5,20
MRK_7810,STU_10489,CS101,2,Midterm_Exam,10.5,30
MRK_7811,STU_10489,CS101,2,Assignment_1,13.5,20
MRK_7812,STU_10489,CS101,2,Final_Exam,19.5,30
MRK_7813,STU_10489,DS201,2,Quiz_1,9.1,20
MRK_7814,STU_10489,DS201,2,Midterm_Exam,13.5,30
MRK_7815,STU_10489,DS201,2,Assignment_1,14.3,20
MRK_7816,STU_10489,DS201,2,Final_Exam,7.1,30
MRK_7817,STU_10489,MA102,1,Quiz_1,15.1,20
MRK_7818,STU_10489,MA102,1,Midterm_Exam,17.8,30
MRK_7819,STU_10489,MA102,1,Assignment_1,6.9,20
MRK_7820,STU_10489,MA102,1,Final_Exam,19.6,30
MRK_7821,STU_10489,SE301,4,Quiz_1,2.5,20
MRK_7822,STU_10489,SE301,4,Midterm_Exam,3.2,30
MRK_7823,STU_10489,SE301,4,Assignment_1,15.1,20
MRK_7824,STU_10489,SE301,4,Final_Exam,11.5,30
MRK_7825,STU_10490,CS101,2,Quiz_1,20.0,20
MRK_7826,STU_10490,CS101,2,Midterm_Exam,29.6,30
MRK_7827,STU_10490,CS101,2,Assignment_1,17.5,20
MRK_7828,STU_10490,CS101,2,Final_Exam,24.6,30
MRK_7829,STU_10490,DS201,1,Quiz_1,14.9,20
MRK_7830,STU_10490,DS201,1,Midterm_Exam,28.0,30
MRK_7831,STU_10490,DS201,1,Assignment_1,14.1,20
MRK_7832,STU_10490,DS201,1,Final_Exam,30.0,30
MRK_7833,STU_10490,MA102,2,Quiz_1,16.1,20
MRK_7834,STU_10490,MA102,2,Midterm_Exam,20.4,30
MRK_7835,STU_10490,MA102,2,Assignment_1,14.2,20
MRK_7836,STU_10490,MA102,2,Final_Exam,24.6,30
MRK_7837,STU_10490,SE301,1,Quiz_1,20.0,20
MRK_7838,STU_10490,SE301,1,Midterm_Exam,19.1,30
MRK_7839,STU_10490,SE301,1,Assignment_1,15.0,20
MRK_7840,STU_10490,SE301,1,Final_Exam,19.5,30
MRK_7841,STU_10491,CS101,4,Quiz_1,13.0,20
MRK_7842,STU_10491,CS101,4,Midterm_Exam,11.3,30
MRK_7843,STU_10491,CS101,4,Assignment_1,16.8,20
MRK_7844,STU_10491,CS101,4,Final_Exam,27.0,30
MRK_7845,STU_10491,DS201,4,Quiz_1,13.7,20
MRK_7846,STU_10491,DS201,4,Midterm_Exam,30.0,30
MRK_7847,STU_10491,DS201,4,Assignment_1,16.3,20
MRK_7848,STU_10491,DS201,4,Final_Exam,30.0,30
MRK_7849,STU_10491,MA102,4,Quiz_1,13.2,20
MRK_7850,STU_10491,MA102,4,Midterm_Exam,26.5,30
MRK_7851,STU_10491,MA102,4,Assignment_1,16.7,20
MRK_7852,STU_10491,MA102,4,Final_Exam,25.2,30
MRK_7853,STU_10491,SE301,1,Quiz_1,14.9,20
MRK_7854,STU_10491,SE301,1,Midterm_Exam,23.0,30
MRK_7855,STU_10491,SE301,1,Assignment_1,17.1,20
MRK_7856,STU_10491,SE301,1,Final_Exam,18.8,30
MRK_7857,STU_10492,CS101,4,Quiz_1,20.0,20
MRK_7858,STU_10492,CS101,4,Midterm_Exam,27.9,30
MRK_7859,STU_10492,CS101,4,Assignment_1,14.4,20
MRK_7860,STU_10492,CS101,4,Final_Exam,19.9,30
MRK_7861,STU_10492,DS201,2,Quiz_1,19.1,20
MRK_7862,STU_10492,DS201,2,Midterm_Exam,30.0,30
MRK_7863,STU_10492,DS201,2,Assignment_1,17.4,20
MRK_7864,STU_10492,DS201,2,Final_Exam,23.4,30
MRK_7865,STU_10492,MA102,1,Quiz_1,10.5,20
MRK_7866,STU_10492,MA102,1,Midterm_Exam,30.0,30
MRK_7867,STU_10492,MA102,1,Assignment_1,18.2,20
MRK_7868,STU_10492,MA102,1,Final_Exam,24.1,30
MRK_7869,STU_10492,SE301,4,Quiz_1,15.0,20
MRK_7870,STU_10492,SE301,4,Midterm_Exam,23.6,30
MRK_7871,STU_10492,SE301,4,Assignment_1,18.6,20
MRK_7872,STU_10492,SE301,4,Final_Exam,22.5,30
MRK_7873,STU_10493,CS101,2,Quiz_1,9.6,20
MRK_7874,STU_10493,CS101,2,Midterm_Exam,10.6,30
MRK_7875,STU_10493,CS101,2,Assignment_1,3.4,20
MRK_7876,STU_10493,CS101,2,Final_Exam,6.3,30
MRK_7877,STU_10493,DS201,1,Quiz_1,5.8,20
MRK_7878,STU_10493,DS201,1,Midterm_Exam,13.0,30
MRK_7879,STU_10493,DS201,1,Assignment_1,3.3,20
MRK_7880,STU_10493,DS201,1,Final_Exam,10.8,30
MRK_7881,STU_10493,MA102,1,Quiz_1,0.1,20
MRK_7882,STU_10493,MA102,1,Midterm_Exam,17.5,30
MRK_7883,STU_10493,MA102,1,Assignment_1,8.4,20
MRK_7884,STU_10493,MA102,1,Final_Exam,12.4,30
MRK_7885,STU_10493,SE301,3,Quiz_1,0.6,20
MRK_7886,STU_10493,SE301,3,Midterm_Exam,17.6,30
MRK_7887,STU_10493,SE301,3,Assignment_1,9.9,20
MRK_7888,STU_10493,SE301,3,Final_Exam,24.5,30
MRK_7889,STU_10494,CS101,1,Quiz_1,18.2,20
MRK_7890,STU_10494,CS101,1,Midterm_Exam,25.1,30
MRK_7891,STU_10494,CS101,1,Assignment_1,15.6,20
MRK_7892,STU_10494,CS101,1,Final_Exam,19.7,30
MRK_7893,STU_10494,DS201,4,Quiz_1,18.0,20
MRK_7894,STU_10494,DS201,4,Midterm_Exam,25.4,30
MRK_7895,STU_10494,DS201,4,Assignment_1,14.5,20
MRK_7896,STU_10494,DS201,4,Final_Exam,26.2,30
MRK_7897,STU_10494,MA102,3,Quiz_1,15.8,20
MRK_7898,STU_10494,MA102,3,Midterm_Exam,28.1,30
MRK_7899,STU_10494,MA102,3,Assignment_1,20.0,20
MRK_7900,STU_10494,MA102,3,Final_Exam,28.9,30
MRK_7901,STU_10494,SE301,4,Quiz_1,17.3,20
MRK_7902,STU_10494,SE301,4,Midterm_Exam,25.3,30
MRK_7903,STU_10494,SE301,4,Assignment_1,14.0,20
MRK_7904,STU_10494,SE301,4,Final_Exam,28.3,30
MRK_7905,STU_10495,CS101,3,Quiz_1,17.4,20
MRK_7906,STU_10495,CS101,3,Midterm_Exam,11.3,30
MRK_7907,STU_10495,CS101,3,Assignment_1,16.1,20
MRK_7908,STU_10495,CS101,3,Final_Exam,23.0,30
MRK_7909,STU_10495,DS201,3,Quiz_1,11.4,20
MRK_7910,STU_10495,DS201,3,Midterm_Exam,20.4,30
MRK_7911,STU_10495,DS201,3,Assignment_1,17.4,20
MRK_7912,STU_10495,DS201,3,Final_Exam,30.0,30
MRK_7913,STU_10495,MA102,3,Quiz_1,14.6,20
MRK_7914,STU_10495,MA102,3,Midterm_Exam,19.7,30
MRK_7915,STU_10495,MA102,3,Assignment_1,20.0,20
MRK_7916,STU_10495,MA102,3,Final_Exam,30.0,30
MRK_7917,STU_10495,SE301,3,Quiz_1,9.1,20
MRK_7918,STU_10495,SE301,3,Midterm_Exam,30.0,30
MRK_7919,STU_10495,SE301,3,Assignment_1,14.9,20
MRK_7920,STU_10495,SE301,3,Final_Exam,21.4,30
MRK_7921,STU_10496,CS101,1,Quiz_1,12.6,20
MRK_7922,STU_10496,CS101,1,Midterm_Exam,27.4,30
MRK_7923,STU_10496,CS101,1,Assignment_1,19.6,20
MRK_7924,STU_10496,CS101,1,Final_Exam,29.4,30
MRK_7925,STU_10496,DS201,4,Quiz_1,17.2,20
MRK_7926,STU_10496,DS201,4,Midterm_Exam,24.4,30
MRK_7927,STU_10496,DS201,4,Assignment_1,19.8,20
MRK_7928,STU_10496,DS201,4,Final_Exam,16.5,30
MRK_7929,STU_10496,MA102,2,Quiz_1,20.0,20
MRK_7930,STU_10496,MA102,2,Midterm_Exam,28.2,30
MRK_7931,STU_10496,MA102,2,Assignment_1,13.8,20
MRK_7932,STU_10496,MA102,2,Final_Exam,25.8,30
MRK_7933,STU_10496,SE301,4,Quiz_1,12.9,20
MRK_7934,STU_10496,SE301,4,Midterm_Exam,27.3,30
MRK_7935,STU_10496,SE301,4,Assignment_1,19.7,20
MRK_7936,STU_10496,SE301,4,Final_Exam,21.7,30
MRK_7937,STU_10497,CS101,1,Quiz_1,0.0,20
MRK_7938,STU_10497,CS101,1,Midterm_Exam,1.0,30
MRK_7939,STU_10497,CS101,1,Assignment_1,8.1,20
MRK_7940,STU_10497,CS101,1,Final_Exam,13.6,30
MRK_7941,STU_10497,DS201,1,Quiz_1,8.5,20
MRK_7942,STU_10497,DS201,1,Midterm_Exam,14.1,30
MRK_7943,STU_10497,DS201,1,Assignment_1,9.4,20
MRK_7944,STU_10497,DS201,1,Final_Exam,16.2,30
MRK_7945,STU_10497,MA102,3,Quiz_1,11.5,20
MRK_7946,STU_10497,MA102,3,Midterm_Exam,14.6,30
MRK_7947,STU_10497,MA102,3,Assignment_1,4.5,20
MRK_7948,STU_10497,MA102,3,Final_Exam,11.2,30
MRK_7949,STU_10497,SE301,2,Quiz_1,6.7,20
MRK_7950,STU_10497,SE301,2,Midterm_Exam,9.3,30
MRK_7951,STU_10497,SE301,2,Assignment_1,6.3,20
MRK_7952,STU_10497,SE301,2,Final_Exam,11.4,30
MRK_7953,STU_10498,CS101,1,Quiz_1,13.9,20
MRK_7954,STU_10498,CS101,1,Midterm_Exam,26.3,30
MRK_7955,STU_10498,CS101,1,Assignment_1,15.4,20
MRK_7956,STU_10498,CS101,1,Final_Exam,22.7,30
MRK_7957,STU_10498,DS201,2,Quiz_1,16.8,20
MRK_7958,STU_10498,DS201,2,Midterm_Exam,14.8,30
MRK_7959,STU_10498,DS201,2,Assignment_1,20.0,20
MRK_7960,STU_10498,DS201,2,Final_Exam,30.0,30
MRK_7961,STU_10498,MA102,1,Quiz_1,7.6,20
MRK_7962,STU_10498,MA102,1,Midterm_Exam,14.1,30
MRK_7963,STU_10498,MA102,1,Assignment_1,20.0,20
MRK_7964,STU_10498,MA102,1,Final_Exam,29.4,30
MRK_7965,STU_10498,SE301,2,Quiz_1,20.0,20
MRK_7966,STU_10498,SE301,2,Midterm_Exam,22.9,30
MRK_7967,STU_10498,SE301,2,Assignment_1,9.6,20
MRK_7968,STU_10498,SE301,2,Final_Exam,23.2,30
MRK_7969,STU_10499,CS101,1,Quiz_1,16.3,20
MRK_7970,STU_10499,CS101,1,Midterm_Exam,26.5,30
MRK_7971,STU_10499,CS101,1,Assignment_1,20.0,20
MRK_7972,STU_10499,CS101,1,Final_Exam,25.0,30
MRK_7973,STU_10499,DS201,1,Quiz_1,8.3,20
MRK_7974,STU_10499,DS201,1,Midterm_Exam,27.4,30
MRK_7975,STU_10499,DS201,1,Assignment_1,20.0,20
MRK_7976,STU_10499,DS201,1,Final_Exam,30.0,30
MRK_7977,STU_10499,MA102,1,Quiz_1,20.0,20
MRK_7978,STU_10499,MA102,1,Midterm_Exam,30.0,30
MRK_7979,STU_10499,MA102,1,Assignment_1,16.9,20
MRK_7980,STU_10499,MA102,1,Final_Exam,29.6,30
MRK_7981,STU_10499,SE301,2,Quiz_1,10.5,20
MRK_7982,STU_10499,SE301,2,Midterm_Exam,23.4,30
MRK_7983,STU_10499,SE301,2,Assignment_1,11.8,20
MRK_7984,STU_10499,SE301,2,Final_Exam,17.9,30
MRK_7985,STU_10500,CS101,2,Quiz_1,12.6,20
MRK_7986,STU_10500,CS101,2,Midterm_Exam,23.3,30
MRK_7987,STU_10500,CS101,2,Assignment_1,17.0,20
MRK_7988,STU_10500,CS101,2,Final_Exam,30.0,30
MRK_7989,STU_10500,DS201,4,Quiz_1,14.1,20
MRK_7990,STU_10500,DS201,4,Midterm_Exam,23.1,30
MRK_7991,STU_10500,DS201,4,Assignment_1,15.4,20
MRK_7992,STU_10500,DS201,4,Final_Exam,26.5,30
MRK_7993,STU_10500,MA102,2,Quiz_1,20.0,20
MRK_7994,STU_10500,MA102,2,Midterm_Exam,17.9,30
MRK_7995,STU_10500,MA102,2,Assignment_1,18.9,20
MRK_7996,STU_10500,MA102,2,Final_Exam,26.0,30
MRK_7997,STU_10500,SE301,4,Quiz_1,16.3,20
MRK_7998,STU_10500,SE301,4,Midterm_Exam,27.9,30
MRK_7999,STU_10500,SE301,4,Assignment_1,17.8,20
MRK_8000,STU_10500,SE301,4,Final_Exam,17.6,30
MRK_8001,STU_10501,CS101,3,Quiz_1,1.4,20
MRK_8002,STU_10501,CS101,3,Midterm_Exam,13.4,30
MRK_8003,STU_10501,CS101,3,Assignment_1,10.1,20
MRK_8004,STU_10501,CS101,3,Final_Exam,11.4,30
MRK_8005,STU_10501,DS201,1,Quiz_1,5.4,20
MRK_8006,STU_10501,DS201,1,Midterm_Exam,1.4,30
MRK_8007,STU_10501,DS201,1,Assignment_1,7.2,20
MRK_8008,STU_10501,DS201,1,Final_Exam,0.0,30
MRK_8009,STU_10501,MA102,4,Quiz_1,0.0,20
MRK_8010,STU_10501,MA102,4,Midterm_Exam,12.4,30
MRK_8011,STU_10501,MA102,4,Assignment_1,9.8,20
MRK_8012,STU_10501,MA102,4,Final_Exam,19.5,30
MRK_8013,STU_10501,SE301,2,Quiz_1,5.2,20
MRK_8014,STU_10501,SE301,2,Midterm_Exam,14.7,30
MRK_8015,STU_10501,SE301,2,Assignment_1,10.3,20
MRK_8016,STU_10501,SE301,2,Final_Exam,7.4,30
MRK_8017,STU_10502,CS101,3,Quiz_1,20.0,20
MRK_8018,STU_10502,CS101,3,Midterm_Exam,17.4,30
MRK_8019,STU_10502,CS101,3,Assignment_1,20.0,20
MRK_8020,STU_10502,CS101,3,Final_Exam,23.7,30
MRK_8021,STU_10502,DS201,2,Quiz_1,20.0,20
MRK_8022,STU_10502,DS201,2,Midterm_Exam,29.1,30
MRK_8023,STU_10502,DS201,2,Assignment_1,20.0,20
MRK_8024,STU_10502,DS201,2,Final_Exam,18.8,30
MRK_8025,STU_10502,MA102,4,Quiz_1,20.0,20
MRK_8026,STU_10502,MA102,4,Midterm_Exam,21.7,30
MRK_8027,STU_10502,MA102,4,Assignment_1,11.5,20
MRK_8028,STU_10502,MA102,4,Final_Exam,28.4,30
MRK_8029,STU_10502,SE301,2,Quiz_1,11.7,20
MRK_8030,STU_10502,SE301,2,Midterm_Exam,25.0,30
MRK_8031,STU_10502,SE301,2,Assignment_1,20.0,20
MRK_8032,STU_10502,SE301,2,Final_Exam,27.6,30
MRK_8033,STU_10503,CS101,1,Quiz_1,17.7,20
MRK_8034,STU_10503,CS101,1,Midterm_Exam,29.2,30
MRK_8035,STU_10503,CS101,1,Assignment_1,17.9,20
MRK_8036,STU_10503,CS101,1,Final_Exam,26.7,30
MRK_8037,STU_10503,DS201,4,Quiz_1,12.1,20
MRK_8038,STU_10503,DS201,4,Midterm_Exam,30.0,30
MRK_8039,STU_10503,DS201,4,Assignment_1,18.6,20
MRK_8040,STU_10503,DS201,4,Final_Exam,19.1,30
MRK_8041,STU_10503,MA102,3,Quiz_1,15.5,20
MRK_8042,STU_10503,MA102,3,Midterm_Exam,24.3,30
MRK_8043,STU_10503,MA102,3,Assignment_1,14.6,20
MRK_8044,STU_10503,MA102,3,Final_Exam,18.1,30
MRK_8045,STU_10503,SE301,3,Quiz_1,12.1,20
MRK_8046,STU_10503,SE301,3,Midterm_Exam,22.0,30
MRK_8047,STU_10503,SE301,3,Assignment_1,20.0,20
MRK_8048,STU_10503,SE301,3,Final_Exam,22.6,30
MRK_8049,STU_10504,CS101,3,Quiz_1,20.0,20
MRK_8050,STU_10504,CS101,3,Midterm_Exam,19.0,30
MRK_8051,STU_10504,CS101,3,Assignment_1,15.3,20
MRK_8052,STU_10504,CS101,3,Final_Exam,26.0,30
MRK_8053,STU_10504,DS201,3,Quiz_1,12.6,20
MRK_8054,STU_10504,DS201,3,Midterm_Exam,30.0,30
MRK_8055,STU_10504,DS201,3,Assignment_1,18.3,20
MRK_8056,STU_10504,DS201,3,Final_Exam,22.7,30
MRK_8057,STU_10504,MA102,2,Quiz_1,14.9,20
MRK_8058,STU_10504,MA102,2,Midterm_Exam,30.0,30
MRK_8059,STU_10504,MA102,2,Assignment_1,17.5,20
MRK_8060,STU_10504,MA102,2,Final_Exam,26.0,30
MRK_8061,STU_10504,SE301,1,Quiz_1,20.0,20
MRK_8062,STU_10504,SE301,1,Midterm_Exam,30.0,30
MRK_8063,STU_10504,SE301,1,Assignment_1,16.9,20
MRK_8064,STU_10504,SE301,1,Final_Exam,20.9,30
MRK_8065,STU_10505,CS101,4,Quiz_1,13.2,20
MRK_8066,STU_10505,CS101,4,Midterm_Exam,18.1,30
MRK_8067,STU_10505,CS101,4,Assignment_1,8.7,20
MRK_8068,STU_10505,CS101,4,Final_Exam,12.3,30
MRK_8069,STU_10505,DS201,1,Quiz_1,13.0,20
MRK_8070,STU_10505,DS201,1,Midterm_Exam,22.0,30
MRK_8071,STU_10505,DS201,1,Assignment_1,9.1,20
MRK_8072,STU_10505,DS201,1,Final_Exam,15.2,30
MRK_8073,STU_10505,MA102,3,Quiz_1,4.9,20
MRK_8074,STU_10505,MA102,3,Midterm_Exam,4.3,30
MRK_8075,STU_10505,MA102,3,Assignment_1,8.1,20
MRK_8076,STU_10505,MA102,3,Final_Exam,10.0,30
MRK_8077,STU_10505,SE301,3,Quiz_1,12.2,20
MRK_8078,STU_10505,SE301,3,Midterm_Exam,13.6,30
MRK_8079,STU_10505,SE301,3,Assignment_1,4.2,20
MRK_8080,STU_10505,SE301,3,Final_Exam,11.9,30
MRK_8081,STU_10506,CS101,1,Quiz_1,7.7,20
MRK_8082,STU_10506,CS101,1,Midterm_Exam,18.4,30
MRK_8083,STU_10506,CS101,1,Assignment_1,17.7,20
MRK_8084,STU_10506,CS101,1,Final_Exam,29.0,30
MRK_8085,STU_10506,DS201,3,Quiz_1,16.8,20
MRK_8086,STU_10506,DS201,3,Midterm_Exam,21.3,30
MRK_8087,STU_10506,DS201,3,Assignment_1,14.3,20
MRK_8088,STU_10506,DS201,3,Final_Exam,22.2,30
MRK_8089,STU_10506,MA102,4,Quiz_1,20.0,20
MRK_8090,STU_10506,MA102,4,Midterm_Exam,26.1,30
MRK_8091,STU_10506,MA102,4,Assignment_1,20.0,20
MRK_8092,STU_10506,MA102,4,Final_Exam,20.5,30
MRK_8093,STU_10506,SE301,1,Quiz_1,16.1,20
MRK_8094,STU_10506,SE301,1,Midterm_Exam,16.1,30
MRK_8095,STU_10506,SE301,1,Assignment_1,12.9,20
MRK_8096,STU_10506,SE301,1,Final_Exam,19.4,30
MRK_8097,STU_10507,CS101,4,Quiz_1,11.8,20
MRK_8098,STU_10507,CS101,4,Midterm_Exam,16.0,30
MRK_8099,STU_10507,CS101,4,Assignment_1,15.4,20
MRK_8100,STU_10507,CS101,4,Final_Exam,25.6,30
MRK_8101,STU_10507,DS201,4,Quiz_1,14.7,20
MRK_8102,STU_10507,DS201,4,Midterm_Exam,30.0,30
MRK_8103,STU_10507,DS201,4,Assignment_1,15.1,20
MRK_8104,STU_10507,DS201,4,Final_Exam,26.2,30
MRK_8105,STU_10507,MA102,1,Quiz_1,14.5,20
MRK_8106,STU_10507,MA102,1,Midterm_Exam,17.7,30
MRK_8107,STU_10507,MA102,1,Assignment_1,20.0,20
MRK_8108,STU_10507,MA102,1,Final_Exam,30.0,30
MRK_8109,STU_10507,SE301,4,Quiz_1,17.4,20
MRK_8110,STU_10507,SE301,4,Midterm_Exam,20.9,30
MRK_8111,STU_10507,SE301,4,Assignment_1,14.2,20
MRK_8112,STU_10507,SE301,4,Final_Exam,18.8,30
MRK_8113,STU_10508,CS101,2,Quiz_1,9.0,20
MRK_8114,STU_10508,CS101,2,Midterm_Exam,25.1,30
MRK_8115,STU_10508,CS101,2,Assignment_1,16.8,20
MRK_8116,STU_10508,CS101,2,Final_Exam,23.4,30
MRK_8117,STU_10508,DS201,3,Quiz_1,19.8,20
MRK_8118,STU_10508,DS201,3,Midterm_Exam,22.1,30
MRK_8119,STU_10508,DS201,3,Assignment_1,18.5,20
MRK_8120,STU_10508,DS201,3,Final_Exam,30.0,30
MRK_8121,STU_10508,MA102,2,Quiz_1,14.1,20
MRK_8122,STU_10508,MA102,2,Midterm_Exam,30.0,30
MRK_8123,STU_10508,MA102,2,Assignment_1,18.8,20
MRK_8124,STU_10508,MA102,2,Final_Exam,23.7,30
MRK_8125,STU_10508,SE301,3,Quiz_1,9.6,20
MRK_8126,STU_10508,SE301,3,Midterm_Exam,23.2,30
MRK_8127,STU_10508,SE301,3,Assignment_1,17.5,20
MRK_8128,STU_10508,SE301,3,Final_Exam,27.0,30
MRK_8129,STU_10509,CS101,2,Quiz_1,3.7,20
MRK_8130,STU_10509,CS101,2,Midterm_Exam,19.2,30
MRK_8131,STU_10509,CS101,2,Assignment_1,10.6,20
MRK_8132,STU_10509,CS101,2,Final_Exam,16.8,30
MRK_8133,STU_10509,DS201,4,Quiz_1,7.4,20
MRK_8134,STU_10509,DS201,4,Midterm_Exam,18.1,30
MRK_8135,STU_10509,DS201,4,Assignment_1,11.4,20
MRK_8136,STU_10509,DS201,4,Final_Exam,9.8,30
MRK_8137,STU_10509,MA102,2,Quiz_1,9.7,20
MRK_8138,STU_10509,MA102,2,Midterm_Exam,14.5,30
MRK_8139,STU_10509,MA102,2,Assignment_1,3.1,20
MRK_8140,STU_10509,MA102,2,Final_Exam,8.7,30
MRK_8141,STU_10509,SE301,3,Quiz_1,9.5,20
MRK_8142,STU_10509,SE301,3,Midterm_Exam,11.0,30
MRK_8143,STU_10509,SE301,3,Assignment_1,7.3,20
MRK_8144,STU_10509,SE301,3,Final_Exam,12.5,30
MRK_8145,STU_10510,CS101,2,Quiz_1,20.0,20
MRK_8146,STU_10510,CS101,2,Midterm_Exam,22.7,30
MRK_8147,STU_10510,CS101,2,Assignment_1,16.4,20
MRK_8148,STU_10510,CS101,2,Final_Exam,24.1,30
MRK_8149,STU_10510,DS201,3,Quiz_1,16.3,20
MRK_8150,STU_10510,DS201,3,Midterm_Exam,23.9,30
MRK_8151,STU_10510,DS201,3,Assignment_1,14.5,20
MRK_8152,STU_10510,DS201,3,Final_Exam,24.5,30
MRK_8153,STU_10510,MA102,4,Quiz_1,17.0,20
MRK_8154,STU_10510,MA102,4,Midterm_Exam,23.8,30
MRK_8155,STU_10510,MA102,4,Assignment_1,20.0,20
MRK_8156,STU_10510,MA102,4,Final_Exam,30.0,30
MRK_8157,STU_10510,SE301,1,Quiz_1,16.1,20
MRK_8158,STU_10510,SE301,1,Midterm_Exam,21.1,30
MRK_8159,STU_10510,SE301,1,Assignment_1,12.9,20
MRK_8160,STU_10510,SE301,1,Final_Exam,26.0,30
MRK_8161,STU_10511,CS101,4,Quiz_1,20.0,20
MRK_8162,STU_10511,CS101,4,Midterm_Exam,30.0,30
MRK_8163,STU_10511,CS101,4,Assignment_1,20.0,20
MRK_8164,STU_10511,CS101,4,Final_Exam,20.1,30
MRK_8165,STU_10511,DS201,3,Quiz_1,12.7,20
MRK_8166,STU_10511,DS201,3,Midterm_Exam,22.2,30
MRK_8167,STU_10511,DS201,3,Assignment_1,16.4,20
MRK_8168,STU_10511,DS201,3,Final_Exam,22.2,30
MRK_8169,STU_10511,MA102,4,Quiz_1,15.5,20
MRK_8170,STU_10511,MA102,4,Midterm_Exam,21.8,30
MRK_8171,STU_10511,MA102,4,Assignment_1,16.8,20
MRK_8172,STU_10511,MA102,4,Final_Exam,22.0,30
MRK_8173,STU_10511,SE301,3,Quiz_1,14.7,20
MRK_8174,STU_10511,SE301,3,Midterm_Exam,17.6,30
MRK_8175,STU_10511,SE301,3,Assignment_1,16.8,20
MRK_8176,STU_10511,SE301,3,Final_Exam,21.6,30
MRK_8177,STU_10512,CS101,4,Quiz_1,20.0,20
MRK_8178,STU_10512,CS101,4,Midterm_Exam,30.0,30
MRK_8179,STU_10512,CS101,4,Assignment_1,17.1,20
MRK_8180,STU_10512,CS101,4,Final_Exam,26.3,30
MRK_8181,STU_10512,DS201,1,Quiz_1,18.4,20
MRK_8182,STU_10512,DS201,1,Midterm_Exam,13.1,30
MRK_8183,STU_10512,DS201,1,Assignment_1,19.8,20
MRK_8184,STU_10512,DS201,1,Final_Exam,17.7,30
MRK_8185,STU_10512,MA102,2,Quiz_1,16.8,20
MRK_8186,STU_10512,MA102,2,Midterm_Exam,27.5,30
MRK_8187,STU_10512,MA102,2,Assignment_1,15.7,20
MRK_8188,STU_10512,MA102,2,Final_Exam,24.9,30
MRK_8189,STU_10512,SE301,4,Quiz_1,7.3,20
MRK_8190,STU_10512,SE301,4,Midterm_Exam,18.6,30
MRK_8191,STU_10512,SE301,4,Assignment_1,18.2,20
MRK_8192,STU_10512,SE301,4,Final_Exam,26.1,30
MRK_8193,STU_10513,CS101,1,Quiz_1,9.1,20
MRK_8194,STU_10513,CS101,1,Midterm_Exam,18.6,30
MRK_8195,STU_10513,CS101,1,Assignment_1,12.0,20
MRK_8196,STU_10513,CS101,1,Final_Exam,10.7,30
MRK_8197,STU_10513,DS201,4,Quiz_1,6.1,20
MRK_8198,STU_10513,DS201,4,Midterm_Exam,12.8,30
MRK_8199,STU_10513,DS201,4,Assignment_1,2.0,20
MRK_8200,STU_10513,DS201,4,Final_Exam,15.6,30
MRK_8201,STU_10513,MA102,4,Quiz_1,9.2,20
MRK_8202,STU_10513,MA102,4,Midterm_Exam,4.2,30
MRK_8203,STU_10513,MA102,4,Assignment_1,6.1,20
MRK_8204,STU_10513,MA102,4,Final_Exam,10.3,30
MRK_8205,STU_10513,SE301,4,Quiz_1,6.7,20
MRK_8206,STU_10513,SE301,4,Midterm_Exam,13.8,30
MRK_8207,STU_10513,SE301,4,Assignment_1,8.6,20
MRK_8208,STU_10513,SE301,4,Final_Exam,16.3,30
MRK_8209,STU_10514,CS101,2,Quiz_1,10.9,20
MRK_8210,STU_10514,CS101,2,Midterm_Exam,29.1,30
MRK_8211,STU_10514,CS101,2,Assignment_1,16.2,20
MRK_8212,STU_10514,CS101,2,Final_Exam,24.3,30
MRK_8213,STU_10514,DS201,4,Quiz_1,16.5,20
MRK_8214,STU_10514,DS201,4,Midterm_Exam,27.5,30
MRK_8215,STU_10514,DS201,4,Assignment_1,18.5,20
MRK_8216,STU_10514,DS201,4,Final_Exam,24.8,30
MRK_8217,STU_10514,MA102,2,Quiz_1,10.3,20
MRK_8218,STU_10514,MA102,2,Midterm_Exam,26.6,30
MRK_8219,STU_10514,MA102,2,Assignment_1,18.1,20
MRK_8220,STU_10514,MA102,2,Final_Exam,24.0,30
MRK_8221,STU_10514,SE301,3,Quiz_1,20.0,20
MRK_8222,STU_10514,SE301,3,Midterm_Exam,29.8,30
MRK_8223,STU_10514,SE301,3,Assignment_1,12.9,20
MRK_8224,STU_10514,SE301,3,Final_Exam,27.5,30
MRK_8225,STU_10515,CS101,1,Quiz_1,12.8,20
MRK_8226,STU_10515,CS101,1,Midterm_Exam,20.2,30
MRK_8227,STU_10515,CS101,1,Assignment_1,18.2,20
MRK_8228,STU_10515,CS101,1,Final_Exam,27.9,30
MRK_8229,STU_10515,DS201,4,Quiz_1,8.5,20
MRK_8230,STU_10515,DS201,4,Midterm_Exam,25.8,30
MRK_8231,STU_10515,DS201,4,Assignment_1,20.0,20
MRK_8232,STU_10515,DS201,4,Final_Exam,23.4,30
MRK_8233,STU_10515,MA102,3,Quiz_1,18.8,20
MRK_8234,STU_10515,MA102,3,Midterm_Exam,29.5,30
MRK_8235,STU_10515,MA102,3,Assignment_1,15.9,20
MRK_8236,STU_10515,MA102,3,Final_Exam,26.1,30
MRK_8237,STU_10515,SE301,4,Quiz_1,12.8,20
MRK_8238,STU_10515,SE301,4,Midterm_Exam,24.0,30
MRK_8239,STU_10515,SE301,4,Assignment_1,15.3,20
MRK_8240,STU_10515,SE301,4,Final_Exam,30.0,30
MRK_8241,STU_10516,CS101,1,Quiz_1,18.8,20
MRK_8242,STU_10516,CS101,1,Midterm_Exam,28.4,30
MRK_8243,STU_10516,CS101,1,Assignment_1,19.0,20
MRK_8244,STU_10516,CS101,1,Final_Exam,28.5,30
MRK_8245,STU_10516,DS201,4,Quiz_1,19.2,20
MRK_8246,STU_10516,DS201,4,Midterm_Exam,19.3,30
MRK_8247,STU_10516,DS201,4,Assignment_1,18.9,20
MRK_8248,STU_10516,DS201,4,Final_Exam,27.4,30
MRK_8249,STU_10516,MA102,4,Quiz_1,7.3,20
MRK_8250,STU_10516,MA102,4,Midterm_Exam,25.3,30
MRK_8251,STU_10516,MA102,4,Assignment_1,15.7,20
MRK_8252,STU_10516,MA102,4,Final_Exam,19.3,30
MRK_8253,STU_10516,SE301,2,Quiz_1,16.5,20
MRK_8254,STU_10516,SE301,2,Midterm_Exam,10.8,30
MRK_8255,STU_10516,SE301,2,Assignment_1,20.0,20
MRK_8256,STU_10516,SE301,2,Final_Exam,23.3,30
MRK_8257,STU_10517,CS101,1,Quiz_1,10.2,20
MRK_8258,STU_10517,CS101,1,Midterm_Exam,11.4,30
MRK_8259,STU_10517,CS101,1,Assignment_1,6.8,20
MRK_8260,STU_10517,CS101,1,Final_Exam,15.6,30
MRK_8261,STU_10517,DS201,2,Quiz_1,7.0,20
MRK_8262,STU_10517,DS201,2,Midterm_Exam,4.4,30
MRK_8263,STU_10517,DS201,2,Assignment_1,5.3,20
MRK_8264,STU_10517,DS201,2,Final_Exam,8.4,30
MRK_8265,STU_10517,MA102,2,Quiz_1,4.3,20
MRK_8266,STU_10517,MA102,2,Midterm_Exam,15.0,30
MRK_8267,STU_10517,MA102,2,Assignment_1,9.7,20
MRK_8268,STU_10517,MA102,2,Final_Exam,8.3,30
MRK_8269,STU_10517,SE301,3,Quiz_1,16.0,20
MRK_8270,STU_10517,SE301,3,Midterm_Exam,17.4,30
MRK_8271,STU_10517,SE301,3,Assignment_1,12.6,20
MRK_8272,STU_10517,SE301,3,Final_Exam,17.7,30
MRK_8273,STU_10518,CS101,1,Quiz_1,20.0,20
MRK_8274,STU_10518,CS101,1,Midterm_Exam,23.7,30
MRK_8275,STU_10518,CS101,1,Assignment_1,18.5,20
MRK_8276,STU_10518,CS101,1,Final_Exam,26.1,30
MRK_8277,STU_10518,DS201,2,Quiz_1,12.5,20
MRK_8278,STU_10518,DS201,2,Midterm_Exam,24.7,30
MRK_8279,STU_10518,DS201,2,Assignment_1,15.5,20
MRK_8280,STU_10518,DS201,2,Final_Exam,21.1,30
MRK_8281,STU_10518,MA102,2,Quiz_1,20.0,20
MRK_8282,STU_10518,MA102,2,Midterm_Exam,23.1,30
MRK_8283,STU_10518,MA102,2,Assignment_1,14.6,20
MRK_8284,STU_10518,MA102,2,Final_Exam,21.0,30
MRK_8285,STU_10518,SE301,2,Quiz_1,9.2,20
MRK_8286,STU_10518,SE301,2,Midterm_Exam,29.5,30
MRK_8287,STU_10518,SE301,2,Assignment_1,14.1,20
MRK_8288,STU_10518,SE301,2,Final_Exam,30.0,30
MRK_8289,STU_10519,CS101,4,Quiz_1,12.3,20
MRK_8290,STU_10519,CS101,4,Midterm_Exam,15.3,30
MRK_8291,STU_10519,CS101,4,Assignment_1,16.3,20
MRK_8292,STU_10519,CS101,4,Final_Exam,25.4,30
MRK_8293,STU_10519,DS201,3,Quiz_1,20.0,20
MRK_8294,STU_10519,DS201,3,Midterm_Exam,18.9,30
MRK_8295,STU_10519,DS201,3,Assignment_1,16.1,20
MRK_8296,STU_10519,DS201,3,Final_Exam,27.3,30
MRK_8297,STU_10519,MA102,3,Quiz_1,16.1,20
MRK_8298,STU_10519,MA102,3,Midterm_Exam,25.7,30
MRK_8299,STU_10519,MA102,3,Assignment_1,18.0,20
MRK_8300,STU_10519,MA102,3,Final_Exam,24.1,30
MRK_8301,STU_10519,SE301,4,Quiz_1,20.0,20
MRK_8302,STU_10519,SE301,4,Midterm_Exam,30.0,30
MRK_8303,STU_10519,SE301,4,Assignment_1,15.1,20
MRK_8304,STU_10519,SE301,4,Final_Exam,27.3,30
MRK_8305,STU_10520,CS101,3,Quiz_1,15.1,20
MRK_8306,STU_10520,CS101,3,Midterm_Exam,23.8,30
MRK_8307,STU_10520,CS101,3,Assignment_1,16.1,20
MRK_8308,STU_10520,CS101,3,Final_Exam,28.5,30
MRK_8309,STU_10520,DS201,1,Quiz_1,16.8,20
MRK_8310,STU_10520,DS201,1,Midterm_Exam,30.0,30
MRK_8311,STU_10520,DS201,1,Assignment_1,14.6,20
MRK_8312,STU_10520,DS201,1,Final_Exam,27.9,30
MRK_8313,STU_10520,MA102,1,Quiz_1,15.1,20
MRK_8314,STU_10520,MA102,1,Midterm_Exam,15.8,30
MRK_8315,STU_10520,MA102,1,Assignment_1,18.1,20
MRK_8316,STU_10520,MA102,1,Final_Exam,22.9,30
MRK_8317,STU_10520,SE301,3,Quiz_1,14.7,20
MRK_8318,STU_10520,SE301,3,Midterm_Exam,27.5,30
MRK_8319,STU_10520,SE301,3,Assignment_1,16.1,20
MRK_8320,STU_10520,SE301,3,Final_Exam,15.0,30
MRK_8321,STU_10521,CS101,1,Quiz_1,6.9,20
MRK_8322,STU_10521,CS101,1,Midterm_Exam,10.8,30
MRK_8323,STU_10521,CS101,1,Assignment_1,6.1,20
MRK_8324,STU_10521,CS101,1,Final_Exam,3.6,30
MRK_8325,STU_10521,DS201,1,Quiz_1,6.7,20
MRK_8326,STU_10521,DS201,1,Midterm_Exam,13.3,30
MRK_8327,STU_10521,DS201,1,Assignment_1,12.1,20
MRK_8328,STU_10521,DS201,1,Final_Exam,6.3,30
MRK_8329,STU_10521,MA102,3,Quiz_1,4.0,20
MRK_8330,STU_10521,MA102,3,Midterm_Exam,0.0,30
MRK_8331,STU_10521,MA102,3,Assignment_1,5.4,20
MRK_8332,STU_10521,MA102,3,Final_Exam,3.6,30
MRK_8333,STU_10521,SE301,2,Quiz_1,0.0,20
MRK_8334,STU_10521,SE301,2,Midterm_Exam,19.1,30
MRK_8335,STU_10521,SE301,2,Assignment_1,8.4,20
MRK_8336,STU_10521,SE301,2,Final_Exam,11.2,30
MRK_8337,STU_10522,CS101,3,Quiz_1,18.5,20
MRK_8338,STU_10522,CS101,3,Midterm_Exam,30.0,30
MRK_8339,STU_10522,CS101,3,Assignment_1,16.9,20
MRK_8340,STU_10522,CS101,3,Final_Exam,24.3,30
MRK_8341,STU_10522,DS201,2,Quiz_1,12.8,20
MRK_8342,STU_10522,DS201,2,Midterm_Exam,24.5,30
MRK_8343,STU_10522,DS201,2,Assignment_1,13.4,20
MRK_8344,STU_10522,DS201,2,Final_Exam,30.0,30
MRK_8345,STU_10522,MA102,2,Quiz_1,15.7,20
MRK_8346,STU_10522,MA102,2,Midterm_Exam,26.0,30
MRK_8347,STU_10522,MA102,2,Assignment_1,19.9,20
MRK_8348,STU_10522,MA102,2,Final_Exam,21.5,30
MRK_8349,STU_10522,SE301,4,Quiz_1,18.1,20
MRK_8350,STU_10522,SE301,4,Midterm_Exam,16.6,30
MRK_8351,STU_10522,SE301,4,Assignment_1,20.0,20
MRK_8352,STU_10522,SE301,4,Final_Exam,24.2,30
MRK_8353,STU_10523,CS101,4,Quiz_1,16.8,20
MRK_8354,STU_10523,CS101,4,Midterm_Exam,22.4,30
MRK_8355,STU_10523,CS101,4,Assignment_1,20.0,20
MRK_8356,STU_10523,CS101,4,Final_Exam,30.0,30
MRK_8357,STU_10523,DS201,4,Quiz_1,15.1,20
MRK_8358,STU_10523,DS201,4,Midterm_Exam,22.3,30
MRK_8359,STU_10523,DS201,4,Assignment_1,17.0,20
MRK_8360,STU_10523,DS201,4,Final_Exam,20.1,30
MRK_8361,STU_10523,MA102,1,Quiz_1,15.8,20
MRK_8362,STU_10523,MA102,1,Midterm_Exam,17.8,30
MRK_8363,STU_10523,MA102,1,Assignment_1,18.3,20
MRK_8364,STU_10523,MA102,1,Final_Exam,24.2,30
MRK_8365,STU_10523,SE301,4,Quiz_1,12.5,20
MRK_8366,STU_10523,SE301,4,Midterm_Exam,24.2,30
MRK_8367,STU_10523,SE301,4,Assignment_1,20.0,20
MRK_8368,STU_10523,SE301,4,Final_Exam,30.0,30
MRK_8369,STU_10524,CS101,4,Quiz_1,13.7,20
MRK_8370,STU_10524,CS101,4,Midterm_Exam,13.1,30
MRK_8371,STU_10524,CS101,4,Assignment_1,14.6,20
MRK_8372,STU_10524,CS101,4,Final_Exam,30.0,30
MRK_8373,STU_10524,DS201,3,Quiz_1,16.7,20
MRK_8374,STU_10524,DS201,3,Midterm_Exam,23.9,30
MRK_8375,STU_10524,DS201,3,Assignment_1,13.1,20
MRK_8376,STU_10524,DS201,3,Final_Exam,30.0,30
MRK_8377,STU_10524,MA102,3,Quiz_1,14.7,20
MRK_8378,STU_10524,MA102,3,Midterm_Exam,29.5,30
MRK_8379,STU_10524,MA102,3,Assignment_1,17.1,20
MRK_8380,STU_10524,MA102,3,Final_Exam,30.0,30
MRK_8381,STU_10524,SE301,2,Quiz_1,20.0,20
MRK_8382,STU_10524,SE301,2,Midterm_Exam,28.3,30
MRK_8383,STU_10524,SE301,2,Assignment_1,19.2,20
MRK_8384,STU_10524,SE301,2,Final_Exam,28.4,30
MRK_8385,STU_10525,CS101,2,Quiz_1,11.7,20
MRK_8386,STU_10525,CS101,2,Midterm_Exam,4.2,30
MRK_8387,STU_10525,CS101,2,Assignment_1,11.3,20
MRK_8388,STU_10525,CS101,2,Final_Exam,12.5,30
MRK_8389,STU_10525,DS201,2,Quiz_1,5.3,20
MRK_8390,STU_10525,DS201,2,Midterm_Exam,14.9,30
MRK_8391,STU_10525,DS201,2,Assignment_1,7.2,20
MRK_8392,STU_10525,DS201,2,Final_Exam,17.0,30
MRK_8393,STU_10525,MA102,1,Quiz_1,6.2,20
MRK_8394,STU_10525,MA102,1,Midterm_Exam,0.8,30
MRK_8395,STU_10525,MA102,1,Assignment_1,13.1,20
MRK_8396,STU_10525,MA102,1,Final_Exam,13.2,30
MRK_8397,STU_10525,SE301,2,Quiz_1,11.5,20
MRK_8398,STU_10525,SE301,2,Midterm_Exam,19.4,30
MRK_8399,STU_10525,SE301,2,Assignment_1,15.5,20
MRK_8400,STU_10525,SE301,2,Final_Exam,9.1,30
MRK_8401,STU_10526,CS101,4,Quiz_1,10.6,20
MRK_8402,STU_10526,CS101,4,Midterm_Exam,24.4,30
MRK_8403,STU_10526,CS101,4,Assignment_1,18.6,20
MRK_8404,STU_10526,CS101,4,Final_Exam,29.0,30
MRK_8405,STU_10526,DS201,3,Quiz_1,16.4,20
MRK_8406,STU_10526,DS201,3,Midterm_Exam,28.8,30
MRK_8407,STU_10526,DS201,3,Assignment_1,16.0,20
MRK_8408,STU_10526,DS201,3,Final_Exam,16.9,30
MRK_8409,STU_10526,MA102,4,Quiz_1,18.9,20
MRK_8410,STU_10526,MA102,4,Midterm_Exam,6.2,30
MRK_8411,STU_10526,MA102,4,Assignment_1,19.3,20
MRK_8412,STU_10526,MA102,4,Final_Exam,26.7,30
MRK_8413,STU_10526,SE301,1,Quiz_1,9.9,20
MRK_8414,STU_10526,SE301,1,Midterm_Exam,21.8,30
MRK_8415,STU_10526,SE301,1,Assignment_1,11.1,20
MRK_8416,STU_10526,SE301,1,Final_Exam,30.0,30
MRK_8417,STU_10527,CS101,4,Quiz_1,19.3,20
MRK_8418,STU_10527,CS101,4,Midterm_Exam,27.7,30
MRK_8419,STU_10527,CS101,4,Assignment_1,20.0,20
MRK_8420,STU_10527,CS101,4,Final_Exam,30.0,30
MRK_8421,STU_10527,DS201,1,Quiz_1,13.2,20
MRK_8422,STU_10527,DS201,1,Midterm_Exam,13.1,30
MRK_8423,STU_10527,DS201,1,Assignment_1,17.8,20
MRK_8424,STU_10527,DS201,1,Final_Exam,30.0,30
MRK_8425,STU_10527,MA102,4,Quiz_1,16.0,20
MRK_8426,STU_10527,MA102,4,Midterm_Exam,17.1,30
MRK_8427,STU_10527,MA102,4,Assignment_1,18.8,20
MRK_8428,STU_10527,MA102,4,Final_Exam,24.7,30
MRK_8429,STU_10527,SE301,2,Quiz_1,15.0,20
MRK_8430,STU_10527,SE301,2,Midterm_Exam,17.4,30
MRK_8431,STU_10527,SE301,2,Assignment_1,12.5,20
MRK_8432,STU_10527,SE301,2,Final_Exam,25.7,30
MRK_8433,STU_10528,CS101,3,Quiz_1,14.4,20
MRK_8434,STU_10528,CS101,3,Midterm_Exam,30.0,30
MRK_8435,STU_10528,CS101,3,Assignment_1,19.7,20
MRK_8436,STU_10528,CS101,3,Final_Exam,27.1,30
MRK_8437,STU_10528,DS201,3,Quiz_1,14.5,20
MRK_8438,STU_10528,DS201,3,Midterm_Exam,20.4,30
MRK_8439,STU_10528,DS201,3,Assignment_1,15.2,20
MRK_8440,STU_10528,DS201,3,Final_Exam,22.7,30
MRK_8441,STU_10528,MA102,1,Quiz_1,11.9,20
MRK_8442,STU_10528,MA102,1,Midterm_Exam,23.7,30
MRK_8443,STU_10528,MA102,1,Assignment_1,16.2,20
MRK_8444,STU_10528,MA102,1,Final_Exam,19.1,30
MRK_8445,STU_10528,SE301,2,Quiz_1,13.4,20
MRK_8446,STU_10528,SE301,2,Midterm_Exam,30.0,30
MRK_8447,STU_10528,SE301,2,Assignment_1,16.1,20
MRK_8448,STU_10528,SE301,2,Final_Exam,23.3,30
MRK_8449,STU_10529,CS101,2,Quiz_1,2.8,20
MRK_8450,STU_10529,CS101,2,Midterm_Exam,13.6,30
MRK_8451,STU_10529,CS101,2,Assignment_1,12.6,20
MRK_8452,STU_10529,CS101,2,Final_Exam,7.9,30
MRK_8453,STU_10529,DS201,2,Quiz_1,9.3,20
MRK_8454,STU_10529,DS201,2,Midterm_Exam,11.1,30
MRK_8455,STU_10529,DS201,2,Assignment_1,6.8,20
MRK_8456,STU_10529,DS201,2,Final_Exam,17.3,30
MRK_8457,STU_10529,MA102,3,Quiz_1,8.5,20
MRK_8458,STU_10529,MA102,3,Midterm_Exam,17.4,30
MRK_8459,STU_10529,MA102,3,Assignment_1,5.7,20
MRK_8460,STU_10529,MA102,3,Final_Exam,5.2,30
MRK_8461,STU_10529,SE301,3,Quiz_1,13.8,20
MRK_8462,STU_10529,SE301,3,Midterm_Exam,20.2,30
MRK_8463,STU_10529,SE301,3,Assignment_1,5.0,20
MRK_8464,STU_10529,SE301,3,Final_Exam,15.0,30
MRK_8465,STU_10530,CS101,1,Quiz_1,8.4,20
MRK_8466,STU_10530,CS101,1,Midterm_Exam,29.7,30
MRK_8467,STU_10530,CS101,1,Assignment_1,12.9,20
MRK_8468,STU_10530,CS101,1,Final_Exam,30.0,30
MRK_8469,STU_10530,DS201,1,Quiz_1,19.7,20
MRK_8470,STU_10530,DS201,1,Midterm_Exam,15.6,30
MRK_8471,STU_10530,DS201,1,Assignment_1,18.7,20
MRK_8472,STU_10530,DS201,1,Final_Exam,25.1,30
MRK_8473,STU_10530,MA102,3,Quiz_1,16.4,20
MRK_8474,STU_10530,MA102,3,Midterm_Exam,21.8,30
MRK_8475,STU_10530,MA102,3,Assignment_1,19.4,20
MRK_8476,STU_10530,MA102,3,Final_Exam,18.2,30
MRK_8477,STU_10530,SE301,2,Quiz_1,19.7,20
MRK_8478,STU_10530,SE301,2,Midterm_Exam,25.0,30
MRK_8479,STU_10530,SE301,2,Assignment_1,18.6,20
MRK_8480,STU_10530,SE301,2,Final_Exam,29.0,30
MRK_8481,STU_10531,CS101,1,Quiz_1,18.3,20
MRK_8482,STU_10531,CS101,1,Midterm_Exam,19.9,30
MRK_8483,STU_10531,CS101,1,Assignment_1,18.6,20
MRK_8484,STU_10531,CS101,1,Final_Exam,22.3,30
MRK_8485,STU_10531,DS201,2,Quiz_1,7.1,20
MRK_8486,STU_10531,DS201,2,Midterm_Exam,27.1,30
MRK_8487,STU_10531,DS201,2,Assignment_1,11.1,20
MRK_8488,STU_10531,DS201,2,Final_Exam,28.5,30
MRK_8489,STU_10531,MA102,3,Quiz_1,17.2,20
MRK_8490,STU_10531,MA102,3,Midterm_Exam,24.8,30
MRK_8491,STU_10531,MA102,3,Assignment_1,18.4,20
MRK_8492,STU_10531,MA102,3,Final_Exam,23.7,30
MRK_8493,STU_10531,SE301,4,Quiz_1,10.6,20
MRK_8494,STU_10531,SE301,4,Midterm_Exam,29.4,30
MRK_8495,STU_10531,SE301,4,Assignment_1,13.4,20
MRK_8496,STU_10531,SE301,4,Final_Exam,24.7,30
MRK_8497,STU_10532,CS101,1,Quiz_1,15.2,20
MRK_8498,STU_10532,CS101,1,Midterm_Exam,19.6,30
MRK_8499,STU_10532,CS101,1,Assignment_1,15.1,20
MRK_8500,STU_10532,CS101,1,Final_Exam,21.9,30
MRK_8501,STU_10532,DS201,4,Quiz_1,20.0,20
MRK_8502,STU_10532,DS201,4,Midterm_Exam,25.6,30
MRK_8503,STU_10532,DS201,4,Assignment_1,20.0,20
MRK_8504,STU_10532,DS201,4,Final_Exam,30.0,30
MRK_8505,STU_10532,MA102,3,Quiz_1,19.2,20
MRK_8506,STU_10532,MA102,3,Midterm_Exam,15.5,30
MRK_8507,STU_10532,MA102,3,Assignment_1,9.9,20
MRK_8508,STU_10532,MA102,3,Final_Exam,30.0,30
MRK_8509,STU_10532,SE301,2,Quiz_1,8.7,20
MRK_8510,STU_10532,SE301,2,Midterm_Exam,25.0,30
MRK_8511,STU_10532,SE301,2,Assignment_1,15.7,20
MRK_8512,STU_10532,SE301,2,Final_Exam,24.1,30
MRK_8513,STU_10533,CS101,2,Quiz_1,8.9,20
MRK_8514,STU_10533,CS101,2,Midterm_Exam,16.9,30
MRK_8515,STU_10533,CS101,2,Assignment_1,6.1,20
MRK_8516,STU_10533,CS101,2,Final_Exam,9.2,30
MRK_8517,STU_10533,DS201,2,Quiz_1,3.9,20
MRK_8518,STU_10533,DS201,2,Midterm_Exam,15.6,30
MRK_8519,STU_10533,DS201,2,Assignment_1,10.2,20
MRK_8520,STU_10533,DS201,2,Final_Exam,14.9,30
MRK_8521,STU_10533,MA102,3,Quiz_1,11.2,20
MRK_8522,STU_10533,MA102,3,Midterm_Exam,9.4,30
MRK_8523,STU_10533,MA102,3,Assignment_1,12.9,20
MRK_8524,STU_10533,MA102,3,Final_Exam,10.6,30
MRK_8525,STU_10533,SE301,4,Quiz_1,4.5,20
MRK_8526,STU_10533,SE301,4,Midterm_Exam,21.6,30
MRK_8527,STU_10533,SE301,4,Assignment_1,10.2,20
MRK_8528,STU_10533,SE301,4,Final_Exam,15.7,30
MRK_8529,STU_10534,CS101,4,Quiz_1,17.3,20
MRK_8530,STU_10534,CS101,4,Midterm_Exam,24.5,30
MRK_8531,STU_10534,CS101,4,Assignment_1,13.9,20
MRK_8532,STU_10534,CS101,4,Final_Exam,28.2,30
MRK_8533,STU_10534,DS201,3,Quiz_1,13.9,20
MRK_8534,STU_10534,DS201,3,Midterm_Exam,30.0,30
MRK_8535,STU_10534,DS201,3,Assignment_1,20.0,20
MRK_8536,STU_10534,DS201,3,Final_Exam,18.8,30
MRK_8537,STU_10534,MA102,1,Quiz_1,13.9,20
MRK_8538,STU_10534,MA102,1,Midterm_Exam,11.5,30
MRK_8539,STU_10534,MA102,1,Assignment_1,18.1,20
MRK_8540,STU_10534,MA102,1,Final_Exam,26.2,30
MRK_8541,STU_10534,SE301,1,Quiz_1,14.8,20
MRK_8542,STU_10534,SE301,1,Midterm_Exam,16.1,30
MRK_8543,STU_10534,SE301,1,Assignment_1,13.5,20
MRK_8544,STU_10534,SE301,1,Final_Exam,28.7,30
MRK_8545,STU_10535,CS101,2,Quiz_1,12.7,20
MRK_8546,STU_10535,CS101,2,Midterm_Exam,21.9,30
MRK_8547,STU_10535,CS101,2,Assignment_1,18.0,20
MRK_8548,STU_10535,CS101,2,Final_Exam,16.9,30
MRK_8549,STU_10535,DS201,4,Quiz_1,19.3,20
MRK_8550,STU_10535,DS201,4,Midterm_Exam,27.2,30
MRK_8551,STU_10535,DS201,4,Assignment_1,16.4,20
MRK_8552,STU_10535,DS201,4,Final_Exam,27.1,30
MRK_8553,STU_10535,MA102,1,Quiz_1,16.9,20
MRK_8554,STU_10535,MA102,1,Midterm_Exam,28.4,30
MRK_8555,STU_10535,MA102,1,Assignment_1,14.4,20
MRK_8556,STU_10535,MA102,1,Final_Exam,20.1,30
MRK_8557,STU_10535,SE301,2,Quiz_1,17.6,20
MRK_8558,STU_10535,SE301,2,Midterm_Exam,26.4,30
MRK_8559,STU_10535,SE301,2,Assignment_1,20.0,20
MRK_8560,STU_10535,SE301,2,Final_Exam,25.3,30
MRK_8561,STU_10536,CS101,4,Quiz_1,20.0,20
MRK_8562,STU_10536,CS101,4,Midterm_Exam,26.1,30
MRK_8563,STU_10536,CS101,4,Assignment_1,11.2,20
MRK_8564,STU_10536,CS101,4,Final_Exam,25.2,30
MRK_8565,STU_10536,DS201,3,Quiz_1,14.3,20
MRK_8566,STU_10536,DS201,3,Midterm_Exam,24.9,30
MRK_8567,STU_10536,DS201,3,Assignment_1,12.9,20
MRK_8568,STU_10536,DS201,3,Final_Exam,30.0,30
MRK_8569,STU_10536,MA102,4,Quiz_1,20.0,20
MRK_8570,STU_10536,MA102,4,Midterm_Exam,30.0,30
MRK_8571,STU_10536,MA102,4,Assignment_1,14.8,20
MRK_8572,STU_10536,MA102,4,Final_Exam,23.1,30
MRK_8573,STU_10536,SE301,4,Quiz_1,14.5,20
MRK_8574,STU_10536,SE301,4,Midterm_Exam,29.7,30
MRK_8575,STU_10536,SE301,4,Assignment_1,20.0,20
MRK_8576,STU_10536,SE301,4,Final_Exam,25.0,30
MRK_8577,STU_10537,CS101,3,Quiz_1,10.2,20
MRK_8578,STU_10537,CS101,3,Midterm_Exam,6.3,30
MRK_8579,STU_10537,CS101,3,Assignment_1,10.2,20
MRK_8580,STU_10537,CS101,3,Final_Exam,4.3,30
MRK_8581,STU_10537,DS201,1,Quiz_1,6.2,20
MRK_8582,STU_10537,DS201,1,Midterm_Exam,10.5,30
MRK_8583,STU_10537,DS201,1,Assignment_1,8.0,20
MRK_8584,STU_10537,DS201,1,Final_Exam,0.0,30
MRK_8585,STU_10537,MA102,1,Quiz_1,3.4,20
MRK_8586,STU_10537,MA102,1,Midterm_Exam,7.8,30
MRK_8587,STU_10537,MA102,1,Assignment_1,9.2,20
MRK_8588,STU_10537,MA102,1,Final_Exam,9.2,30
MRK_8589,STU_10537,SE301,4,Quiz_1,10.8,20
MRK_8590,STU_10537,SE301,4,Midterm_Exam,12.5,30
MRK_8591,STU_10537,SE301,4,Assignment_1,13.0,20
MRK_8592,STU_10537,SE301,4,Final_Exam,17.9,30
MRK_8593,STU_10538,CS101,4,Quiz_1,16.2,20
MRK_8594,STU_10538,CS101,4,Midterm_Exam,20.8,30
MRK_8595,STU_10538,CS101,4,Assignment_1,15.3,20
MRK_8596,STU_10538,CS101,4,Final_Exam,17.4,30
MRK_8597,STU_10538,DS201,1,Quiz_1,16.4,20
MRK_8598,STU_10538,DS201,1,Midterm_Exam,29.7,30
MRK_8599,STU_10538,DS201,1,Assignment_1,17.0,20
MRK_8600,STU_10538,DS201,1,Final_Exam,30.0,30
MRK_8601,STU_10538,MA102,1,Quiz_1,16.0,20
MRK_8602,STU_10538,MA102,1,Midterm_Exam,24.2,30
MRK_8603,STU_10538,MA102,1,Assignment_1,19.3,20
MRK_8604,STU_10538,MA102,1,Final_Exam,23.7,30
MRK_8605,STU_10538,SE301,4,Quiz_1,19.7,20
MRK_8606,STU_10538,SE301,4,Midterm_Exam,21.2,30
MRK_8607,STU_10538,SE301,4,Assignment_1,14.8,20
MRK_8608,STU_10538,SE301,4,Final_Exam,21.3,30
MRK_8609,STU_10539,CS101,4,Quiz_1,15.5,20
MRK_8610,STU_10539,CS101,4,Midterm_Exam,17.7,30
MRK_8611,STU_10539,CS101,4,Assignment_1,16.7,20
MRK_8612,STU_10539,CS101,4,Final_Exam,26.6,30
MRK_8613,STU_10539,DS201,1,Quiz_1,20.0,20
MRK_8614,STU_10539,DS201,1,Midterm_Exam,23.1,30
MRK_8615,STU_10539,DS201,1,Assignment_1,17.4,20
MRK_8616,STU_10539,DS201,1,Final_Exam,24.8,30
MRK_8617,STU_10539,MA102,2,Quiz_1,20.0,20
MRK_8618,STU_10539,MA102,2,Midterm_Exam,19.0,30
MRK_8619,STU_10539,MA102,2,Assignment_1,15.3,20
MRK_8620,STU_10539,MA102,2,Final_Exam,26.2,30
MRK_8621,STU_10539,SE301,3,Quiz_1,16.6,20
MRK_8622,STU_10539,SE301,3,Midterm_Exam,16.7,30
MRK_8623,STU_10539,SE301,3,Assignment_1,15.4,20
MRK_8624,STU_10539,SE301,3,Final_Exam,28.7,30
MRK_8625,STU_10540,CS101,4,Quiz_1,18.6,20
MRK_8626,STU_10540,CS101,4,Midterm_Exam,24.9,30
MRK_8627,STU_10540,CS101,4,Assignment_1,17.7,20
MRK_8628,STU_10540,CS101,4,Final_Exam,28.9,30
MRK_8629,STU_10540,DS201,1,Quiz_1,8.3,20
MRK_8630,STU_10540,DS201,1,Midterm_Exam,28.6,30
MRK_8631,STU_10540,DS201,1,Assignment_1,16.5,20
MRK_8632,STU_10540,DS201,1,Final_Exam,23.6,30
MRK_8633,STU_10540,MA102,3,Quiz_1,20.0,20
MRK_8634,STU_10540,MA102,3,Midterm_Exam,9.8,30
MRK_8635,STU_10540,MA102,3,Assignment_1,20.0,20
MRK_8636,STU_10540,MA102,3,Final_Exam,27.6,30
MRK_8637,STU_10540,SE301,2,Quiz_1,10.1,20
MRK_8638,STU_10540,SE301,2,Midterm_Exam,11.3,30
MRK_8639,STU_10540,SE301,2,Assignment_1,15.5,20
MRK_8640,STU_10540,SE301,2,Final_Exam,21.6,30
MRK_8641,STU_10541,CS101,3,Quiz_1,8.2,20
MRK_8642,STU_10541,CS101,3,Midterm_Exam,18.9,30
MRK_8643,STU_10541,CS101,3,Assignment_1,8.0,20
MRK_8644,STU_10541,CS101,3,Final_Exam,11.1,30
MRK_8645,STU_10541,DS201,2,Quiz_1,3.8,20
MRK_8646,STU_10541,DS201,2,Midterm_Exam,16.4,30
MRK_8647,STU_10541,DS201,2,Assignment_1,7.0,20
MRK_8648,STU_10541,DS201,2,Final_Exam,16.5,30
MRK_8649,STU_10541,MA102,2,Quiz_1,1.6,20
MRK_8650,STU_10541,MA102,2,Midterm_Exam,11.6,30
MRK_8651,STU_10541,MA102,2,Assignment_1,6.2,20
MRK_8652,STU_10541,MA102,2,Final_Exam,15.6,30
MRK_8653,STU_10541,SE301,2,Quiz_1,7.9,20
MRK_8654,STU_10541,SE301,2,Midterm_Exam,21.0,30
MRK_8655,STU_10541,SE301,2,Assignment_1,14.4,20
MRK_8656,STU_10541,SE301,2,Final_Exam,9.4,30
MRK_8657,STU_10542,CS101,2,Quiz_1,14.0,20
MRK_8658,STU_10542,CS101,2,Midterm_Exam,27.7,30
MRK_8659,STU_10542,CS101,2,Assignment_1,19.4,20
MRK_8660,STU_10542,CS101,2,Final_Exam,28.0,30
MRK_8661,STU_10542,DS201,1,Quiz_1,9.0,20
MRK_8662,STU_10542,DS201,1,Midterm_Exam,28.8,30
MRK_8663,STU_10542,DS201,1,Assignment_1,17.5,20
MRK_8664,STU_10542,DS201,1,Final_Exam,28.5,30
MRK_8665,STU_10542,MA102,1,Quiz_1,15.2,20
MRK_8666,STU_10542,MA102,1,Midterm_Exam,25.8,30
MRK_8667,STU_10542,MA102,1,Assignment_1,16.4,20
MRK_8668,STU_10542,MA102,1,Final_Exam,18.6,30
MRK_8669,STU_10542,SE301,3,Quiz_1,19.9,20
MRK_8670,STU_10542,SE301,3,Midterm_Exam,28.2,30
MRK_8671,STU_10542,SE301,3,Assignment_1,12.4,20
MRK_8672,STU_10542,SE301,3,Final_Exam,30.0,30
MRK_8673,STU_10543,CS101,2,Quiz_1,12.5,20
MRK_8674,STU_10543,CS101,2,Midterm_Exam,25.5,30
MRK_8675,STU_10543,CS101,2,Assignment_1,17.7,20
MRK_8676,STU_10543,CS101,2,Final_Exam,10.3,30
MRK_8677,STU_10543,DS201,2,Quiz_1,18.6,20
MRK_8678,STU_10543,DS201,2,Midterm_Exam,21.7,30
MRK_8679,STU_10543,DS201,2,Assignment_1,20.0,20
MRK_8680,STU_10543,DS201,2,Final_Exam,28.5,30
MRK_8681,STU_10543,MA102,2,Quiz_1,17.8,20
MRK_8682,STU_10543,MA102,2,Midterm_Exam,21.8,30
MRK_8683,STU_10543,MA102,2,Assignment_1,17.7,20
MRK_8684,STU_10543,MA102,2,Final_Exam,23.5,30
MRK_8685,STU_10543,SE301,4,Quiz_1,12.2,20
MRK_8686,STU_10543,SE301,4,Midterm_Exam,24.9,30
MRK_8687,STU_10543,SE301,4,Assignment_1,16.1,20
MRK_8688,STU_10543,SE301,4,Final_Exam,19.9,30
MRK_8689,STU_10544,CS101,4,Quiz_1,16.3,20
MRK_8690,STU_10544,CS101,4,Midterm_Exam,30.0,30
MRK_8691,STU_10544,CS101,4,Assignment_1,19.0,20
MRK_8692,STU_10544,CS101,4,Final_Exam,13.4,30
MRK_8693,STU_10544,DS201,1,Quiz_1,17.7,20
MRK_8694,STU_10544,DS201,1,Midterm_Exam,25.9,30
MRK_8695,STU_10544,DS201,1,Assignment_1,17.5,20
MRK_8696,STU_10544,DS201,1,Final_Exam,16.2,30
MRK_8697,STU_10544,MA102,2,Quiz_1,18.8,20
MRK_8698,STU_10544,MA102,2,Midterm_Exam,15.0,30
MRK_8699,STU_10544,MA102,2,Assignment_1,19.4,20
MRK_8700,STU_10544,MA102,2,Final_Exam,21.6,30
MRK_8701,STU_10544,SE301,4,Quiz_1,18.5,20
MRK_8702,STU_10544,SE301,4,Midterm_Exam,25.0,30
MRK_8703,STU_10544,SE301,4,Assignment_1,14.9,20
MRK_8704,STU_10544,SE301,4,Final_Exam,21.8,30
MRK_8705,STU_10545,CS101,1,Quiz_1,8.1,20
MRK_8706,STU_10545,CS101,1,Midterm_Exam,13.3,30
MRK_8707,STU_10545,CS101,1,Assignment_1,9.3,20
MRK_8708,STU_10545,CS101,1,Final_Exam,20.7,30
MRK_8709,STU_10545,DS201,4,Quiz_1,8.6,20
MRK_8710,STU_10545,DS201,4,Midterm_Exam,4.8,30
MRK_8711,STU_10545,DS201,4,Assignment_1,9.2,20
MRK_8712,STU_10545,DS201,4,Final_Exam,7.7,30
MRK_8713,STU_10545,MA102,3,Quiz_1,10.3,20
MRK_8714,STU_10545,MA102,3,Midterm_Exam,14.5,30
MRK_8715,STU_10545,MA102,3,Assignment_1,7.4,20
MRK_8716,STU_10545,MA102,3,Final_Exam,6.0,30
MRK_8717,STU_10545,SE301,3,Quiz_1,4.8,20
MRK_8718,STU_10545,SE301,3,Midterm_Exam,16.5,30
MRK_8719,STU_10545,SE301,3,Assignment_1,7.7,20
MRK_8720,STU_10545,SE301,3,Final_Exam,16.2,30
MRK_8721,STU_10546,CS101,4,Quiz_1,19.9,20
MRK_8722,STU_10546,CS101,4,Midterm_Exam,25.4,30
MRK_8723,STU_10546,CS101,4,Assignment_1,18.6,20
MRK_8724,STU_10546,CS101,4,Final_Exam,24.9,30
MRK_8725,STU_10546,DS201,4,Quiz_1,17.8,20
MRK_8726,STU_10546,DS201,4,Midterm_Exam,30.0,30
MRK_8727,STU_10546,DS201,4,Assignment_1,17.7,20
MRK_8728,STU_10546,DS201,4,Final_Exam,25.5,30
MRK_8729,STU_10546,MA102,2,Quiz_1,17.1,20
MRK_8730,STU_10546,MA102,2,Midterm_Exam,25.4,30
MRK_8731,STU_10546,MA102,2,Assignment_1,16.1,20
MRK_8732,STU_10546,MA102,2,Final_Exam,23.6,30
MRK_8733,STU_10546,SE301,3,Quiz_1,17.8,20
MRK_8734,STU_10546,SE301,3,Midterm_Exam,26.9,30
MRK_8735,STU_10546,SE301,3,Assignment_1,19.3,20
MRK_8736,STU_10546,SE301,3,Final_Exam,23.0,30
MRK_8737,STU_10547,CS101,3,Quiz_1,18.0,20
MRK_8738,STU_10547,CS101,3,Midterm_Exam,25.1,30
MRK_8739,STU_10547,CS101,3,Assignment_1,16.7,20
MRK_8740,STU_10547,CS101,3,Final_Exam,22.7,30
MRK_8741,STU_10547,DS201,3,Quiz_1,13.7,20
MRK_8742,STU_10547,DS201,3,Midterm_Exam,25.6,30
MRK_8743,STU_10547,DS201,3,Assignment_1,14.4,20
MRK_8744,STU_10547,DS201,3,Final_Exam,29.9,30
MRK_8745,STU_10547,MA102,2,Quiz_1,7.4,20
MRK_8746,STU_10547,MA102,2,Midterm_Exam,24.1,30
MRK_8747,STU_10547,MA102,2,Assignment_1,18.7,20
MRK_8748,STU_10547,MA102,2,Final_Exam,30.0,30
MRK_8749,STU_10547,SE301,4,Quiz_1,15.5,20
MRK_8750,STU_10547,SE301,4,Midterm_Exam,26.3,30
MRK_8751,STU_10547,SE301,4,Assignment_1,20.0,20
MRK_8752,STU_10547,SE301,4,Final_Exam,29.6,30
MRK_8753,STU_10548,CS101,4,Quiz_1,19.9,20
MRK_8754,STU_10548,CS101,4,Midterm_Exam,30.0,30
MRK_8755,STU_10548,CS101,4,Assignment_1,16.2,20
MRK_8756,STU_10548,CS101,4,Final_Exam,19.2,30
MRK_8757,STU_10548,DS201,2,Quiz_1,20.0,20
MRK_8758,STU_10548,DS201,2,Midterm_Exam,23.1,30
MRK_8759,STU_10548,DS201,2,Assignment_1,19.0,20
MRK_8760,STU_10548,DS201,2,Final_Exam,22.1,30
MRK_8761,STU_10548,MA102,1,Quiz_1,16.3,20
MRK_8762,STU_10548,MA102,1,Midterm_Exam,13.8,30
MRK_8763,STU_10548,MA102,1,Assignment_1,16.6,20
MRK_8764,STU_10548,MA102,1,Final_Exam,14.2,30
MRK_8765,STU_10548,SE301,4,Quiz_1,14.7,20
MRK_8766,STU_10548,SE301,4,Midterm_Exam,24.8,30
MRK_8767,STU_10548,SE301,4,Assignment_1,16.9,20
MRK_8768,STU_10548,SE301,4,Final_Exam,25.8,30
MRK_8769,STU_10549,CS101,1,Quiz_1,7.6,20
MRK_8770,STU_10549,CS101,1,Midterm_Exam,4.4,30
MRK_8771,STU_10549,CS101,1,Assignment_1,13.1,20
MRK_8772,STU_10549,CS101,1,Final_Exam,6.6,30
MRK_8773,STU_10549,DS201,4,Quiz_1,12.4,20
MRK_8774,STU_10549,DS201,4,Midterm_Exam,13.8,30
MRK_8775,STU_10549,DS201,4,Assignment_1,11.5,20
MRK_8776,STU_10549,DS201,4,Final_Exam,13.2,30
MRK_8777,STU_10549,MA102,1,Quiz_1,4.9,20
MRK_8778,STU_10549,MA102,1,Midterm_Exam,11.0,30
MRK_8779,STU_10549,MA102,1,Assignment_1,10.8,20
MRK_8780,STU_10549,MA102,1,Final_Exam,0.7,30
MRK_8781,STU_10549,SE301,4,Quiz_1,11.2,20
MRK_8782,STU_10549,SE301,4,Midterm_Exam,10.9,30
MRK_8783,STU_10549,SE301,4,Assignment_1,9.3,20
MRK_8784,STU_10549,SE301,4,Final_Exam,9.3,30
MRK_8785,STU_10550,CS101,3,Quiz_1,15.8,20
MRK_8786,STU_10550,CS101,3,Midterm_Exam,30.0,30
MRK_8787,STU_10550,CS101,3,Assignment_1,11.9,20
MRK_8788,STU_10550,CS101,3,Final_Exam,14.4,30
MRK_8789,STU_10550,DS201,2,Quiz_1,20.0,20
MRK_8790,STU_10550,DS201,2,Midterm_Exam,30.0,30
MRK_8791,STU_10550,DS201,2,Assignment_1,13.6,20
MRK_8792,STU_10550,DS201,2,Final_Exam,28.3,30
MRK_8793,STU_10550,MA102,2,Quiz_1,16.8,20
MRK_8794,STU_10550,MA102,2,Midterm_Exam,30.0,30
MRK_8795,STU_10550,MA102,2,Assignment_1,16.2,20
MRK_8796,STU_10550,MA102,2,Final_Exam,29.1,30
MRK_8797,STU_10550,SE301,3,Quiz_1,20.0,20
MRK_8798,STU_10550,SE301,3,Midterm_Exam,15.2,30
MRK_8799,STU_10550,SE301,3,Assignment_1,17.7,20
MRK_8800,STU_10550,SE301,3,Final_Exam,30.0,30
MRK_8801,STU_10551,CS101,2,Quiz_1,14.6,20
MRK_8802,STU_10551,CS101,2,Midterm_Exam,29.9,30
MRK_8803,STU_10551,CS101,2,Assignment_1,16.2,20
MRK_8804,STU_10551,CS101,2,Final_Exam,30.0,30
MRK_8805,STU_10551,DS201,3,Quiz_1,19.5,20
MRK_8806,STU_10551,DS201,3,Midterm_Exam,30.0,30
MRK_8807,STU_10551,DS201,3,Assignment_1,18.5,20
MRK_8808,STU_10551,DS201,3,Final_Exam,28.6,30
MRK_8809,STU_10551,MA102,4,Quiz_1,12.7,20
MRK_8810,STU_10551,MA102,4,Midterm_Exam,24.8,30
MRK_8811,STU_10551,MA102,4,Assignment_1,18.8,20
MRK_8812,STU_10551,MA102,4,Final_Exam,30.0,30
MRK_8813,STU_10551,SE301,4,Quiz_1,19.0,20
MRK_8814,STU_10551,SE301,4,Midterm_Exam,25.9,30
MRK_8815,STU_10551,SE301,4,Assignment_1,16.8,20
MRK_8816,STU_10551,SE301,4,Final_Exam,30.0,30
MRK_8817,STU_10552,CS101,1,Quiz_1,14.0,20
MRK_8818,STU_10552,CS101,1,Midterm_Exam,30.0,30
MRK_8819,STU_10552,CS101,1,Assignment_1,16.5,20
MRK_8820,STU_10552,CS101,1,Final_Exam,20.0,30
MRK_8821,STU_10552,DS201,4,Quiz_1,19.6,20
MRK_8822,STU_10552,DS201,4,Midterm_Exam,25.4,30
MRK_8823,STU_10552,DS201,4,Assignment_1,14.2,20
MRK_8824,STU_10552,DS201,4,Final_Exam,24.9,30
MRK_8825,STU_10552,MA102,3,Quiz_1,13.2,20
MRK_8826,STU_10552,MA102,3,Midterm_Exam,29.7,30
MRK_8827,STU_10552,MA102,3,Assignment_1,20.0,20
MRK_8828,STU_10552,MA102,3,Final_Exam,24.4,30
MRK_8829,STU_10552,SE301,1,Quiz_1,16.6,20
MRK_8830,STU_10552,SE301,1,Midterm_Exam,28.7,30
MRK_8831,STU_10552,SE301,1,Assignment_1,10.3,20
MRK_8832,STU_10552,SE301,1,Final_Exam,27.9,30
MRK_8833,STU_10553,CS101,3,Quiz_1,7.8,20
MRK_8834,STU_10553,CS101,3,Midterm_Exam,4.1,30
MRK_8835,STU_10553,CS101,3,Assignment_1,10.8,20
MRK_8836,STU_10553,CS101,3,Final_Exam,0.0,30
MRK_8837,STU_10553,DS201,3,Quiz_1,9.3,20
MRK_8838,STU_10553,DS201,3,Midterm_Exam,20.0,30
MRK_8839,STU_10553,DS201,3,Assignment_1,9.2,20
MRK_8840,STU_10553,DS201,3,Final_Exam,8.7,30
MRK_8841,STU_10553,MA102,1,Quiz_1,8.2,20
MRK_8842,STU_10553,MA102,1,Midterm_Exam,14.0,30
MRK_8843,STU_10553,MA102,1,Assignment_1,7.0,20
MRK_8844,STU_10553,MA102,1,Final_Exam,10.3,30
MRK_8845,STU_10553,SE301,1,Quiz_1,9.5,20
MRK_8846,STU_10553,SE301,1,Midterm_Exam,10.3,30
MRK_8847,STU_10553,SE301,1,Assignment_1,10.6,20
MRK_8848,STU_10553,SE301,1,Final_Exam,6.5,30
MRK_8849,STU_10554,CS101,4,Quiz_1,12.7,20
MRK_8850,STU_10554,CS101,4,Midterm_Exam,26.7,30
MRK_8851,STU_10554,CS101,4,Assignment_1,20.0,20
MRK_8852,STU_10554,CS101,4,Final_Exam,29.8,30
MRK_8853,STU_10554,DS201,4,Quiz_1,17.6,20
MRK_8854,STU_10554,DS201,4,Midterm_Exam,30.0,30
MRK_8855,STU_10554,DS201,4,Assignment_1,15.9,20
MRK_8856,STU_10554,DS201,4,Final_Exam,22.8,30
MRK_8857,STU_10554,MA102,2,Quiz_1,16.4,20
MRK_8858,STU_10554,MA102,2,Midterm_Exam,26.6,30
MRK_8859,STU_10554,MA102,2,Assignment_1,10.6,20
MRK_8860,STU_10554,MA102,2,Final_Exam,29.5,30
MRK_8861,STU_10554,SE301,2,Quiz_1,15.0,20
MRK_8862,STU_10554,SE301,2,Midterm_Exam,21.8,30
MRK_8863,STU_10554,SE301,2,Assignment_1,20.0,20
MRK_8864,STU_10554,SE301,2,Final_Exam,24.5,30
MRK_8865,STU_10555,CS101,3,Quiz_1,18.1,20
MRK_8866,STU_10555,CS101,3,Midterm_Exam,14.4,30
MRK_8867,STU_10555,CS101,3,Assignment_1,14.1,20
MRK_8868,STU_10555,CS101,3,Final_Exam,21.0,30
MRK_8869,STU_10555,DS201,4,Quiz_1,16.5,20
MRK_8870,STU_10555,DS201,4,Midterm_Exam,24.4,30
MRK_8871,STU_10555,DS201,4,Assignment_1,16.9,20
MRK_8872,STU_10555,DS201,4,Final_Exam,29.2,30
MRK_8873,STU_10555,MA102,3,Quiz_1,17.7,20
MRK_8874,STU_10555,MA102,3,Midterm_Exam,12.1,30
MRK_8875,STU_10555,MA102,3,Assignment_1,19.2,20
MRK_8876,STU_10555,MA102,3,Final_Exam,15.4,30
MRK_8877,STU_10555,SE301,1,Quiz_1,12.2,20
MRK_8878,STU_10555,SE301,1,Midterm_Exam,22.5,30
MRK_8879,STU_10555,SE301,1,Assignment_1,13.9,20
MRK_8880,STU_10555,SE301,1,Final_Exam,28.2,30
MRK_8881,STU_10556,CS101,1,Quiz_1,14.9,20
MRK_8882,STU_10556,CS101,1,Midterm_Exam,27.8,30
MRK_8883,STU_10556,CS101,1,Assignment_1,17.1,20
MRK_8884,STU_10556,CS101,1,Final_Exam,30.0,30
MRK_8885,STU_10556,DS201,2,Quiz_1,20.0,20
MRK_8886,STU_10556,DS201,2,Midterm_Exam,30.0,30
MRK_8887,STU_10556,DS201,2,Assignment_1,17.9,20
MRK_8888,STU_10556,DS201,2,Final_Exam,13.4,30
MRK_8889,STU_10556,MA102,2,Quiz_1,10.8,20
MRK_8890,STU_10556,MA102,2,Midterm_Exam,30.0,30
MRK_8891,STU_10556,MA102,2,Assignment_1,14.9,20
MRK_8892,STU_10556,MA102,2,Final_Exam,23.3,30
MRK_8893,STU_10556,SE301,3,Quiz_1,12.6,20
MRK_8894,STU_10556,SE301,3,Midterm_Exam,26.4,30
MRK_8895,STU_10556,SE301,3,Assignment_1,20.0,20
MRK_8896,STU_10556,SE301,3,Final_Exam,22.3,30
MRK_8897,STU_10557,CS101,2,Quiz_1,11.4,20
MRK_8898,STU_10557,CS101,2,Midterm_Exam,12.5,30
MRK_8899,STU_10557,CS101,2,Assignment_1,6.3,20
MRK_8900,STU_10557,CS101,2,Final_Exam,9.3,30
MRK_8901,STU_10557,DS201,4,Quiz_1,9.9,20
MRK_8902,STU_10557,DS201,4,Midterm_Exam,10.0,30
MRK_8903,STU_10557,DS201,4,Assignment_1,7.7,20
MRK_8904,STU_10557,DS201,4,Final_Exam,11.5,30
MRK_8905,STU_10557,MA102,2,Quiz_1,5.1,20
MRK_8906,STU_10557,MA102,2,Midterm_Exam,4.9,30
MRK_8907,STU_10557,MA102,2,Assignment_1,12.2,20
MRK_8908,STU_10557,MA102,2,Final_Exam,13.0,30
MRK_8909,STU_10557,SE301,4,Quiz_1,10.8,20
MRK_8910,STU_10557,SE301,4,Midterm_Exam,19.1,30
MRK_8911,STU_10557,SE301,4,Assignment_1,7.6,20
MRK_8912,STU_10557,SE301,4,Final_Exam,13.6,30
MRK_8913,STU_10558,CS101,2,Quiz_1,20.0,20
MRK_8914,STU_10558,CS101,2,Midterm_Exam,26.0,30
MRK_8915,STU_10558,CS101,2,Assignment_1,15.6,20
MRK_8916,STU_10558,CS101,2,Final_Exam,26.6,30
MRK_8917,STU_10558,DS201,2,Quiz_1,15.4,20
MRK_8918,STU_10558,DS201,2,Midterm_Exam,25.3,30
MRK_8919,STU_10558,DS201,2,Assignment_1,18.6,20
MRK_8920,STU_10558,DS201,2,Final_Exam,25.2,30
MRK_8921,STU_10558,MA102,1,Quiz_1,20.0,20
MRK_8922,STU_10558,MA102,1,Midterm_Exam,24.6,30
MRK_8923,STU_10558,MA102,1,Assignment_1,19.7,20
MRK_8924,STU_10558,MA102,1,Final_Exam,26.4,30
MRK_8925,STU_10558,SE301,2,Quiz_1,19.1,20
MRK_8926,STU_10558,SE301,2,Midterm_Exam,29.0,30
MRK_8927,STU_10558,SE301,2,Assignment_1,15.5,20
MRK_8928,STU_10558,SE301,2,Final_Exam,19.6,30
MRK_8929,STU_10559,CS101,2,Quiz_1,19.5,20
MRK_8930,STU_10559,CS101,2,Midterm_Exam,19.3,30
MRK_8931,STU_10559,CS101,2,Assignment_1,19.6,20
MRK_8932,STU_10559,CS101,2,Final_Exam,20.9,30
MRK_8933,STU_10559,DS201,4,Quiz_1,16.4,20
MRK_8934,STU_10559,DS201,4,Midterm_Exam,25.9,30
MRK_8935,STU_10559,DS201,4,Assignment_1,14.8,20
MRK_8936,STU_10559,DS201,4,Final_Exam,30.0,30
MRK_8937,STU_10559,MA102,4,Quiz_1,20.0,20
MRK_8938,STU_10559,MA102,4,Midterm_Exam,23.6,30
MRK_8939,STU_10559,MA102,4,Assignment_1,16.5,20
MRK_8940,STU_10559,MA102,4,Final_Exam,25.2,30
MRK_8941,STU_10559,SE301,2,Quiz_1,20.0,20
MRK_8942,STU_10559,SE301,2,Midterm_Exam,15.1,30
MRK_8943,STU_10559,SE301,2,Assignment_1,18.3,20
MRK_8944,STU_10559,SE301,2,Final_Exam,20.1,30
MRK_8945,STU_10560,CS101,4,Quiz_1,20.0,20
MRK_8946,STU_10560,CS101,4,Midterm_Exam,19.7,30
MRK_8947,STU_10560,CS101,4,Assignment_1,16.2,20
MRK_8948,STU_10560,CS101,4,Final_Exam,24.5,30
MRK_8949,STU_10560,DS201,4,Quiz_1,14.1,20
MRK_8950,STU_10560,DS201,4,Midterm_Exam,25.1,30
MRK_8951,STU_10560,DS201,4,Assignment_1,20.0,20
MRK_8952,STU_10560,DS201,4,Final_Exam,20.7,30
MRK_8953,STU_10560,MA102,3,Quiz_1,13.4,20
MRK_8954,STU_10560,MA102,3,Midterm_Exam,15.0,30
MRK_8955,STU_10560,MA102,3,Assignment_1,17.6,20
MRK_8956,STU_10560,MA102,3,Final_Exam,23.1,30
MRK_8957,STU_10560,SE301,2,Quiz_1,20.0,20
MRK_8958,STU_10560,SE301,2,Midterm_Exam,23.6,30
MRK_8959,STU_10560,SE301,2,Assignment_1,18.1,20
MRK_8960,STU_10560,SE301,2,Final_Exam,27.5,30
MRK_8961,STU_10561,CS101,3,Quiz_1,13.4,20
MRK_8962,STU_10561,CS101,3,Midterm_Exam,10.6,30
MRK_8963,STU_10561,CS101,3,Assignment_1,8.2,20
MRK_8964,STU_10561,CS101,3,Final_Exam,11.3,30
MRK_8965,STU_10561,DS201,2,Quiz_1,6.5,20
MRK_8966,STU_10561,DS201,2,Midterm_Exam,18.0,30
MRK_8967,STU_10561,DS201,2,Assignment_1,6.0,20
MRK_8968,STU_10561,DS201,2,Final_Exam,15.9,30
MRK_8969,STU_10561,MA102,2,Quiz_1,5.3,20
MRK_8970,STU_10561,MA102,2,Midterm_Exam,15.1,30
MRK_8971,STU_10561,MA102,2,Assignment_1,8.2,20
MRK_8972,STU_10561,MA102,2,Final_Exam,20.7,30
MRK_8973,STU_10561,SE301,4,Quiz_1,2.7,20
MRK_8974,STU_10561,SE301,4,Midterm_Exam,15.1,30
MRK_8975,STU_10561,SE301,4,Assignment_1,6.4,20
MRK_8976,STU_10561,SE301,4,Final_Exam,17.9,30
MRK_8977,STU_10562,CS101,3,Quiz_1,19.6,20
MRK_8978,STU_10562,CS101,3,Midterm_Exam,29.1,30
MRK_8979,STU_10562,CS101,3,Assignment_1,13.3,20
MRK_8980,STU_10562,CS101,3,Final_Exam,30.0,30
MRK_8981,STU_10562,DS201,1,Quiz_1,8.8,20
MRK_8982,STU_10562,DS201,1,Midterm_Exam,21.1,30
MRK_8983,STU_10562,DS201,1,Assignment_1,20.0,20
MRK_8984,STU_10562,DS201,1,Final_Exam,22.1,30
MRK_8985,STU_10562,MA102,1,Quiz_1,13.8,20
MRK_8986,STU_10562,MA102,1,Midterm_Exam,22.0,30
MRK_8987,STU_10562,MA102,1,Assignment_1,20.0,20
MRK_8988,STU_10562,MA102,1,Final_Exam,25.8,30
MRK_8989,STU_10562,SE301,3,Quiz_1,14.7,20
MRK_8990,STU_10562,SE301,3,Midterm_Exam,30.0,30
MRK_8991,STU_10562,SE301,3,Assignment_1,19.3,20
MRK_8992,STU_10562,SE301,3,Final_Exam,20.8,30
MRK_8993,STU_10563,CS101,3,Quiz_1,19.6,20
MRK_8994,STU_10563,CS101,3,Midterm_Exam,22.3,30
MRK_8995,STU_10563,CS101,3,Assignment_1,18.9,20
MRK_8996,STU_10563,CS101,3,Final_Exam,28.3,30
MRK_8997,STU_10563,DS201,2,Quiz_1,14.8,20
MRK_8998,STU_10563,DS201,2,Midterm_Exam,22.7,30
MRK_8999,STU_10563,DS201,2,Assignment_1,20.0,20
MRK_9000,STU_10563,DS201,2,Final_Exam,30.0,30
MRK_9001,STU_10563,MA102,3,Quiz_1,12.1,20
MRK_9002,STU_10563,MA102,3,Midterm_Exam,30.0,30
MRK_9003,STU_10563,MA102,3,Assignment_1,17.7,20
MRK_9004,STU_10563,MA102,3,Final_Exam,25.2,30
MRK_9005,STU_10563,SE301,2,Quiz_1,20.0,20
MRK_9006,STU_10563,SE301,2,Midterm_Exam,26.5,30
MRK_9007,STU_10563,SE301,2,Assignment_1,18.9,20
MRK_9008,STU_10563,SE301,2,Final_Exam,14.1,30
MRK_9009,STU_10564,CS101,4,Quiz_1,16.9,20
MRK_9010,STU_10564,CS101,4,Midterm_Exam,22.6,30
MRK_9011,STU_10564,CS101,4,Assignment_1,20.0,20
MRK_9012,STU_10564,CS101,4,Final_Exam,30.0,30
MRK_9013,STU_10564,DS201,4,Quiz_1,18.5,20
MRK_9014,STU_10564,DS201,4,Midterm_Exam,25.4,30
MRK_9015,STU_10564,DS201,4,Assignment_1,18.1,20
MRK_9016,STU_10564,DS201,4,Final_Exam,23.0,30
MRK_9017,STU_10564,MA102,1,Quiz_1,17.9,20
MRK_9018,STU_10564,MA102,1,Midterm_Exam,19.4,30
MRK_9019,STU_10564,MA102,1,Assignment_1,20.0,20
MRK_9020,STU_10564,MA102,1,Final_Exam,20.8,30
MRK_9021,STU_10564,SE301,4,Quiz_1,16.7,20
MRK_9022,STU_10564,SE301,4,Midterm_Exam,27.8,30
MRK_9023,STU_10564,SE301,4,Assignment_1,18.0,20
MRK_9024,STU_10564,SE301,4,Final_Exam,23.1,30
MRK_9025,STU_10565,CS101,3,Quiz_1,0.1,20
MRK_9026,STU_10565,CS101,3,Midterm_Exam,10.1,30
MRK_9027,STU_10565,CS101,3,Assignment_1,6.7,20
MRK_9028,STU_10565,CS101,3,Final_Exam,11.9,30
MRK_9029,STU_10565,DS201,4,Quiz_1,12.7,20
MRK_9030,STU_10565,DS201,4,Midterm_Exam,13.0,30
MRK_9031,STU_10565,DS201,4,Assignment_1,6.3,20
MRK_9032,STU_10565,DS201,4,Final_Exam,6.9,30
MRK_9033,STU_10565,MA102,2,Quiz_1,2.9,20
MRK_9034,STU_10565,MA102,2,Midterm_Exam,18.1,30
MRK_9035,STU_10565,MA102,2,Assignment_1,8.4,20
MRK_9036,STU_10565,MA102,2,Final_Exam,8.7,30
MRK_9037,STU_10565,SE301,4,Quiz_1,7.6,20
MRK_9038,STU_10565,SE301,4,Midterm_Exam,6.8,30
MRK_9039,STU_10565,SE301,4,Assignment_1,3.6,20
MRK_9040,STU_10565,SE301,4,Final_Exam,15.0,30
MRK_9041,STU_10566,CS101,3,Quiz_1,15.0,20
MRK_9042,STU_10566,CS101,3,Midterm_Exam,17.5,30
MRK_9043,STU_10566,CS101,3,Assignment_1,20.0,20
MRK_9044,STU_10566,CS101,3,Final_Exam,23.1,30
MRK_9045,STU_10566,DS201,1,Quiz_1,14.2,20
MRK_9046,STU_10566,DS201,1,Midterm_Exam,18.7,30
MRK_9047,STU_10566,DS201,1,Assignment_1,13.8,20
MRK_9048,STU_10566,DS201,1,Final_Exam,19.6,30
MRK_9049,STU_10566,MA102,1,Quiz_1,17.7,20
MRK_9050,STU_10566,MA102,1,Midterm_Exam,20.4,30
MRK_9051,STU_10566,MA102,1,Assignment_1,11.6,20
MRK_9052,STU_10566,MA102,1,Final_Exam,19.7,30
MRK_9053,STU_10566,SE301,3,Quiz_1,18.1,20
MRK_9054,STU_10566,SE301,3,Midterm_Exam,29.2,30
MRK_9055,STU_10566,SE301,3,Assignment_1,20.0,20
MRK_9056,STU_10566,SE301,3,Final_Exam,24.9,30
MRK_9057,STU_10567,CS101,4,Quiz_1,15.9,20
MRK_9058,STU_10567,CS101,4,Midterm_Exam,30.0,30
MRK_9059,STU_10567,CS101,4,Assignment_1,14.2,20
MRK_9060,STU_10567,CS101,4,Final_Exam,23.5,30
MRK_9061,STU_10567,DS201,2,Quiz_1,12.2,20
MRK_9062,STU_10567,DS201,2,Midterm_Exam,22.6,30
MRK_9063,STU_10567,DS201,2,Assignment_1,16.1,20
MRK_9064,STU_10567,DS201,2,Final_Exam,26.3,30
MRK_9065,STU_10567,MA102,4,Quiz_1,9.6,20
MRK_9066,STU_10567,MA102,4,Midterm_Exam,21.0,30
MRK_9067,STU_10567,MA102,4,Assignment_1,18.6,20
MRK_9068,STU_10567,MA102,4,Final_Exam,29.9,30
MRK_9069,STU_10567,SE301,3,Quiz_1,12.7,20
MRK_9070,STU_10567,SE301,3,Midterm_Exam,19.4,30
MRK_9071,STU_10567,SE301,3,Assignment_1,14.2,20
MRK_9072,STU_10567,SE301,3,Final_Exam,30.0,30
MRK_9073,STU_10568,CS101,2,Quiz_1,17.0,20
MRK_9074,STU_10568,CS101,2,Midterm_Exam,30.0,30
MRK_9075,STU_10568,CS101,2,Assignment_1,15.6,20
MRK_9076,STU_10568,CS101,2,Final_Exam,26.5,30
MRK_9077,STU_10568,DS201,1,Quiz_1,15.5,20
MRK_9078,STU_10568,DS201,1,Midterm_Exam,26.7,30
MRK_9079,STU_10568,DS201,1,Assignment_1,18.5,20
MRK_9080,STU_10568,DS201,1,Final_Exam,24.3,30
MRK_9081,STU_10568,MA102,3,Quiz_1,14.2,20
MRK_9082,STU_10568,MA102,3,Midterm_Exam,25.6,30
MRK_9083,STU_10568,MA102,3,Assignment_1,17.2,20
MRK_9084,STU_10568,MA102,3,Final_Exam,28.4,30
MRK_9085,STU_10568,SE301,2,Quiz_1,19.6,20
MRK_9086,STU_10568,SE301,2,Midterm_Exam,28.5,30
MRK_9087,STU_10568,SE301,2,Assignment_1,16.3,20
MRK_9088,STU_10568,SE301,2,Final_Exam,24.4,30
MRK_9089,STU_10569,CS101,4,Quiz_1,12.7,20
MRK_9090,STU_10569,CS101,4,Midterm_Exam,20.6,30
MRK_9091,STU_10569,CS101,4,Assignment_1,7.8,20
MRK_9092,STU_10569,CS101,4,Final_Exam,16.4,30
MRK_9093,STU_10569,DS201,1,Quiz_1,7.6,20
MRK_9094,STU_10569,DS201,1,Midterm_Exam,4.1,30
MRK_9095,STU_10569,DS201,1,Assignment_1,8.9,20
MRK_9096,STU_10569,DS201,1,Final_Exam,19.0,30
MRK_9097,STU_10569,MA102,3,Quiz_1,10.6,20
MRK_9098,STU_10569,MA102,3,Midterm_Exam,11.3,30
MRK_9099,STU_10569,MA102,3,Assignment_1,6.3,20
MRK_9100,STU_10569,MA102,3,Final_Exam,11.3,30
MRK_9101,STU_10569,SE301,2,Quiz_1,9.0,20
MRK_9102,STU_10569,SE301,2,Midterm_Exam,11.4,30
MRK_9103,STU_10569,SE301,2,Assignment_1,11.8,20
MRK_9104,STU_10569,SE301,2,Final_Exam,11.2,30
MRK_9105,STU_10570,CS101,2,Quiz_1,9.6,20
MRK_9106,STU_10570,CS101,2,Midterm_Exam,12.4,30
MRK_9107,STU_10570,CS101,2,Assignment_1,20.0,20
MRK_9108,STU_10570,CS101,2,Final_Exam,21.1,30
MRK_9109,STU_10570,DS201,1,Quiz_1,17.6,20
MRK_9110,STU_10570,DS201,1,Midterm_Exam,20.8,30
MRK_9111,STU_10570,DS201,1,Assignment_1,14.7,20
MRK_9112,STU_10570,DS201,1,Final_Exam,16.5,30
MRK_9113,STU_10570,MA102,2,Quiz_1,9.8,20
MRK_9114,STU_10570,MA102,2,Midterm_Exam,29.4,30
MRK_9115,STU_10570,MA102,2,Assignment_1,20.0,20
MRK_9116,STU_10570,MA102,2,Final_Exam,25.2,30
MRK_9117,STU_10570,SE301,1,Quiz_1,8.1,20
MRK_9118,STU_10570,SE301,1,Midterm_Exam,24.2,30
MRK_9119,STU_10570,SE301,1,Assignment_1,17.4,20
MRK_9120,STU_10570,SE301,1,Final_Exam,30.0,30
MRK_9121,STU_10571,CS101,4,Quiz_1,16.5,20
MRK_9122,STU_10571,CS101,4,Midterm_Exam,20.7,30
MRK_9123,STU_10571,CS101,4,Assignment_1,12.9,20
MRK_9124,STU_10571,CS101,4,Final_Exam,19.6,30
MRK_9125,STU_10571,DS201,4,Quiz_1,20.0,20
MRK_9126,STU_10571,DS201,4,Midterm_Exam,29.0,30
MRK_9127,STU_10571,DS201,4,Assignment_1,13.7,20
MRK_9128,STU_10571,DS201,4,Final_Exam,30.0,30
MRK_9129,STU_10571,MA102,1,Quiz_1,17.3,20
MRK_9130,STU_10571,MA102,1,Midterm_Exam,21.0,30
MRK_9131,STU_10571,MA102,1,Assignment_1,19.1,20
MRK_9132,STU_10571,MA102,1,Final_Exam,30.0,30
MRK_9133,STU_10571,SE301,4,Quiz_1,20.0,20
MRK_9134,STU_10571,SE301,4,Midterm_Exam,22.5,30
MRK_9135,STU_10571,SE301,4,Assignment_1,20.0,20
MRK_9136,STU_10571,SE301,4,Final_Exam,27.5,30
MRK_9137,STU_10572,CS101,2,Quiz_1,13.4,20
MRK_9138,STU_10572,CS101,2,Midterm_Exam,15.9,30
MRK_9139,STU_10572,CS101,2,Assignment_1,11.8,20
MRK_9140,STU_10572,CS101,2,Final_Exam,30.0,30
MRK_9141,STU_10572,DS201,1,Quiz_1,19.3,20
MRK_9142,STU_10572,DS201,1,Midterm_Exam,23.5,30
MRK_9143,STU_10572,DS201,1,Assignment_1,18.8,20
MRK_9144,STU_10572,DS201,1,Final_Exam,25.4,30
MRK_9145,STU_10572,MA102,1,Quiz_1,8.6,20
MRK_9146,STU_10572,MA102,1,Midterm_Exam,30.0,30
MRK_9147,STU_10572,MA102,1,Assignment_1,20.0,20
MRK_9148,STU_10572,MA102,1,Final_Exam,24.6,30
MRK_9149,STU_10572,SE301,3,Quiz_1,20.0,20
MRK_9150,STU_10572,SE301,3,Midterm_Exam,26.3,30
MRK_9151,STU_10572,SE301,3,Assignment_1,14.1,20
MRK_9152,STU_10572,SE301,3,Final_Exam,27.9,30
MRK_9153,STU_10573,CS101,4,Quiz_1,6.2,20
MRK_9154,STU_10573,CS101,4,Midterm_Exam,11.2,30
MRK_9155,STU_10573,CS101,4,Assignment_1,12.3,20
MRK_9156,STU_10573,CS101,4,Final_Exam,0.6,30
MRK_9157,STU_10573,DS201,2,Quiz_1,8.1,20
MRK_9158,STU_10573,DS201,2,Midterm_Exam,16.2,30
MRK_9159,STU_10573,DS201,2,Assignment_1,11.1,20
MRK_9160,STU_10573,DS201,2,Final_Exam,9.5,30
MRK_9161,STU_10573,MA102,2,Quiz_1,8.1,20
MRK_9162,STU_10573,MA102,2,Midterm_Exam,7.9,30
MRK_9163,STU_10573,MA102,2,Assignment_1,6.3,20
MRK_9164,STU_10573,MA102,2,Final_Exam,4.0,30
MRK_9165,STU_10573,SE301,4,Quiz_1,0.0,20
MRK_9166,STU_10573,SE301,4,Midterm_Exam,10.6,30
MRK_9167,STU_10573,SE301,4,Assignment_1,9.6,20
MRK_9168,STU_10573,SE301,4,Final_Exam,13.2,30
MRK_9169,STU_10574,CS101,3,Quiz_1,20.0,20
MRK_9170,STU_10574,CS101,3,Midterm_Exam,22.0,30
MRK_9171,STU_10574,CS101,3,Assignment_1,14.9,20
MRK_9172,STU_10574,CS101,3,Final_Exam,29.0,30
MRK_9173,STU_10574,DS201,4,Quiz_1,18.2,20
MRK_9174,STU_10574,DS201,4,Midterm_Exam,18.0,30
MRK_9175,STU_10574,DS201,4,Assignment_1,19.7,20
MRK_9176,STU_10574,DS201,4,Final_Exam,30.0,30
MRK_9177,STU_10574,MA102,1,Quiz_1,9.3,20
MRK_9178,STU_10574,MA102,1,Midterm_Exam,30.0,30
MRK_9179,STU_10574,MA102,1,Assignment_1,18.5,20
MRK_9180,STU_10574,MA102,1,Final_Exam,25.9,30
MRK_9181,STU_10574,SE301,3,Quiz_1,19.3,20
MRK_9182,STU_10574,SE301,3,Midterm_Exam,30.0,30
MRK_9183,STU_10574,SE301,3,Assignment_1,15.9,20
MRK_9184,STU_10574,SE301,3,Final_Exam,26.8,30
MRK_9185,STU_10575,CS101,3,Quiz_1,20.0,20
MRK_9186,STU_10575,CS101,3,Midterm_Exam,12.1,30
MRK_9187,STU_10575,CS101,3,Assignment_1,17.0,20
MRK_9188,STU_10575,CS101,3,Final_Exam,20.0,30
MRK_9189,STU_10575,DS201,3,Quiz_1,11.7,20
MRK_9190,STU_10575,DS201,3,Midterm_Exam,30.0,30
MRK_9191,STU_10575,DS201,3,Assignment_1,17.3,20
MRK_9192,STU_10575,DS201,3,Final_Exam,26.0,30
MRK_9193,STU_10575,MA102,3,Quiz_1,16.3,20
MRK_9194,STU_10575,MA102,3,Midterm_Exam,14.8,30
MRK_9195,STU_10575,MA102,3,Assignment_1,17.5,20
MRK_9196,STU_10575,MA102,3,Final_Exam,21.3,30
MRK_9197,STU_10575,SE301,1,Quiz_1,7.6,20
MRK_9198,STU_10575,SE301,1,Midterm_Exam,30.0,30
MRK_9199,STU_10575,SE301,1,Assignment_1,15.9,20
MRK_9200,STU_10575,SE301,1,Final_Exam,29.8,30
MRK_9201,STU_10576,CS101,2,Quiz_1,16.1,20
MRK_9202,STU_10576,CS101,2,Midterm_Exam,23.6,30
MRK_9203,STU_10576,CS101,2,Assignment_1,19.9,20
MRK_9204,STU_10576,CS101,2,Final_Exam,30.0,30
MRK_9205,STU_10576,DS201,4,Quiz_1,12.2,20
MRK_9206,STU_10576,DS201,4,Midterm_Exam,19.4,30
MRK_9207,STU_10576,DS201,4,Assignment_1,17.7,20
MRK_9208,STU_10576,DS201,4,Final_Exam,30.0,30
MRK_9209,STU_10576,MA102,2,Quiz_1,19.2,20
MRK_9210,STU_10576,MA102,2,Midterm_Exam,30.0,30
MRK_9211,STU_10576,MA102,2,Assignment_1,17.1,20
MRK_9212,STU_10576,MA102,2,Final_Exam,29.9,30
MRK_9213,STU_10576,SE301,4,Quiz_1,15.2,20
MRK_9214,STU_10576,SE301,4,Midterm_Exam,24.5,30
MRK_9215,STU_10576,SE301,4,Assignment_1,11.7,20
MRK_9216,STU_10576,SE301,4,Final_Exam,22.1,30
MRK_9217,STU_10577,CS101,2,Quiz_1,15.8,20
MRK_9218,STU_10577,CS101,2,Midterm_Exam,0.0,30
MRK_9219,STU_10577,CS101,2,Assignment_1,5.9,20
MRK_9220,STU_10577,CS101,2,Final_Exam,17.8,30
MRK_9221,STU_10577,DS201,4,Quiz_1,10.4,20
MRK_9222,STU_10577,DS201,4,Midterm_Exam,13.4,30
MRK_9223,STU_10577,DS201,4,Assignment_1,8.1,20
MRK_9224,STU_10577,DS201,4,Final_Exam,5.3,30
MRK_9225,STU_10577,MA102,1,Quiz_1,7.1,20
MRK_9226,STU_10577,MA102,1,Midterm_Exam,9.3,30
MRK_9227,STU_10577,MA102,1,Assignment_1,5.4,20
MRK_9228,STU_10577,MA102,1,Final_Exam,17.0,30
MRK_9229,STU_10577,SE301,3,Quiz_1,11.1,20
MRK_9230,STU_10577,SE301,3,Midterm_Exam,11.9,30
MRK_9231,STU_10577,SE301,3,Assignment_1,7.0,20
MRK_9232,STU_10577,SE301,3,Final_Exam,9.3,30
MRK_9233,STU_10578,CS101,1,Quiz_1,19.4,20
MRK_9234,STU_10578,CS101,1,Midterm_Exam,19.0,30
MRK_9235,STU_10578,CS101,1,Assignment_1,17.3,20
MRK_9236,STU_10578,CS101,1,Final_Exam,25.6,30
MRK_9237,STU_10578,DS201,1,Quiz_1,9.3,20
MRK_9238,STU_10578,DS201,1,Midterm_Exam,30.0,30
MRK_9239,STU_10578,DS201,1,Assignment_1,16.3,20
MRK_9240,STU_10578,DS201,1,Final_Exam,24.8,30
MRK_9241,STU_10578,MA102,1,Quiz_1,20.0,20
MRK_9242,STU_10578,MA102,1,Midterm_Exam,30.0,30
MRK_9243,STU_10578,MA102,1,Assignment_1,17.8,20
MRK_9244,STU_10578,MA102,1,Final_Exam,23.8,30
MRK_9245,STU_10578,SE301,2,Quiz_1,15.0,20
MRK_9246,STU_10578,SE301,2,Midterm_Exam,25.3,30
MRK_9247,STU_10578,SE301,2,Assignment_1,14.9,20
MRK_9248,STU_10578,SE301,2,Final_Exam,18.7,30
MRK_9249,STU_10579,CS101,4,Quiz_1,15.5,20
MRK_9250,STU_10579,CS101,4,Midterm_Exam,22.2,30
MRK_9251,STU_10579,CS101,4,Assignment_1,18.1,20
MRK_9252,STU_10579,CS101,4,Final_Exam,17.2,30
MRK_9253,STU_10579,DS201,4,Quiz_1,6.7,20
MRK_9254,STU_10579,DS201,4,Midterm_Exam,26.5,30
MRK_9255,STU_10579,DS201,4,Assignment_1,19.6,20
MRK_9256,STU_10579,DS201,4,Final_Exam,19.8,30
MRK_9257,STU_10579,MA102,4,Quiz_1,13.4,20
MRK_9258,STU_10579,MA102,4,Midterm_Exam,23.7,30
MRK_9259,STU_10579,MA102,4,Assignment_1,15.2,20
MRK_9260,STU_10579,MA102,4,Final_Exam,23.6,30
MRK_9261,STU_10579,SE301,4,Quiz_1,17.9,20
MRK_9262,STU_10579,SE301,4,Midterm_Exam,14.9,30
MRK_9263,STU_10579,SE301,4,Assignment_1,20.0,20
MRK_9264,STU_10579,SE301,4,Final_Exam,23.9,30
MRK_9265,STU_10580,CS101,3,Quiz_1,12.3,20
MRK_9266,STU_10580,CS101,3,Midterm_Exam,22.4,30
MRK_9267,STU_10580,CS101,3,Assignment_1,13.3,20
MRK_9268,STU_10580,CS101,3,Final_Exam,27.3,30
MRK_9269,STU_10580,DS201,3,Quiz_1,5.1,20
MRK_9270,STU_10580,DS201,3,Midterm_Exam,30.0,30
MRK_9271,STU_10580,DS201,3,Assignment_1,13.5,20
MRK_9272,STU_10580,DS201,3,Final_Exam,25.5,30
MRK_9273,STU_10580,MA102,1,Quiz_1,14.3,20
MRK_9274,STU_10580,MA102,1,Midterm_Exam,29.6,30
MRK_9275,STU_10580,MA102,1,Assignment_1,12.4,20
MRK_9276,STU_10580,MA102,1,Final_Exam,24.0,30
MRK_9277,STU_10580,SE301,3,Quiz_1,16.2,20
MRK_9278,STU_10580,SE301,3,Midterm_Exam,27.4,30
MRK_9279,STU_10580,SE301,3,Assignment_1,16.8,20
MRK_9280,STU_10580,SE301,3,Final_Exam,30.0,30
MRK_9281,STU_10581,CS101,4,Quiz_1,8.8,20
MRK_9282,STU_10581,CS101,4,Midterm_Exam,22.9,30
MRK_9283,STU_10581,CS101,4,Assignment_1,10.3,20
MRK_9284,STU_10581,CS101,4,Final_Exam,10.2,30
MRK_9285,STU_10581,DS201,4,Quiz_1,13.5,20
MRK_9286,STU_10581,DS201,4,Midterm_Exam,12.1,30
MRK_9287,STU_10581,DS201,4,Assignment_1,7.8,20
MRK_9288,STU_10581,DS201,4,Final_Exam,4.1,30
MRK_9289,STU_10581,MA102,2,Quiz_1,5.7,20
MRK_9290,STU_10581,MA102,2,Midterm_Exam,15.0,30
MRK_9291,STU_10581,MA102,2,Assignment_1,10.6,20
MRK_9292,STU_10581,MA102,2,Final_Exam,11.9,30
MRK_9293,STU_10581,SE301,2,Quiz_1,11.2,20
MRK_9294,STU_10581,SE301,2,Midterm_Exam,12.6,30
MRK_9295,STU_10581,SE301,2,Assignment_1,9.4,20
MRK_9296,STU_10581,SE301,2,Final_Exam,11.8,30
MRK_9297,STU_10582,CS101,3,Quiz_1,18.7,20
MRK_9298,STU_10582,CS101,3,Midterm_Exam,29.2,30
MRK_9299,STU_10582,CS101,3,Assignment_1,17.4,20
MRK_9300,STU_10582,CS101,3,Final_Exam,27.3,30
MRK_9301,STU_10582,DS201,1,Quiz_1,12.0,20
MRK_9302,STU_10582,DS201,1,Midterm_Exam,14.7,30
MRK_9303,STU_10582,DS201,1,Assignment_1,19.2,20
MRK_9304,STU_10582,DS201,1,Final_Exam,24.4,30
MRK_9305,STU_10582,MA102,2,Quiz_1,15.1,20
MRK_9306,STU_10582,MA102,2,Midterm_Exam,20.4,30
MRK_9307,STU_10582,MA102,2,Assignment_1,17.3,20
MRK_9308,STU_10582,MA102,2,Final_Exam,22.8,30
MRK_9309,STU_10582,SE301,2,Quiz_1,10.7,20
MRK_9310,STU_10582,SE301,2,Midterm_Exam,30.0,30
MRK_9311,STU_10582,SE301,2,Assignment_1,20.0,20
MRK_9312,STU_10582,SE301,2,Final_Exam,24.5,30
MRK_9313,STU_10583,CS101,4,Quiz_1,16.9,20
MRK_9314,STU_10583,CS101,4,Midterm_Exam,11.7,30
MRK_9315,STU_10583,CS101,4,Assignment_1,17.1,20
MRK_9316,STU_10583,CS101,4,Final_Exam,26.8,30
MRK_9317,STU_10583,DS201,1,Quiz_1,16.2,20
MRK_9318,STU_10583,DS201,1,Midterm_Exam,16.2,30
MRK_9319,STU_10583,DS201,1,Assignment_1,18.0,20
MRK_9320,STU_10583,DS201,1,Final_Exam,15.6,30
MRK_9321,STU_10583,MA102,1,Quiz_1,20.0,20
MRK_9322,STU_10583,MA102,1,Midterm_Exam,20.5,30
MRK_9323,STU_10583,MA102,1,Assignment_1,12.7,20
MRK_9324,STU_10583,MA102,1,Final_Exam,24.5,30
MRK_9325,STU_10583,SE301,3,Quiz_1,18.9,20
MRK_9326,STU_10583,SE301,3,Midterm_Exam,25.0,30
MRK_9327,STU_10583,SE301,3,Assignment_1,18.4,20
MRK_9328,STU_10583,SE301,3,Final_Exam,22.2,30
MRK_9329,STU_10584,CS101,1,Quiz_1,20.0,20
MRK_9330,STU_10584,CS101,1,Midterm_Exam,18.4,30
MRK_9331,STU_10584,CS101,1,Assignment_1,13.0,20
MRK_9332,STU_10584,CS101,1,Final_Exam,22.9,30
MRK_9333,STU_10584,DS201,2,Quiz_1,15.1,20
MRK_9334,STU_10584,DS201,2,Midterm_Exam,30.0,30
MRK_9335,STU_10584,DS201,2,Assignment_1,20.0,20
MRK_9336,STU_10584,DS201,2,Final_Exam,21.7,30
MRK_9337,STU_10584,MA102,4,Quiz_1,15.0,20
MRK_9338,STU_10584,MA102,4,Midterm_Exam,18.7,30
MRK_9339,STU_10584,MA102,4,Assignment_1,13.2,20
MRK_9340,STU_10584,MA102,4,Final_Exam,22.9,30
MRK_9341,STU_10584,SE301,1,Quiz_1,19.0,20
MRK_9342,STU_10584,SE301,1,Midterm_Exam,27.0,30
MRK_9343,STU_10584,SE301,1,Assignment_1,16.1,20
MRK_9344,STU_10584,SE301,1,Final_Exam,21.2,30
MRK_9345,STU_10585,CS101,2,Quiz_1,9.6,20
MRK_9346,STU_10585,CS101,2,Midterm_Exam,9.9,30
MRK_9347,STU_10585,CS101,2,Assignment_1,7.2,20
MRK_9348,STU_10585,CS101,2,Final_Exam,6.1,30
MRK_9349,STU_10585,DS201,3,Quiz_1,4.9,20
MRK_9350,STU_10585,DS201,3,Midterm_Exam,16.7,30
MRK_9351,STU_10585,DS201,3,Assignment_1,5.8,20
MRK_9352,STU_10585,DS201,3,Final_Exam,3.6,30
MRK_9353,STU_10585,MA102,1,Quiz_1,14.2,20
MRK_9354,STU_10585,MA102,1,Midterm_Exam,3.9,30
MRK_9355,STU_10585,MA102,1,Assignment_1,8.1,20
MRK_9356,STU_10585,MA102,1,Final_Exam,3.4,30
MRK_9357,STU_10585,SE301,4,Quiz_1,9.3,20
MRK_9358,STU_10585,SE301,4,Midterm_Exam,1.2,30
MRK_9359,STU_10585,SE301,4,Assignment_1,8.3,20
MRK_9360,STU_10585,SE301,4,Final_Exam,4.4,30
MRK_9361,STU_10586,CS101,4,Quiz_1,15.5,20
MRK_9362,STU_10586,CS101,4,Midterm_Exam,29.1,30
MRK_9363,STU_10586,CS101,4,Assignment_1,15.4,20
MRK_9364,STU_10586,CS101,4,Final_Exam,13.2,30
MRK_9365,STU_10586,DS201,2,Quiz_1,20.0,20
MRK_9366,STU_10586,DS201,2,Midterm_Exam,25.5,30
MRK_9367,STU_10586,DS201,2,Assignment_1,13.7,20
MRK_9368,STU_10586,DS201,2,Final_Exam,25.4,30
MRK_9369,STU_10586,MA102,1,Quiz_1,19.6,20
MRK_9370,STU_10586,MA102,1,Midterm_Exam,30.0,30
MRK_9371,STU_10586,MA102,1,Assignment_1,16.5,20
MRK_9372,STU_10586,MA102,1,Final_Exam,30.0,30
MRK_9373,STU_10586,SE301,3,Quiz_1,14.9,20
MRK_9374,STU_10586,SE301,3,Midterm_Exam,11.5,30
MRK_9375,STU_10586,SE301,3,Assignment_1,14.1,20
MRK_9376,STU_10586,SE301,3,Final_Exam,30.0,30
MRK_9377,STU_10587,CS101,1,Quiz_1,18.7,20
MRK_9378,STU_10587,CS101,1,Midterm_Exam,29.7,30
MRK_9379,STU_10587,CS101,1,Assignment_1,20.0,20
MRK_9380,STU_10587,CS101,1,Final_Exam,26.9,30
MRK_9381,STU_10587,DS201,4,Quiz_1,14.9,20
MRK_9382,STU_10587,DS201,4,Midterm_Exam,25.1,30
MRK_9383,STU_10587,DS201,4,Assignment_1,20.0,20
MRK_9384,STU_10587,DS201,4,Final_Exam,23.5,30
MRK_9385,STU_10587,MA102,2,Quiz_1,12.9,20
MRK_9386,STU_10587,MA102,2,Midterm_Exam,24.1,30
MRK_9387,STU_10587,MA102,2,Assignment_1,19.5,20
MRK_9388,STU_10587,MA102,2,Final_Exam,21.5,30
MRK_9389,STU_10587,SE301,1,Quiz_1,18.4,20
MRK_9390,STU_10587,SE301,1,Midterm_Exam,17.0,30
MRK_9391,STU_10587,SE301,1,Assignment_1,17.3,20
MRK_9392,STU_10587,SE301,1,Final_Exam,19.7,30
MRK_9393,STU_10588,CS101,3,Quiz_1,13.1,20
MRK_9394,STU_10588,CS101,3,Midterm_Exam,29.0,30
MRK_9395,STU_10588,CS101,3,Assignment_1,15.0,20
MRK_9396,STU_10588,CS101,3,Final_Exam,26.5,30
MRK_9397,STU_10588,DS201,2,Quiz_1,19.0,20
MRK_9398,STU_10588,DS201,2,Midterm_Exam,20.5,30
MRK_9399,STU_10588,DS201,2,Assignment_1,14.5,20
MRK_9400,STU_10588,DS201,2,Final_Exam,26.8,30
MRK_9401,STU_10588,MA102,3,Quiz_1,13.2,20
MRK_9402,STU_10588,MA102,3,Midterm_Exam,30.0,30
MRK_9403,STU_10588,MA102,3,Assignment_1,20.0,20
MRK_9404,STU_10588,MA102,3,Final_Exam,21.1,30
MRK_9405,STU_10588,SE301,4,Quiz_1,19.7,20
MRK_9406,STU_10588,SE301,4,Midterm_Exam,19.4,30
MRK_9407,STU_10588,SE301,4,Assignment_1,20.0,20
MRK_9408,STU_10588,SE301,4,Final_Exam,30.0,30
MRK_9409,STU_10589,CS101,1,Quiz_1,11.7,20
MRK_9410,STU_10589,CS101,1,Midterm_Exam,13.3,30
MRK_9411,STU_10589,CS101,1,Assignment_1,11.4,20
MRK_9412,STU_10589,CS101,1,Final_Exam,4.6,30
MRK_9413,STU_10589,DS201,3,Quiz_1,9.2,20
MRK_9414,STU_10589,DS201,3,Midterm_Exam,11.3,30
MRK_9415,STU_10589,DS201,3,Assignment_1,8.7,20
MRK_9416,STU_10589,DS201,3,Final_Exam,10.1,30
MRK_9417,STU_10589,MA102,3,Quiz_1,10.6,20
MRK_9418,STU_10589,MA102,3,Midterm_Exam,23.9,30
MRK_9419,STU_10589,MA102,3,Assignment_1,9.9,20
MRK_9420,STU_10589,MA102,3,Final_Exam,16.3,30
MRK_9421,STU_10589,SE301,4,Quiz_1,10.9,20
MRK_9422,STU_10589,SE301,4,Midterm_Exam,6.7,30
MRK_9423,STU_10589,SE301,4,Assignment_1,12.4,20
MRK_9424,STU_10589,SE301,4,Final_Exam,7.1,30
MRK_9425,STU_10590,CS101,2,Quiz_1,16.8,20
MRK_9426,STU_10590,CS101,2,Midterm_Exam,30.0,30
MRK_9427,STU_10590,CS101,2,Assignment_1,18.0,20
MRK_9428,STU_10590,CS101,2,Final_Exam,21.2,30
MRK_9429,STU_10590,DS201,2,Quiz_1,13.2,20
MRK_9430,STU_10590,DS201,2,Midterm_Exam,22.4,30
MRK_9431,STU_10590,DS201,2,Assignment_1,18.3,20
MRK_9432,STU_10590,DS201,2,Final_Exam,23.5,30
MRK_9433,STU_10590,MA102,2,Quiz_1,15.4,20
MRK_9434,STU_10590,MA102,2,Midterm_Exam,23.7,30
MRK_9435,STU_10590,MA102,2,Assignment_1,17.0,20
MRK_9436,STU_10590,MA102,2,Final_Exam,23.2,30
MRK_9437,STU_10590,SE301,4,Quiz_1,17.5,20
MRK_9438,STU_10590,SE301,4,Midterm_Exam,30.0,30
MRK_9439,STU_10590,SE301,4,Assignment_1,20.0,20
MRK_9440,STU_10590,SE301,4,Final_Exam,29.1,30
MRK_9441,STU_10591,CS101,1,Quiz_1,11.3,20
MRK_9442,STU_10591,CS101,1,Midterm_Exam,21.9,30
MRK_9443,STU_10591,CS101,1,Assignment_1,15.1,20
MRK_9444,STU_10591,CS101,1,Final_Exam,23.0,30
MRK_9445,STU_10591,DS201,2,Quiz_1,10.6,20
MRK_9446,STU_10591,DS201,2,Midterm_Exam,19.3,30
MRK_9447,STU_10591,DS201,2,Assignment_1,19.5,20
MRK_9448,STU_10591,DS201,2,Final_Exam,23.0,30
MRK_9449,STU_10591,MA102,3,Quiz_1,18.0,20
MRK_9450,STU_10591,MA102,3,Midterm_Exam,30.0,30
MRK_9451,STU_10591,MA102,3,Assignment_1,20.0,20
MRK_9452,STU_10591,MA102,3,Final_Exam,22.9,30
MRK_9453,STU_10591,SE301,1,Quiz_1,19.4,20
MRK_9454,STU_10591,SE301,1,Midterm_Exam,29.7,30
MRK_9455,STU_10591,SE301,1,Assignment_1,19.0,20
MRK_9456,STU_10591,SE301,1,Final_Exam,26.2,30
MRK_9457,STU_10592,CS101,3,Quiz_1,16.2,20
MRK_9458,STU_10592,CS101,3,Midterm_Exam,11.9,30
MRK_9459,STU_10592,CS101,3,Assignment_1,13.5,20
MRK_9460,STU_10592,CS101,3,Final_Exam,23.0,30
MRK_9461,STU_10592,DS201,1,Quiz_1,15.9,20
MRK_9462,STU_10592,DS201,1,Midterm_Exam,30.0,30
MRK_9463,STU_10592,DS201,1,Assignment_1,18.3,20
MRK_9464,STU_10592,DS201,1,Final_Exam,24.5,30
MRK_9465,STU_10592,MA102,2,Quiz_1,17.9,20
MRK_9466,STU_10592,MA102,2,Midterm_Exam,17.0,30
MRK_9467,STU_10592,MA102,2,Assignment_1,15.5,20
MRK_9468,STU_10592,MA102,2,Final_Exam,25.6,30
MRK_9469,STU_10592,SE301,2,Quiz_1,13.6,20
MRK_9470,STU_10592,SE301,2,Midterm_Exam,30.0,30
MRK_9471,STU_10592,SE301,2,Assignment_1,15.0,20
MRK_9472,STU_10592,SE301,2,Final_Exam,30.0,30
MRK_9473,STU_10593,CS101,2,Quiz_1,9.1,20
MRK_9474,STU_10593,CS101,2,Midterm_Exam,16.2,30
MRK_9475,STU_10593,CS101,2,Assignment_1,8.3,20
MRK_9476,STU_10593,CS101,2,Final_Exam,18.4,30
MRK_9477,STU_10593,DS201,2,Quiz_1,12.8,20
MRK_9478,STU_10593,DS201,2,Midterm_Exam,9.4,30
MRK_9479,STU_10593,DS201,2,Assignment_1,7.4,20
MRK_9480,STU_10593,DS201,2,Final_Exam,8.6,30
MRK_9481,STU_10593,MA102,2,Quiz_1,9.5,20
MRK_9482,STU_10593,MA102,2,Midterm_Exam,20.8,30
MRK_9483,STU_10593,MA102,2,Assignment_1,4.6,20
MRK_9484,STU_10593,MA102,2,Final_Exam,11.6,30
MRK_9485,STU_10593,SE301,2,Quiz_1,5.7,20
MRK_9486,STU_10593,SE301,2,Midterm_Exam,18.5,30
MRK_9487,STU_10593,SE301,2,Assignment_1,6.0,20
MRK_9488,STU_10593,SE301,2,Final_Exam,20.6,30
MRK_9489,STU_10594,CS101,2,Quiz_1,10.3,20
MRK_9490,STU_10594,CS101,2,Midterm_Exam,16.6,30
MRK_9491,STU_10594,CS101,2,Assignment_1,13.8,20
MRK_9492,STU_10594,CS101,2,Final_Exam,21.8,30
MRK_9493,STU_10594,DS201,3,Quiz_1,11.7,20
MRK_9494,STU_10594,DS201,3,Midterm_Exam,21.0,30
MRK_9495,STU_10594,DS201,3,Assignment_1,16.3,20
MRK_9496,STU_10594,DS201,3,Final_Exam,30.0,30
MRK_9497,STU_10594,MA102,1,Quiz_1,13.5,20
MRK_9498,STU_10594,MA102,1,Midterm_Exam,30.0,30
MRK_9499,STU_10594,MA102,1,Assignment_1,19.5,20
MRK_9500,STU_10594,MA102,1,Final_Exam,26.9,30
MRK_9501,STU_10594,SE301,4,Quiz_1,15.5,20
MRK_9502,STU_10594,SE301,4,Midterm_Exam,29.0,30
MRK_9503,STU_10594,SE301,4,Assignment_1,20.0,20
MRK_9504,STU_10594,SE301,4,Final_Exam,16.5,30
MRK_9505,STU_10595,CS101,4,Quiz_1,16.3,20
MRK_9506,STU_10595,CS101,4,Midterm_Exam,25.6,30
MRK_9507,STU_10595,CS101,4,Assignment_1,17.2,20
MRK_9508,STU_10595,CS101,4,Final_Exam,29.2,30
MRK_9509,STU_10595,DS201,1,Quiz_1,15.2,20
MRK_9510,STU_10595,DS201,1,Midterm_Exam,30.0,30
MRK_9511,STU_10595,DS201,1,Assignment_1,20.0,20
MRK_9512,STU_10595,DS201,1,Final_Exam,28.5,30
MRK_9513,STU_10595,MA102,1,Quiz_1,20.0,20
MRK_9514,STU_10595,MA102,1,Midterm_Exam,21.3,30
MRK_9515,STU_10595,MA102,1,Assignment_1,9.3,20
MRK_9516,STU_10595,MA102,1,Final_Exam,21.6,30
MRK_9517,STU_10595,SE301,1,Quiz_1,11.6,20
MRK_9518,STU_10595,SE301,1,Midterm_Exam,18.9,30
MRK_9519,STU_10595,SE301,1,Assignment_1,19.0,20
MRK_9520,STU_10595,SE301,1,Final_Exam,22.7,30
MRK_9521,STU_10596,CS101,4,Quiz_1,17.3,20
MRK_9522,STU_10596,CS101,4,Midterm_Exam,30.0,30
MRK_9523,STU_10596,CS101,4,Assignment_1,12.0,20
MRK_9524,STU_10596,CS101,4,Final_Exam,27.4,30
MRK_9525,STU_10596,DS201,2,Quiz_1,6.8,20
MRK_9526,STU_10596,DS201,2,Midterm_Exam,23.1,30
MRK_9527,STU_10596,DS201,2,Assignment_1,18.0,20
MRK_9528,STU_10596,DS201,2,Final_Exam,16.4,30
MRK_9529,STU_10596,MA102,1,Quiz_1,16.0,20
MRK_9530,STU_10596,MA102,1,Midterm_Exam,24.8,30
MRK_9531,STU_10596,MA102,1,Assignment_1,20.0,20
MRK_9532,STU_10596,MA102,1,Final_Exam,24.7,30
MRK_9533,STU_10596,SE301,1,Quiz_1,20.0,20
MRK_9534,STU_10596,SE301,1,Midterm_Exam,20.0,30
MRK_9535,STU_10596,SE301,1,Assignment_1,15.8,20
MRK_9536,STU_10596,SE301,1,Final_Exam,23.8,30
MRK_9537,STU_10597,CS101,4,Quiz_1,4.3,20
MRK_9538,STU_10597,CS101,4,Midterm_Exam,8.2,30
MRK_9539,STU_10597,CS101,4,Assignment_1,9.7,20
MRK_9540,STU_10597,CS101,4,Final_Exam,5.6,30
MRK_9541,STU_10597,DS201,4,Quiz_1,8.2,20
MRK_9542,STU_10597,DS201,4,Midterm_Exam,13.2,30
MRK_9543,STU_10597,DS201,4,Assignment_1,10.8,20
MRK_9544,STU_10597,DS201,4,Final_Exam,12.0,30
MRK_9545,STU_10597,MA102,1,Quiz_1,17.7,20
MRK_9546,STU_10597,MA102,1,Midterm_Exam,10.0,30
MRK_9547,STU_10597,MA102,1,Assignment_1,12.0,20
MRK_9548,STU_10597,MA102,1,Final_Exam,19.7,30
MRK_9549,STU_10597,SE301,3,Quiz_1,4.7,20
MRK_9550,STU_10597,SE301,3,Midterm_Exam,17.4,30
MRK_9551,STU_10597,SE301,3,Assignment_1,12.5,20
MRK_9552,STU_10597,SE301,3,Final_Exam,13.8,30
MRK_9553,STU_10598,CS101,2,Quiz_1,17.3,20
MRK_9554,STU_10598,CS101,2,Midterm_Exam,26.6,30
MRK_9555,STU_10598,CS101,2,Assignment_1,20.0,20
MRK_9556,STU_10598,CS101,2,Final_Exam,30.0,30
MRK_9557,STU_10598,DS201,4,Quiz_1,9.4,20
MRK_9558,STU_10598,DS201,4,Midterm_Exam,15.2,30
MRK_9559,STU_10598,DS201,4,Assignment_1,19.8,20
MRK_9560,STU_10598,DS201,4,Final_Exam,27.1,30
MRK_9561,STU_10598,MA102,1,Quiz_1,16.5,20
MRK_9562,STU_10598,MA102,1,Midterm_Exam,23.3,30
MRK_9563,STU_10598,MA102,1,Assignment_1,17.3,20
MRK_9564,STU_10598,MA102,1,Final_Exam,23.0,30
MRK_9565,STU_10598,SE301,3,Quiz_1,20.0,20
MRK_9566,STU_10598,SE301,3,Midterm_Exam,23.3,30
MRK_9567,STU_10598,SE301,3,Assignment_1,17.1,20
MRK_9568,STU_10598,SE301,3,Final_Exam,22.9,30
MRK_9569,STU_10599,CS101,4,Quiz_1,9.8,20
MRK_9570,STU_10599,CS101,4,Midterm_Exam,20.5,30
MRK_9571,STU_10599,CS101,4,Assignment_1,20.0,20
MRK_9572,STU_10599,CS101,4,Final_Exam,23.0,30
MRK_9573,STU_10599,DS201,3,Quiz_1,15.1,20
MRK_9574,STU_10599,DS201,3,Midterm_Exam,20.1,30
MRK_9575,STU_10599,DS201,3,Assignment_1,11.0,20
MRK_9576,STU_10599,DS201,3,Final_Exam,30.0,30
MRK_9577,STU_10599,MA102,1,Quiz_1,8.5,20
MRK_9578,STU_10599,MA102,1,Midterm_Exam,12.6,30
MRK_9579,STU_10599,MA102,1,Assignment_1,14.2,20
MRK_9580,STU_10599,MA102,1,Final_Exam,30.0,30
MRK_9581,STU_10599,SE301,3,Quiz_1,18.8,20
MRK_9582,STU_10599,SE301,3,Midterm_Exam,24.2,30
MRK_9583,STU_10599,SE301,3,Assignment_1,14.5,20
MRK_9584,STU_10599,SE301,3,Final_Exam,25.1,30
MRK_9585,STU_10600,CS101,2,Quiz_1,20.0,20
MRK_9586,STU_10600,CS101,2,Midterm_Exam,18.8,30
MRK_9587,STU_10600,CS101,2,Assignment_1,17.7,20
MRK_9588,STU_10600,CS101,2,Final_Exam,21.8,30
MRK_9589,STU_10600,DS201,1,Quiz_1,16.5,20
MRK_9590,STU_10600,DS201,1,Midterm_Exam,17.3,30
MRK_9591,STU_10600,DS201,1,Assignment_1,12.3,20
MRK_9592,STU_10600,DS201,1,Final_Exam,17.5,30
MRK_9593,STU_10600,MA102,2,Quiz_1,15.5,20
MRK_9594,STU_10600,MA102,2,Midterm_Exam,30.0,30
MRK_9595,STU_10600,MA102,2,Assignment_1,18.9,20
MRK_9596,STU_10600,MA102,2,Final_Exam,26.5,30
MRK_9597,STU_10600,SE301,1,Quiz_1,20.0,20
MRK_9598,STU_10600,SE301,1,Midterm_Exam,10.8,30
MRK_9599,STU_10600,SE301,1,Assignment_1,18.6,20
MRK_9600,STU_10600,SE301,1,Final_Exam,29.8,30
